Year,Week,Team,Opponent,Sportsbook_Win_Pct,Estimated_Pick_Pct,Estimated_EV,Is_Upcoming_Week
2025,9,GB,CAR,0.8721,0.2971731229178333,2.9346530111376548,False
2025,9,LA,NO,0.887,0.2163796000438874,4.099277380215572,False
2025,9,LAC,TEN,0.8316,0.12680215025027688,6.558248407922279,False
2025,9,DET,MIN,0.8119,0.11839665570174236,6.857457207619858,False
2025,9,BAL,MIA,0.7867,0.07067350063128912,11.131470678158342,False
2025,9,NE,ATL,0.6854,0.03106385220538057,22.064230652027177,False
2025,9,CHI,CIN,0.5934,0.01896395932309014,31.29093402333383,False
2025,9,DAL,ARI,0.6092,0.012873910519157938,47.320509109756244,False
2025,9,SF,NYG,0.5721,0.010222168959190363,55.966595962557115,False
2025,9,HOU,DEN,0.5325,0.008556468668211593,62.233617704732275,False
2025,9,PIT,IND,0.5495,0.007909546566921825,69.47300902153358,False
2025,9,JAC,LV,0.5427,0.0073377742740402705,73.95975669624715,False
2025,9,LV,JAC,0.4573,0.006762204719679004,67.6258733589047,False
2025,9,CAR,GB,0.1279,0.0066772662531204745,19.154545460910555,False
2025,9,MIN,DET,0.1881,0.0061128758220320555,30.771114198336747,False
2025,9,MIA,BAL,0.2133,0.005644610037704963,37.78826146982608,False
2025,9,SEA,WAS,0.5721,0.0054212535969794095,105.52909760922459,False
2025,9,WAS,SEA,0.4279,0.00540475013726776,79.1710974850568,False
2025,9,KC,BUF,0.5514,0.0050581123967891415,109.01299867318593,False
2025,9,NYG,SF,0.4279,0.005018761734593167,85.26007462171077,False
2025,9,ATL,NE,0.3146,0.004875003146187805,64.53329168536301,False
2025,9,CIN,CHI,0.4066,0.004520772462898199,89.94038150270781,False
2025,9,TEN,LAC,0.1684,0.004165550792854309,40.42682669693468,False
2025,9,NO,LA,0.113,0.0033249983871482124,33.98497889104781,False
2025,9,IND,PIT,0.4505,0.0029705067423435225,151.65762581120651,False
2025,9,ARI,DAL,0.3908,0.0027107328930414173,144.16765333213115,False
2025,9,DEN,HOU,0.4675,0.0026628518986129474,175.5636504769627,False
2025,9,BUF,KC,0.4486,0.002317038917725867,193.60917788998253,False
