Year,Week,EntryName,Primary_Archetype_AsOf,Picks_Used_So_Far,Team,Estimated_Pick_Pct,Entry_Alive_Prob_Entering_Week,Is_Upcoming_Week
2022,16,@PARLAY G-3,Sprinter,15,NO,0.314900984351058,1.0,True
2022,16,@PARLAY G-3,Sprinter,15,MIN,0.12489241386625144,1.0,True
2022,16,@PARLAY G-3,Sprinter,15,WAS,0.10651311570448874,1.0,True
2022,16,@PARLAY G-3,Sprinter,15,NYG,0.07063653733927329,1.0,True
2022,16,@PARLAY G-3,Sprinter,15,LV,0.07028403588140995,1.0,True
2022,16,@PARLAY G-3,Sprinter,15,LAC,0.06416667278407172,1.0,True
2022,16,@PARLAY G-3,Sprinter,15,CAR,0.05705942037777636,1.0,True
2022,16,@PARLAY G-3,Sprinter,15,ATL,0.03326592020783103,1.0,True
2022,16,@PARLAY G-3,Sprinter,15,DET,0.02822165460186937,1.0,True
2022,16,@PARLAY G-3,Sprinter,15,ARI,0.022610142649702042,1.0,True
2022,16,@PARLAY G-3,Sprinter,15,NE,0.021594757221558458,1.0,True
2022,16,@PARLAY G-3,Sprinter,15,PIT,0.017974277577810886,1.0,True
2022,16,@PARLAY G-3,Sprinter,15,IND,0.017076314339218086,1.0,True
2022,16,@PARLAY G-3,Sprinter,15,TEN,0.013300712582785028,1.0,True
2022,16,@PARLAY G-3,Sprinter,15,JAC,0.012558632392651885,1.0,True
2022,16,@PARLAY G-3,Sprinter,15,CHI,0.012472204061121839,1.0,True
2022,16,@PARLAY G-3,Sprinter,15,HOU,0.012472204061121839,1.0,True
2022,16,BOOMSHAKALAKA-2,Sprinter,15,NO,0.36434025963910543,1.0,True
2022,16,BOOMSHAKALAKA-2,Sprinter,15,MIN,0.11377465896984454,1.0,True
2022,16,BOOMSHAKALAKA-2,Sprinter,15,WAS,0.11130616810082758,1.0,True
2022,16,BOOMSHAKALAKA-2,Sprinter,15,NYG,0.07318278487672572,1.0,True
2022,16,BOOMSHAKALAKA-2,Sprinter,15,CLE,0.06348473566820217,1.0,True
2022,16,BOOMSHAKALAKA-2,Sprinter,15,LAC,0.059456668411922244,1.0,True
2022,16,BOOMSHAKALAKA-2,Sprinter,15,CAR,0.052516788885061935,1.0,True
2022,16,BOOMSHAKALAKA-2,Sprinter,15,ATL,0.03717540159513108,1.0,True
2022,16,BOOMSHAKALAKA-2,Sprinter,15,ARI,0.019793569291544123,1.0,True
2022,16,BOOMSHAKALAKA-2,Sprinter,15,NE,0.018980969498003285,1.0,True
2022,16,BOOMSHAKALAKA-2,Sprinter,15,PIT,0.015059118302248936,1.0,True
2022,16,BOOMSHAKALAKA-2,Sprinter,15,IND,0.014919834411684138,1.0,True
2022,16,BOOMSHAKALAKA-2,Sprinter,15,TB,0.011621033986051754,1.0,True
2022,16,BOOMSHAKALAKA-2,Sprinter,15,TEN,0.011621033986051754,1.0,True
2022,16,BOOMSHAKALAKA-2,Sprinter,15,JAC,0.010972667287182205,1.0,True
2022,16,BOOMSHAKALAKA-2,Sprinter,15,CHI,0.010897153545206578,1.0,True
2022,16,BOOMSHAKALAKA-2,Sprinter,15,HOU,0.010897153545206578,1.0,True
2022,16,BOW TO THE MEOW-1,Sprinter,15,NO,0.46130022267040593,1.0,True
2022,16,BOW TO THE MEOW-1,Sprinter,15,WAS,0.14002537370925128,1.0,True
2022,16,BOW TO THE MEOW-1,Sprinter,15,LAC,0.06751552623366767,1.0,True
2022,16,BOW TO THE MEOW-1,Sprinter,15,CAR,0.05983082104510557,1.0,True
2022,16,BOW TO THE MEOW-1,Sprinter,15,NYJ,0.046084312306936964,1.0,True
2022,16,BOW TO THE MEOW-1,Sprinter,15,ATL,0.04134426963016071,1.0,True
2022,16,BOW TO THE MEOW-1,Sprinter,15,DET,0.02801477026249739,1.0,True
2022,16,BOW TO THE MEOW-1,Sprinter,15,ARI,0.025510349478483865,1.0,True
2022,16,BOW TO THE MEOW-1,Sprinter,15,NE,0.02171396688962691,1.0,True
2022,16,BOW TO THE MEOW-1,Sprinter,15,IND,0.016644457698649362,1.0,True
2022,16,BOW TO THE MEOW-1,Sprinter,15,PIT,0.016508620431462447,1.0,True
2022,16,BOW TO THE MEOW-1,Sprinter,15,TB,0.012996280101018198,1.0,True
2022,16,BOW TO THE MEOW-1,Sprinter,15,TEN,0.012996280101018198,1.0,True
2022,16,BOW TO THE MEOW-1,Sprinter,15,SEA,0.012870094793493629,1.0,True
2022,16,BOW TO THE MEOW-1,Sprinter,15,JAC,0.012271184964320812,1.0,True
2022,16,BOW TO THE MEOW-1,Sprinter,15,CHI,0.01218673484195053,1.0,True
2022,16,BOW TO THE MEOW-1,Sprinter,15,HOU,0.01218673484195053,1.0,True
2022,16,BROWNA-1,Sprinter,15,NO,0.3897782043234618,1.0,True
2022,16,BROWNA-1,Sprinter,15,WAS,0.1545931919045427,1.0,True
2022,16,BROWNA-1,Sprinter,15,NYG,0.08994878040052173,1.0,True
2022,16,BROWNA-1,Sprinter,15,LAC,0.06280123909701509,1.0,True
2022,16,BROWNA-1,Sprinter,15,CAR,0.052729695211405594,1.0,True
2022,16,BROWNA-1,Sprinter,15,NYJ,0.04585152567019903,1.0,True
2022,16,BROWNA-1,Sprinter,15,ATL,0.028341091535128364,1.0,True
2022,16,BROWNA-1,Sprinter,15,DET,0.028252658741963463,1.0,True
2022,16,BROWNA-1,Sprinter,15,ARI,0.026045359111062996,1.0,True
2022,16,BROWNA-1,Sprinter,15,NE,0.022994947983470564,1.0,True
2022,16,BROWNA-1,Sprinter,15,PIT,0.01730927296292576,1.0,True
2022,16,BROWNA-1,Sprinter,15,IND,0.017112757981998673,1.0,True
2022,16,BROWNA-1,Sprinter,15,TB,0.013329098474990178,1.0,True
2022,16,BROWNA-1,Sprinter,15,TEN,0.013329098474990178,1.0,True
2022,16,BROWNA-1,Sprinter,15,JAC,0.012585434564574862,1.0,True
2022,16,BROWNA-1,Sprinter,15,CHI,0.012498821780874528,1.0,True
2022,16,BROWNA-1,Sprinter,15,HOU,0.012498821780874528,1.0,True
2022,16,Bryan Truth-1,Sprinter,15,NO,0.3399982147086199,1.0,True
2022,16,Bryan Truth-1,Sprinter,15,WAS,0.12224984532864393,1.0,True
2022,16,Bryan Truth-1,Sprinter,15,CLE,0.11325091419712591,1.0,True
2022,16,Bryan Truth-1,Sprinter,15,LAC,0.09083599622851868,1.0,True
2022,16,Bryan Truth-1,Sprinter,15,CAR,0.07962540344817731,1.0,True
2022,16,Bryan Truth-1,Sprinter,15,NYJ,0.05862327390508546,1.0,True
2022,16,Bryan Truth-1,Sprinter,15,DET,0.027721096627056966,1.0,True
2022,16,Bryan Truth-1,Sprinter,15,ATL,0.027663279070794272,1.0,True
2022,16,Bryan Truth-1,Sprinter,15,ARI,0.02515692110024798,1.0,True
2022,16,Bryan Truth-1,Sprinter,15,NE,0.023447388205267157,1.0,True
2022,16,Bryan Truth-1,Sprinter,15,PIT,0.016380190030974687,1.0,True
2022,16,Bryan Truth-1,Sprinter,15,IND,0.0159489493735284,1.0,True
2022,16,Bryan Truth-1,Sprinter,15,TEN,0.01242260990285823,1.0,True
2022,16,Bryan Truth-1,Sprinter,15,JAC,0.011729521268600065,1.0,True
2022,16,Bryan Truth-1,Sprinter,15,CHI,0.011648798868167,1.0,True
2022,16,Bryan Truth-1,Sprinter,15,HOU,0.011648798868167,1.0,True
2022,16,Bryan Truth-1,Sprinter,15,LA,0.011648798868167,1.0,True
2022,16,Bull Hill-1,Sprinter,15,GB,0.8871791548573941,1.0,True
2022,16,Bull Hill-1,Sprinter,15,NO,0.05070808839024381,1.0,True
2022,16,Bull Hill-1,Sprinter,15,LAC,0.013625578462127603,1.0,True
2022,16,Bull Hill-1,Sprinter,15,CAR,0.010272329538538311,1.0,True
2022,16,Bull Hill-1,Sprinter,15,CIN,0.008844301264136028,1.0,True
2022,16,Bull Hill-1,Sprinter,15,ARI,0.008119557535480024,1.0,True
2022,16,Bull Hill-1,Sprinter,15,NYJ,0.005462250603894313,1.0,True
2022,16,Bull Hill-1,Sprinter,15,DET,0.0034811895001871846,1.0,True
2022,16,Bull Hill-1,Sprinter,15,PIT,0.0019029990307100131,1.0,True
2022,16,Bull Hill-1,Sprinter,15,IND,0.0018400079892947109,1.0,True
2022,16,Bull Hill-1,Sprinter,15,TEN,0.0013834174390508244,1.0,True
2022,16,Bull Hill-1,Sprinter,15,SEA,0.0013699853682101995,1.0,True
2022,16,Bull Hill-1,Sprinter,15,TB,0.0013341172632430848,1.0,True
2022,16,Bull Hill-1,Sprinter,15,JAC,0.0011250626885742623,1.0,True
2022,16,Bull Hill-1,Sprinter,15,CHI,0.0011173200229718297,1.0,True
2022,16,Bull Hill-1,Sprinter,15,HOU,0.0011173200229718297,1.0,True
2022,16,Bull Hill-1,Sprinter,15,LA,0.0011173200229718297,1.0,True
2022,16,CRITTER-1,Sprinter,15,NO,0.33466682428820776,1.0,True
2022,16,CRITTER-1,Sprinter,15,WAS,0.1584516004180633,1.0,True
2022,16,CRITTER-1,Sprinter,15,LAC,0.07375051129217254,1.0,True
2022,16,CRITTER-1,Sprinter,15,NYG,0.07242722429232909,1.0,True
2022,16,CRITTER-1,Sprinter,15,CAR,0.07029409064125998,1.0,True
2022,16,CRITTER-1,Sprinter,15,NYJ,0.059032816960942314,1.0,True
2022,16,CRITTER-1,Sprinter,15,DET,0.03316314575154331,1.0,True
2022,16,CRITTER-1,Sprinter,15,ATL,0.032243001275084934,1.0,True
2022,16,CRITTER-1,Sprinter,15,ARI,0.02689815276536254,1.0,True
2022,16,CRITTER-1,Sprinter,15,NE,0.02564206369860362,1.0,True
2022,16,CRITTER-1,Sprinter,15,PIT,0.02016215620109956,1.0,True
2022,16,CRITTER-1,Sprinter,15,IND,0.019650197706779768,1.0,True
2022,16,CRITTER-1,Sprinter,15,TEN,0.015305506018504621,1.0,True
2022,16,CRITTER-1,Sprinter,15,SEA,0.015156899650470677,1.0,True
2022,16,CRITTER-1,Sprinter,15,JAC,0.014451573362971842,1.0,True
2022,16,CRITTER-1,Sprinter,15,CHI,0.014352117838302092,1.0,True
2022,16,CRITTER-1,Sprinter,15,HOU,0.014352117838302092,1.0,True
2022,16,Chip Chair-6,Sprinter,15,MIN,0.19622254873401454,1.0,True
2022,16,Chip Chair-6,Sprinter,15,WAS,0.1527568012883274,1.0,True
2022,16,Chip Chair-6,Sprinter,15,LAC,0.09514538913361498,1.0,True
2022,16,Chip Chair-6,Sprinter,15,DEN,0.08258495321664189,1.0,True
2022,16,Chip Chair-6,Sprinter,15,CLE,0.07366218337995556,1.0,True
2022,16,Chip Chair-6,Sprinter,15,CAR,0.06950107759750429,1.0,True
2022,16,Chip Chair-6,Sprinter,15,NYJ,0.0547509389113889,1.0,True
2022,16,Chip Chair-6,Sprinter,15,ATL,0.041419278232377475,1.0,True
2022,16,Chip Chair-6,Sprinter,15,ARI,0.04109767983857687,1.0,True
2022,16,Chip Chair-6,Sprinter,15,DET,0.03957672014677277,1.0,True
2022,16,Chip Chair-6,Sprinter,15,NE,0.035470753357369586,1.0,True
2022,16,Chip Chair-6,Sprinter,15,IND,0.0238312070138689,1.0,True
2022,16,Chip Chair-6,Sprinter,15,PIT,0.02308023077837471,1.0,True
2022,16,Chip Chair-6,Sprinter,15,TEN,0.018562087151578803,1.0,True
2022,16,Chip Chair-6,Sprinter,15,JAC,0.017526461648285106,1.0,True
2022,16,Chip Chair-6,Sprinter,15,CHI,0.0174058447856741,1.0,True
2022,16,Chip Chair-6,Sprinter,15,HOU,0.0174058447856741,1.0,True
2022,16,DSGB's-4,Sprinter,15,WAS,0.2245830612429595,1.0,True
2022,16,DSGB's-4,Sprinter,15,DEN,0.10952970378927682,1.0,True
2022,16,DSGB's-4,Sprinter,15,LAC,0.10341667778441474,1.0,True
2022,16,DSGB's-4,Sprinter,15,CAR,0.08683156539195601,1.0,True
2022,16,DSGB's-4,Sprinter,15,NYG,0.08681553058887176,1.0,True
2022,16,DSGB's-4,Sprinter,15,NYJ,0.06543965586699382,1.0,True
2022,16,DSGB's-4,Sprinter,15,ATL,0.0505528507899467,1.0,True
2022,16,DSGB's-4,Sprinter,15,ARI,0.04742919818115039,1.0,True
2022,16,DSGB's-4,Sprinter,15,DET,0.0454495915496563,1.0,True
2022,16,DSGB's-4,Sprinter,15,PIT,0.02784514524355211,1.0,True
2022,16,DSGB's-4,Sprinter,15,IND,0.027529014797278085,1.0,True
2022,16,DSGB's-4,Sprinter,15,TB,0.02144230342872676,1.0,True
2022,16,DSGB's-4,Sprinter,15,TEN,0.02144230342872676,1.0,True
2022,16,DSGB's-4,Sprinter,15,SEA,0.021234112805628615,1.0,True
2022,16,DSGB's-4,Sprinter,15,JAC,0.020245983419084818,1.0,True
2022,16,DSGB's-4,Sprinter,15,CHI,0.020106650845888367,1.0,True
2022,16,DSGB's-4,Sprinter,15,HOU,0.020106650845888367,1.0,True
2022,16,EL LOCO IS-2,Sprinter,15,NO,0.37539566491469395,1.0,True
2022,16,EL LOCO IS-2,Sprinter,15,LAC,0.12359662426771094,1.0,True
2022,16,EL LOCO IS-2,Sprinter,15,WAS,0.09538680594495832,1.0,True
2022,16,EL LOCO IS-2,Sprinter,15,CAR,0.0708606112882259,1.0,True
2022,16,EL LOCO IS-2,Sprinter,15,LV,0.058810748946595326,1.0,True
2022,16,EL LOCO IS-2,Sprinter,15,CLE,0.055513762906307496,1.0,True
2022,16,EL LOCO IS-2,Sprinter,15,NYG,0.04819723891572712,1.0,True
2022,16,EL LOCO IS-2,Sprinter,15,NYJ,0.04145953220808436,1.0,True
2022,16,EL LOCO IS-2,Sprinter,15,ATL,0.029871377212171837,1.0,True
2022,16,EL LOCO IS-2,Sprinter,15,DET,0.028587104256996523,1.0,True
2022,16,EL LOCO IS-2,Sprinter,15,PIT,0.01396350701032864,1.0,True
2022,16,EL LOCO IS-2,Sprinter,15,IND,0.01350130191500481,1.0,True
2022,16,EL LOCO IS-2,Sprinter,15,TEN,0.010151008380277384,1.0,True
2022,16,EL LOCO IS-2,Sprinter,15,SEA,0.010052448784439692,1.0,True
2022,16,EL LOCO IS-2,Sprinter,15,JAC,0.008255296237909554,1.0,True
2022,16,EL LOCO IS-2,Sprinter,15,CHI,0.008198483405284064,1.0,True
2022,16,EL LOCO IS-2,Sprinter,15,HOU,0.008198483405284064,1.0,True
2022,16,HAMMER21-1,Sprinter,15,NO,0.37281211758754873,1.0,True
2022,16,HAMMER21-1,Sprinter,15,WAS,0.12545686728181013,1.0,True
2022,16,HAMMER21-1,Sprinter,15,CAR,0.0729909691673832,1.0,True
2022,16,HAMMER21-1,Sprinter,15,LAC,0.07257559904000138,1.0,True
2022,16,HAMMER21-1,Sprinter,15,CLE,0.07189086149063643,1.0,True
2022,16,HAMMER21-1,Sprinter,15,NYJ,0.05331996153999487,1.0,True
2022,16,HAMMER21-1,Sprinter,15,ATL,0.045544410650650395,1.0,True
2022,16,HAMMER21-1,Sprinter,15,DET,0.030606670589096642,1.0,True
2022,16,HAMMER21-1,Sprinter,15,ARI,0.024534939129763296,1.0,True
2022,16,HAMMER21-1,Sprinter,15,NE,0.023433114163034053,1.0,True
2022,16,HAMMER21-1,Sprinter,15,PIT,0.018742807359308854,1.0,True
2022,16,HAMMER21-1,Sprinter,15,IND,0.018530017230074445,1.0,True
2022,16,HAMMER21-1,Sprinter,15,TB,0.01443299932499134,1.0,True
2022,16,HAMMER21-1,Sprinter,15,TEN,0.01443299932499134,1.0,True
2022,16,HAMMER21-1,Sprinter,15,JAC,0.013627746011184414,1.0,True
2022,16,HAMMER21-1,Sprinter,15,CHI,0.013533960054765223,1.0,True
2022,16,HAMMER21-1,Sprinter,15,HOU,0.013533960054765223,1.0,True
2022,16,HOWARD HAMLIN-1,Sprinter,15,GB,0.9317896136355935,1.0,True
2022,16,HOWARD HAMLIN-1,Sprinter,15,NO,0.032701964398228735,1.0,True
2022,16,HOWARD HAMLIN-1,Sprinter,15,CIN,0.0065487290097509115,1.0,True
2022,16,HOWARD HAMLIN-1,Sprinter,15,CLE,0.005952941735822376,1.0,True
2022,16,HOWARD HAMLIN-1,Sprinter,15,CAR,0.004693982933061903,1.0,True
2022,16,HOWARD HAMLIN-1,Sprinter,15,ARI,0.002767877399574639,1.0,True
2022,16,HOWARD HAMLIN-1,Sprinter,15,NE,0.002584629758508138,1.0,True
2022,16,HOWARD HAMLIN-1,Sprinter,15,DET,0.0025315607429697877,1.0,True
2022,16,HOWARD HAMLIN-1,Sprinter,15,IND,0.001451808629796397,1.0,True
2022,16,HOWARD HAMLIN-1,Sprinter,15,PIT,0.0014060587951855033,1.0,True
2022,16,HOWARD HAMLIN-1,Sprinter,15,TB,0.0011308113054454953,1.0,True
2022,16,HOWARD HAMLIN-1,Sprinter,15,TEN,0.0011308113054454953,1.0,True
2022,16,HOWARD HAMLIN-1,Sprinter,15,JAC,0.0010677205000975316,1.0,True
2022,16,HOWARD HAMLIN-1,Sprinter,15,CHI,0.001060372462629865,1.0,True
2022,16,HOWARD HAMLIN-1,Sprinter,15,HOU,0.001060372462629865,1.0,True
2022,16,HOWARD HAMLIN-1,Sprinter,15,MIA,0.001060372462629865,1.0,True
2022,16,HOWARD HAMLIN-1,Sprinter,15,LA,0.001060372462629865,1.0,True
2022,16,ITTYBITTYVEGASKRISTA-3,Sprinter,15,NO,0.35679864701826436,1.0,True
2022,16,ITTYBITTYVEGASKRISTA-3,Sprinter,15,WAS,0.13521167169407786,1.0,True
2022,16,ITTYBITTYVEGASKRISTA-3,Sprinter,15,DEN,0.07172185112321072,1.0,True
2022,16,ITTYBITTYVEGASKRISTA-3,Sprinter,15,CAR,0.07021671838159524,1.0,True
2022,16,ITTYBITTYVEGASKRISTA-3,Sprinter,15,LAC,0.06580403470087816,1.0,True
2022,16,ITTYBITTYVEGASKRISTA-3,Sprinter,15,NYJ,0.06453070386692915,1.0,True
2022,16,ITTYBITTYVEGASKRISTA-3,Sprinter,15,NYG,0.06204606025634759,1.0,True
2022,16,ITTYBITTYVEGASKRISTA-3,Sprinter,15,ATL,0.030162367364847373,1.0,True
2022,16,ITTYBITTYVEGASKRISTA-3,Sprinter,15,ARI,0.023938707069882,1.0,True
2022,16,ITTYBITTYVEGASKRISTA-3,Sprinter,15,PIT,0.02026908651753007,1.0,True
2022,16,ITTYBITTYVEGASKRISTA-3,Sprinter,15,IND,0.017971789610125105,1.0,True
2022,16,ITTYBITTYVEGASKRISTA-3,Sprinter,15,TB,0.013998196768583356,1.0,True
2022,16,ITTYBITTYVEGASKRISTA-3,Sprinter,15,TEN,0.013998196768583356,1.0,True
2022,16,ITTYBITTYVEGASKRISTA-3,Sprinter,15,SEA,0.013862283511074023,1.0,True
2022,16,ITTYBITTYVEGASKRISTA-3,Sprinter,15,JAC,0.013217202182398833,1.0,True
2022,16,ITTYBITTYVEGASKRISTA-3,Sprinter,15,CHI,0.013126241582836384,1.0,True
2022,16,ITTYBITTYVEGASKRISTA-3,Sprinter,15,HOU,0.013126241582836384,1.0,True
2022,16,JDSH-1,Sprinter,15,NO,0.3367863440378579,1.0,True
2022,16,JDSH-1,Sprinter,15,WAS,0.13301736421271762,1.0,True
2022,16,JDSH-1,Sprinter,15,NYG,0.08937456734068293,1.0,True
2022,16,JDSH-1,Sprinter,15,CLE,0.07693273585910693,1.0,True
2022,16,JDSH-1,Sprinter,15,LAC,0.0698883449499469,1.0,True
2022,16,JDSH-1,Sprinter,15,CAR,0.05472160448423215,1.0,True
2022,16,JDSH-1,Sprinter,15,NYJ,0.04682455556194598,1.0,True
2022,16,JDSH-1,Sprinter,15,ATL,0.045320990167093095,1.0,True
2022,16,JDSH-1,Sprinter,15,ARI,0.0232142954032104,1.0,True
2022,16,JDSH-1,Sprinter,15,NE,0.02260863630347574,1.0,True
2022,16,JDSH-1,Sprinter,15,IND,0.017603321930667562,1.0,True
2022,16,JDSH-1,Sprinter,15,PIT,0.016475451879459917,1.0,True
2022,16,JDSH-1,Sprinter,15,TB,0.013949584906264292,1.0,True
2022,16,JDSH-1,Sprinter,15,TEN,0.013949584906264292,1.0,True
2022,16,JDSH-1,Sprinter,15,JAC,0.013171302498078349,1.0,True
2022,16,JDSH-1,Sprinter,15,CHI,0.013080657779497962,1.0,True
2022,16,JDSH-1,Sprinter,15,HOU,0.013080657779497962,1.0,True
2022,16,JED-4,EV Hunter,15,GB,0.8931161314318533,1.0,True
2022,16,JED-4,EV Hunter,15,NO,0.05134636760971046,1.0,True
2022,16,JED-4,EV Hunter,15,WAS,0.019050970454802515,1.0,True
2022,16,JED-4,EV Hunter,15,CAR,0.009189722977272238,1.0,True
2022,16,JED-4,EV Hunter,15,DEN,0.005725736436117692,1.0,True
2022,16,JED-4,EV Hunter,15,DET,0.004962968093884603,1.0,True
2022,16,JED-4,EV Hunter,15,ARI,0.004057904024726643,1.0,True
2022,16,JED-4,EV Hunter,15,NE,0.0029364701577898216,1.0,True
2022,16,JED-4,EV Hunter,15,IND,0.0014766341041401248,1.0,True
2022,16,JED-4,EV Hunter,15,PIT,0.0014124582684894526,1.0,True
2022,16,JED-4,EV Hunter,15,SEA,0.0011101661906177914,1.0,True
2022,16,JED-4,EV Hunter,15,TB,0.0010811005097864385,1.0,True
2022,16,JED-4,EV Hunter,15,JAC,0.0009116933568512842,1.0,True
2022,16,JED-4,EV Hunter,15,CHI,0.0009054190959894257,1.0,True
2022,16,JED-4,EV Hunter,15,HOU,0.0009054190959894257,1.0,True
2022,16,JED-4,EV Hunter,15,MIA,0.0009054190959894257,1.0,True
2022,16,JED-4,EV Hunter,15,LA,0.0009054190959894257,1.0,True
2022,16,Kirk Cousins Sucks-1,Sprinter,15,WAS,0.26230237374295,1.0,True
2022,16,Kirk Cousins Sucks-1,Sprinter,15,CAR,0.11115335434425892,1.0,True
2022,16,Kirk Cousins Sucks-1,Sprinter,15,DEN,0.09795218730851182,1.0,True
2022,16,Kirk Cousins Sucks-1,Sprinter,15,NYJ,0.08527502956926215,1.0,True
2022,16,Kirk Cousins Sucks-1,Sprinter,15,NYG,0.07091547459898603,1.0,True
2022,16,Kirk Cousins Sucks-1,Sprinter,15,ARI,0.0647562430450242,1.0,True
2022,16,Kirk Cousins Sucks-1,Sprinter,15,DET,0.051029338468197676,1.0,True
2022,16,Kirk Cousins Sucks-1,Sprinter,15,NE,0.041950737437334885,1.0,True
2022,16,Kirk Cousins Sucks-1,Sprinter,15,ATL,0.039283002944568046,1.0,True
2022,16,Kirk Cousins Sucks-1,Sprinter,15,PIT,0.02808308868490839,1.0,True
2022,16,Kirk Cousins Sucks-1,Sprinter,15,IND,0.02709974449605209,1.0,True
2022,16,Kirk Cousins Sucks-1,Sprinter,15,TB,0.021297998065974204,1.0,True
2022,16,Kirk Cousins Sucks-1,Sprinter,15,TEN,0.021297998065974204,1.0,True
2022,16,Kirk Cousins Sucks-1,Sprinter,15,SEA,0.02109120855276557,1.0,True
2022,16,Kirk Cousins Sucks-1,Sprinter,15,JAC,0.018924231086564068,1.0,True
2022,16,Kirk Cousins Sucks-1,Sprinter,15,CHI,0.01879399479433389,1.0,True
2022,16,Kirk Cousins Sucks-1,Sprinter,15,HOU,0.01879399479433389,1.0,True
2022,16,Lord Smith-5,Sprinter,15,NO,0.3003682587054909,1.0,True
2022,16,Lord Smith-5,Sprinter,15,WAS,0.12700122182453014,1.0,True
2022,16,Lord Smith-5,Sprinter,15,DEN,0.07081071765166522,1.0,True
2022,16,Lord Smith-5,Sprinter,15,CLE,0.0686396047027649,1.0,True
2022,16,Lord Smith-5,Sprinter,15,LAC,0.06728200264311238,1.0,True
2022,16,Lord Smith-5,Sprinter,15,CAR,0.06372071801320589,1.0,True
2022,16,Lord Smith-5,Sprinter,15,NYJ,0.0617688414017488,1.0,True
2022,16,Lord Smith-5,Sprinter,15,NYG,0.05964743111211982,1.0,True
2022,16,Lord Smith-5,Sprinter,15,DET,0.03572077955458738,1.0,True
2022,16,Lord Smith-5,Sprinter,15,ATL,0.03016042894275131,1.0,True
2022,16,Lord Smith-5,Sprinter,15,ARI,0.024750085491907693,1.0,True
2022,16,Lord Smith-5,Sprinter,15,PIT,0.018869400486798457,1.0,True
2022,16,Lord Smith-5,Sprinter,15,IND,0.017926718484805378,1.0,True
2022,16,Lord Smith-5,Sprinter,15,TEN,0.013963090944706385,1.0,True
2022,16,Lord Smith-5,Sprinter,15,JAC,0.01318405500068447,1.0,True
2022,16,Lord Smith-5,Sprinter,15,CHI,0.013093322519560474,1.0,True
2022,16,Lord Smith-5,Sprinter,15,HOU,0.013093322519560474,1.0,True
2022,16,Maddog-2,Sprinter,15,KC,0.837089865852464,1.0,True
2022,16,Maddog-2,Sprinter,15,NO,0.0735943446103842,1.0,True
2022,16,Maddog-2,Sprinter,15,MIN,0.021004305373156812,1.0,True
2022,16,Maddog-2,Sprinter,15,LAC,0.011501123401858226,1.0,True
2022,16,Maddog-2,Sprinter,15,CAR,0.01130041022084554,1.0,True
2022,16,Maddog-2,Sprinter,15,ARI,0.007709741605753515,1.0,True
2022,16,Maddog-2,Sprinter,15,ATL,0.007143206763973756,1.0,True
2022,16,Maddog-2,Sprinter,15,NYJ,0.006785011507087823,1.0,True
2022,16,Maddog-2,Sprinter,15,NE,0.006451911818350861,1.0,True
2022,16,Maddog-2,Sprinter,15,DET,0.004604766071266453,1.0,True
2022,16,Maddog-2,Sprinter,15,IND,0.0022541168650065282,1.0,True
2022,16,Maddog-2,Sprinter,15,PIT,0.002197930045873345,1.0,True
2022,16,Maddog-2,Sprinter,15,TEN,0.0017387546889345705,1.0,True
2022,16,Maddog-2,Sprinter,15,SEA,0.001721872527775563,1.0,True
2022,16,Maddog-2,Sprinter,15,JAC,0.0016417451939824373,1.0,True
2022,16,Maddog-2,Sprinter,15,HOU,0.001630446726643239,1.0,True
2022,16,Maddog-2,Sprinter,15,MIA,0.001630446726643239,1.0,True
2022,16,POCKET 4'S-2,Sprinter,15,WAS,0.23078516841253235,1.0,True
2022,16,POCKET 4'S-2,Sprinter,15,DEN,0.11438464295051855,1.0,True
2022,16,POCKET 4'S-2,Sprinter,15,CAR,0.10156493572175505,1.0,True
2022,16,POCKET 4'S-2,Sprinter,15,NYG,0.09854940396896486,1.0,True
2022,16,POCKET 4'S-2,Sprinter,15,NYJ,0.08722445760287056,1.0,True
2022,16,POCKET 4'S-2,Sprinter,15,ARI,0.05909223716016959,1.0,True
2022,16,POCKET 4'S-2,Sprinter,15,DET,0.04937877686669177,1.0,True
2022,16,POCKET 4'S-2,Sprinter,15,ATL,0.04351843371710191,1.0,True
2022,16,POCKET 4'S-2,Sprinter,15,IND,0.029818089237453337,1.0,True
2022,16,POCKET 4'S-2,Sprinter,15,PIT,0.028968475902814414,1.0,True
2022,16,POCKET 4'S-2,Sprinter,15,TB,0.023225259668847406,1.0,True
2022,16,POCKET 4'S-2,Sprinter,15,TEN,0.023225259668847406,1.0,True
2022,16,POCKET 4'S-2,Sprinter,15,SEA,0.02299975771668327,1.0,True
2022,16,POCKET 4'S-2,Sprinter,15,JAC,0.021929464048599436,1.0,True
2022,16,POCKET 4'S-2,Sprinter,15,CHI,0.02177854578538333,1.0,True
2022,16,POCKET 4'S-2,Sprinter,15,HOU,0.02177854578538333,1.0,True
2022,16,POCKET 4'S-2,Sprinter,15,LA,0.02177854578538333,1.0,True
2022,16,Pelican Clyde-2,Sprinter,15,NO,0.32995981462201446,1.0,True
2022,16,Pelican Clyde-2,Sprinter,15,WAS,0.12846373309282957,1.0,True
2022,16,Pelican Clyde-2,Sprinter,15,CLE,0.08213751832861861,1.0,True
2022,16,Pelican Clyde-2,Sprinter,15,DEN,0.07864351217999198,1.0,True
2022,16,Pelican Clyde-2,Sprinter,15,NYG,0.06375612949559428,1.0,True
2022,16,Pelican Clyde-2,Sprinter,15,LAC,0.06279335953286326,1.0,True
2022,16,Pelican Clyde-2,Sprinter,15,CAR,0.053223402156334546,1.0,True
2022,16,Pelican Clyde-2,Sprinter,15,NYJ,0.040985398970448374,1.0,True
2022,16,Pelican Clyde-2,Sprinter,15,DET,0.027925339618490416,1.0,True
2022,16,Pelican Clyde-2,Sprinter,15,ARI,0.026302355586732266,1.0,True
2022,16,Pelican Clyde-2,Sprinter,15,NE,0.024305874857892,1.0,True
2022,16,Pelican Clyde-2,Sprinter,15,PIT,0.017270346724891295,1.0,True
2022,16,Pelican Clyde-2,Sprinter,15,TB,0.013327426095781905,1.0,True
2022,16,Pelican Clyde-2,Sprinter,15,TEN,0.013327426095781905,1.0,True
2022,16,Pelican Clyde-2,Sprinter,15,JAC,0.01258385549160662,1.0,True
2022,16,Pelican Clyde-2,Sprinter,15,CHI,0.012497253575064248,1.0,True
2022,16,Pelican Clyde-2,Sprinter,15,HOU,0.012497253575064248,1.0,True
2022,16,Presence-4,Sprinter,15,NO,0.29542086255617234,1.0,True
2022,16,Presence-4,Sprinter,15,MIN,0.12681257977874666,1.0,True
2022,16,Presence-4,Sprinter,15,WAS,0.10254569936399435,1.0,True
2022,16,Presence-4,Sprinter,15,CLE,0.07646023495856234,1.0,True
2022,16,Presence-4,Sprinter,15,NYG,0.07412677362058004,1.0,True
2022,16,Presence-4,Sprinter,15,LAC,0.06597919170717284,1.0,True
2022,16,Presence-4,Sprinter,15,CAR,0.061292172971108325,1.0,True
2022,16,Presence-4,Sprinter,15,ATL,0.03594995148083813,1.0,True
2022,16,Presence-4,Sprinter,15,DET,0.028986353375027366,1.0,True
2022,16,Presence-4,Sprinter,15,ARI,0.02311269654860356,1.0,True
2022,16,Presence-4,Sprinter,15,NE,0.022074742226768897,1.0,True
2022,16,Presence-4,Sprinter,15,PIT,0.018264111774624083,1.0,True
2022,16,Presence-4,Sprinter,15,IND,0.017351668930222445,1.0,True
2022,16,Presence-4,Sprinter,15,TEN,0.01351518581164145,1.0,True
2022,16,Presence-4,Sprinter,15,JAC,0.012761139620930695,1.0,True
2022,16,Presence-4,Sprinter,15,CHI,0.01267331763750324,1.0,True
2022,16,Presence-4,Sprinter,15,HOU,0.01267331763750324,1.0,True
2022,16,REDGUN-1,Sprinter,15,NO,0.45099239913534783,1.0,True
2022,16,REDGUN-1,Sprinter,15,CAR,0.08029737430475692,1.0,True
2022,16,REDGUN-1,Sprinter,15,LAC,0.07660322586847668,1.0,True
2022,16,REDGUN-1,Sprinter,15,CLE,0.0685587949893147,1.0,True
2022,16,REDGUN-1,Sprinter,15,NYJ,0.05817182311591744,1.0,True
2022,16,REDGUN-1,Sprinter,15,ATL,0.04640833393591941,1.0,True
2022,16,REDGUN-1,Sprinter,15,ARI,0.03277358623922848,1.0,True
2022,16,REDGUN-1,Sprinter,15,DET,0.03173712195354492,1.0,True
2022,16,REDGUN-1,Sprinter,15,NE,0.03060380719896062,1.0,True
2022,16,REDGUN-1,Sprinter,15,PIT,0.019307955235587433,1.0,True
2022,16,REDGUN-1,Sprinter,15,IND,0.01908874889093105,1.0,True
2022,16,REDGUN-1,Sprinter,15,TEN,0.014868194478016152,1.0,True
2022,16,REDGUN-1,Sprinter,15,SEA,0.014723834116592687,1.0,True
2022,16,REDGUN-1,Sprinter,15,JAC,0.014038660532634672,1.0,True
2022,16,REDGUN-1,Sprinter,15,CHI,0.01394204666825703,1.0,True
2022,16,REDGUN-1,Sprinter,15,HOU,0.01394204666825703,1.0,True
2022,16,REDGUN-1,Sprinter,15,MIA,0.01394204666825703,1.0,True
2022,16,SALTY K-5,Sprinter,15,KC,0.8375461288048955,1.0,True
2022,16,SALTY K-5,Sprinter,15,NO,0.0703960242320012,1.0,True
2022,16,SALTY K-5,Sprinter,15,WAS,0.023222813455663256,1.0,True
2022,16,SALTY K-5,Sprinter,15,LAC,0.014712216773908776,1.0,True
2022,16,SALTY K-5,Sprinter,15,CAR,0.012915258144639173,1.0,True
2022,16,SALTY K-5,Sprinter,15,DEN,0.008695263021257268,1.0,True
2022,16,SALTY K-5,Sprinter,15,NYJ,0.007156395057479074,1.0,True
2022,16,SALTY K-5,Sprinter,15,DET,0.0043129909746075475,1.0,True
2022,16,SALTY K-5,Sprinter,15,ARI,0.0038030588731124085,1.0,True
2022,16,SALTY K-5,Sprinter,15,PIT,0.0029021215474629544,1.0,True
2022,16,SALTY K-5,Sprinter,15,IND,0.0025896814855666072,1.0,True
2022,16,SALTY K-5,Sprinter,15,TB,0.002022068040196685,1.0,True
2022,16,SALTY K-5,Sprinter,15,TEN,0.002022068040196685,1.0,True
2022,16,SALTY K-5,Sprinter,15,SEA,0.0020024350932684462,1.0,True
2022,16,SALTY K-5,Sprinter,15,JAC,0.00190925178118862,1.0,True
2022,16,SALTY K-5,Sprinter,15,CHI,0.001896112337277876,1.0,True
2022,16,SALTY K-5,Sprinter,15,HOU,0.001896112337277876,1.0,True
2022,16,SEAHAWKS22-1,Sprinter,15,WAS,0.24565179591168276,1.0,True
2022,16,SEAHAWKS22-1,Sprinter,15,NYG,0.12717533702861886,1.0,True
2022,16,SEAHAWKS22-1,Sprinter,15,LAC,0.10829446673653143,1.0,True
2022,16,SEAHAWKS22-1,Sprinter,15,CAR,0.09086221505630016,1.0,True
2022,16,SEAHAWKS22-1,Sprinter,15,NYJ,0.06760817809933017,1.0,True
2022,16,SEAHAWKS22-1,Sprinter,15,ATL,0.056663952065643265,1.0,True
2022,16,SEAHAWKS22-1,Sprinter,15,DET,0.04585252946512372,1.0,True
2022,16,SEAHAWKS22-1,Sprinter,15,ARI,0.0415486744027723,1.0,True
2022,16,SEAHAWKS22-1,Sprinter,15,NE,0.035859999587690226,1.0,True
2022,16,SEAHAWKS22-1,Sprinter,15,PIT,0.02792726179890501,1.0,True
2022,16,SEAHAWKS22-1,Sprinter,15,IND,0.02761019907007102,1.0,True
2022,16,SEAHAWKS22-1,Sprinter,15,TB,0.021505537722568573,1.0,True
2022,16,SEAHAWKS22-1,Sprinter,15,TEN,0.021505537722568573,1.0,True
2022,16,SEAHAWKS22-1,Sprinter,15,SEA,0.021296733136186123,1.0,True
2022,16,SEAHAWKS22-1,Sprinter,15,JAC,0.02030568971271574,1.0,True
2022,16,SEAHAWKS22-1,Sprinter,15,CHI,0.020165946241646093,1.0,True
2022,16,SEAHAWKS22-1,Sprinter,15,HOU,0.020165946241646093,1.0,True
2022,16,SINCITYSARAH-4,Sprinter,15,NO,0.3599470907717576,1.0,True
2022,16,SINCITYSARAH-4,Sprinter,15,WAS,0.15084058666676955,1.0,True
2022,16,SINCITYSARAH-4,Sprinter,15,LV,0.07565756366537692,1.0,True
2022,16,SINCITYSARAH-4,Sprinter,15,LAC,0.06712406169707232,1.0,True
2022,16,SINCITYSARAH-4,Sprinter,15,NYG,0.06168693091049988,1.0,True
2022,16,SINCITYSARAH-4,Sprinter,15,CAR,0.056537074872818546,1.0,True
2022,16,SINCITYSARAH-4,Sprinter,15,NYJ,0.04227897474427474,1.0,True
2022,16,SINCITYSARAH-4,Sprinter,15,DET,0.02986465803959223,1.0,True
2022,16,SINCITYSARAH-4,Sprinter,15,ATL,0.028764068103873094,1.0,True
2022,16,SINCITYSARAH-4,Sprinter,15,ARI,0.024320686830767175,1.0,True
2022,16,SINCITYSARAH-4,Sprinter,15,PIT,0.01809001533601431,1.0,True
2022,16,SINCITYSARAH-4,Sprinter,15,IND,0.017884636460405737,1.0,True
2022,16,SINCITYSARAH-4,Sprinter,15,TEN,0.013930313326520014,1.0,True
2022,16,SINCITYSARAH-4,Sprinter,15,SEA,0.013795059172457665,1.0,True
2022,16,SINCITYSARAH-4,Sprinter,15,JAC,0.013153106128212622,1.0,True
2022,16,SINCITYSARAH-4,Sprinter,15,CHI,0.01306258663679378,1.0,True
2022,16,SINCITYSARAH-4,Sprinter,15,HOU,0.01306258663679378,1.0,True
2022,16,THE ENEMY WITHIN-1,Sprinter,15,MIN,0.19141018953865094,1.0,True
2022,16,THE ENEMY WITHIN-1,Sprinter,15,DEN,0.1254188494085536,1.0,True
2022,16,THE ENEMY WITHIN-1,Sprinter,15,LAC,0.11932138060400609,1.0,True
2022,16,THE ENEMY WITHIN-1,Sprinter,15,NYG,0.10708744161680236,1.0,True
2022,16,THE ENEMY WITHIN-1,Sprinter,15,CAR,0.09936188414825298,1.0,True
2022,16,THE ENEMY WITHIN-1,Sprinter,15,NYJ,0.07882490941310988,1.0,True
2022,16,THE ENEMY WITHIN-1,Sprinter,15,ARI,0.043055845849283306,1.0,True
2022,16,THE ENEMY WITHIN-1,Sprinter,15,ATL,0.04045461494584819,1.0,True
2022,16,THE ENEMY WITHIN-1,Sprinter,15,NE,0.038887432741831394,1.0,True
2022,16,THE ENEMY WITHIN-1,Sprinter,15,DET,0.037053761899869,1.0,True
2022,16,THE ENEMY WITHIN-1,Sprinter,15,PIT,0.02163692151620744,1.0,True
2022,16,THE ENEMY WITHIN-1,Sprinter,15,IND,0.020717705531779724,1.0,True
2022,16,THE ENEMY WITHIN-1,Sprinter,15,TEN,0.016136986071995398,1.0,True
2022,16,THE ENEMY WITHIN-1,Sprinter,15,JAC,0.015236663054115798,1.0,True
2022,16,THE ENEMY WITHIN-1,Sprinter,15,CHI,0.015131804553231317,1.0,True
2022,16,THE ENEMY WITHIN-1,Sprinter,15,HOU,0.015131804553231317,1.0,True
2022,16,THE ENEMY WITHIN-1,Sprinter,15,LA,0.015131804553231317,1.0,True
2022,16,THE ENEMY WITHIN-2,Sprinter,15,GB,0.9459252043032623,1.0,True
2022,16,THE ENEMY WITHIN-2,Sprinter,15,MIN,0.010342102822989009,1.0,True
2022,16,THE ENEMY WITHIN-2,Sprinter,15,CAR,0.007665989710845994,1.0,True
2022,16,THE ENEMY WITHIN-2,Sprinter,15,LAC,0.006587768730197565,1.0,True
2022,16,THE ENEMY WITHIN-2,Sprinter,15,NYJ,0.006443901126654231,1.0,True
2022,16,THE ENEMY WITHIN-2,Sprinter,15,NYG,0.005813814526925677,1.0,True
2022,16,THE ENEMY WITHIN-2,Sprinter,15,DET,0.0027852303792676764,1.0,True
2022,16,THE ENEMY WITHIN-2,Sprinter,15,ATL,0.00238172442493306,1.0,True
2022,16,THE ENEMY WITHIN-2,Sprinter,15,ARI,0.002164118940571392,1.0,True
2022,16,THE ENEMY WITHIN-2,Sprinter,15,NE,0.001845451549094123,1.0,True
2022,16,THE ENEMY WITHIN-2,Sprinter,15,PIT,0.001627104166729535,1.0,True
2022,16,THE ENEMY WITHIN-2,Sprinter,15,IND,0.0013638540698369462,1.0,True
2022,16,THE ENEMY WITHIN-2,Sprinter,15,TEN,0.0010623036462910106,1.0,True
2022,16,THE ENEMY WITHIN-2,Sprinter,15,JAC,0.0010030350554608416,1.0,True
2022,16,THE ENEMY WITHIN-2,Sprinter,15,CHI,0.0009961321823135753,1.0,True
2022,16,THE ENEMY WITHIN-2,Sprinter,15,HOU,0.0009961321823135753,1.0,True
2022,16,THE ENEMY WITHIN-2,Sprinter,15,LA,0.0009961321823135753,1.0,True
2022,16,VERMONT BOYZ-2,Sprinter,15,NO,0.3548355816531307,1.0,True
2022,16,VERMONT BOYZ-2,Sprinter,15,WAS,0.1299730929862213,1.0,True
2022,16,VERMONT BOYZ-2,Sprinter,15,NYG,0.07715265871695601,1.0,True
2022,16,VERMONT BOYZ-2,Sprinter,15,LAC,0.07291216932695918,1.0,True
2022,16,VERMONT BOYZ-2,Sprinter,15,CAR,0.0624529715637225,1.0,True
2022,16,VERMONT BOYZ-2,Sprinter,15,CLE,0.0581111835280971,1.0,True
2022,16,VERMONT BOYZ-2,Sprinter,15,NYJ,0.044702715732040973,1.0,True
2022,16,VERMONT BOYZ-2,Sprinter,15,ATL,0.03919201867988897,1.0,True
2022,16,VERMONT BOYZ-2,Sprinter,15,DET,0.03285646636486055,1.0,True
2022,16,VERMONT BOYZ-2,Sprinter,15,ARI,0.02384871757901978,1.0,True
2022,16,VERMONT BOYZ-2,Sprinter,15,PIT,0.018845730208445818,1.0,True
2022,16,VERMONT BOYZ-2,Sprinter,15,IND,0.017904230731854157,1.0,True
2022,16,VERMONT BOYZ-2,Sprinter,15,TB,0.01394557527166973,1.0,True
2022,16,VERMONT BOYZ-2,Sprinter,15,TEN,0.01394557527166973,1.0,True
2022,16,VERMONT BOYZ-2,Sprinter,15,JAC,0.01316751657107718,1.0,True
2022,16,VERMONT BOYZ-2,Sprinter,15,CHI,0.013076897907193179,1.0,True
2022,16,VERMONT BOYZ-2,Sprinter,15,HOU,0.013076897907193179,1.0,True
2022,16,WOODY-2,Sprinter,15,NO,0.3313409052244591,1.0,True
2022,16,WOODY-2,Sprinter,15,MIN,0.15331308096619614,1.0,True
2022,16,WOODY-2,Sprinter,15,DEN,0.09237433929368594,1.0,True
2022,16,WOODY-2,Sprinter,15,CLE,0.08043364881756093,1.0,True
2022,16,WOODY-2,Sprinter,15,CAR,0.058586054403602456,1.0,True
2022,16,WOODY-2,Sprinter,15,NYJ,0.052712996730349855,1.0,True
2022,16,WOODY-2,Sprinter,15,ATL,0.038178941104862384,1.0,True
2022,16,WOODY-2,Sprinter,15,DET,0.032016133550372514,1.0,True
2022,16,WOODY-2,Sprinter,15,ARI,0.026365155546872476,1.0,True
2022,16,WOODY-2,Sprinter,15,NE,0.025181138481266477,1.0,True
2022,16,WOODY-2,Sprinter,15,IND,0.019298239569481564,1.0,True
2022,16,WOODY-2,Sprinter,15,PIT,0.01869010758123942,1.0,True
2022,16,WOODY-2,Sprinter,15,TEN,0.015031366415989542,1.0,True
2022,16,WOODY-2,Sprinter,15,JAC,0.014192728698009261,1.0,True
2022,16,WOODY-2,Sprinter,15,CHI,0.014095054538683977,1.0,True
2022,16,WOODY-2,Sprinter,15,HOU,0.014095054538683977,1.0,True
2022,16,WOODY-2,Sprinter,15,MIA,0.014095054538683977,1.0,True
2022,16,millertiming-1,Sprinter,15,NO,0.3301419025606039,1.0,True
2022,16,millertiming-1,Sprinter,15,MIN,0.13991370433442607,1.0,True
2022,16,millertiming-1,Sprinter,15,WAS,0.11204441866776581,1.0,True
2022,16,millertiming-1,Sprinter,15,LAC,0.06528983349894023,1.0,True
2022,16,millertiming-1,Sprinter,15,NYG,0.06383839244204095,1.0,True
2022,16,millertiming-1,Sprinter,15,CLE,0.05375797739663609,1.0,True
2022,16,millertiming-1,Sprinter,15,CAR,0.04822597530491812,1.0,True
2022,16,millertiming-1,Sprinter,15,NYJ,0.041158611692409086,1.0,True
2022,16,millertiming-1,Sprinter,15,ATL,0.029970556104400817,1.0,True
2022,16,millertiming-1,Sprinter,15,ARI,0.022027361886825948,1.0,True
2022,16,millertiming-1,Sprinter,15,IND,0.016268997948496077,1.0,True
2022,16,millertiming-1,Sprinter,15,PIT,0.015226619946120274,1.0,True
2022,16,millertiming-1,Sprinter,15,TB,0.012892212567391207,1.0,True
2022,16,millertiming-1,Sprinter,15,TEN,0.012892212567391207,1.0,True
2022,16,millertiming-1,Sprinter,15,JAC,0.012172923619998336,1.0,True
2022,16,millertiming-1,Sprinter,15,CHI,0.012089149730817957,1.0,True
2022,16,millertiming-1,Sprinter,15,HOU,0.012089149730817957,1.0,True
