game_id,Season,Week,Date,Day of Week,Time,Away Team,Away Score,Home Team,Home Score,Location,old_game_id,gsis,pfr,pff,espn,ftn,Roof Type,Surface Type,Temperature,Wind Speed,away_qb_id,home_qb_id,Away QB,Home QB,Stadium
2026_01_NE_SEA,2026,1,2026-09-09,Wednesday,20:20,New England Patriots,,Seattle Seahawks,,Home,2026090900,,202609090sea,,,,outdoors,fieldturf,,,,,,,Lumen Field
2026_01_SF_LA,2026,1,2026-09-10,Thursday,20:35,San Francisco 49ers,,Los Angeles Rams,,Neutral,2026091000,,202609100ram,,,,dome,matrixturf,,,,,,,Melbourne Cricket Ground
2026_01_CHI_CAR,2026,1,2026-09-13,Sunday,13:00,Chicago Bears,,Carolina Panthers,,Home,2026091300,,202609130car,,,,outdoors,grass,,,,,,,Bank of America Stadium
2026_01_TB_CIN,2026,1,2026-09-13,Sunday,13:00,Tampa Bay Buccaneers,,Cincinnati Bengals,,Home,2026091301,,202609130cin,,,,outdoors,fieldturf,,,,,,,Paycor Stadium
2026_01_NO_DET,2026,1,2026-09-13,Sunday,13:00,New Orleans Saints,,Detroit Lions,,Home,2026091302,,202609130det,,,,dome,fieldturf,,,,,,,Ford Field
2026_01_BUF_HOU,2026,1,2026-09-13,Sunday,13:00,Buffalo Bills,,Houston Texans,,Home,2026091303,,202609130htx,,,,,astroturf,,,,,,,Reliant Stadium
2026_01_BAL_IND,2026,1,2026-09-13,Sunday,13:00,Baltimore Ravens,,Indianapolis Colts,,Home,2026091304,,202609130clt,,,,,fieldturf,,,,,,,Lucas Oil Stadium
2026_01_CLE_JAX,2026,1,2026-09-13,Sunday,13:00,Cleveland Browns,,Jacksonville Jaguars,,Home,2026091305,,202609130jax,,,,outdoors,grass,,,,,,,EverBank Stadium
2026_01_ATL_PIT,2026,1,2026-09-13,Sunday,13:00,Atlanta Falcons,,Pittsburgh Steelers,,Home,2026091306,,202609130pit,,,,outdoors,grass,,,,,,,Acrisure Stadium
2026_01_NYJ_TEN,2026,1,2026-09-13,Sunday,13:00,New York Jets,,Tennessee Titans,,Home,2026091307,,202609130oti,,,,outdoors,grass,,,,,,,Nissan Stadium
2026_01_ARI_LAC,2026,1,2026-09-13,Sunday,16:25,Arizona Cardinals,,Los Angeles Chargers,,Home,2026091308,,202609130sdg,,,,dome,matrixturf,,,,,,,SoFi Stadium
2026_01_MIA_LV,2026,1,2026-09-13,Sunday,16:25,Miami Dolphins,,Las Vegas Raiders,,Home,2026091309,,202609130rai,,,,dome,grass,,,,,,,Allegiant Stadium
2026_01_GB_MIN,2026,1,2026-09-13,Sunday,16:25,Green Bay Packers,,Minnesota Vikings,,Home,2026091310,,202609130min,,,,dome,sportturf,,,,,,,U.S. Bank Stadium
2026_01_WAS_PHI,2026,1,2026-09-13,Sunday,16:25,Washington Commanders,,Philadelphia Eagles,,Home,2026091311,,202609130phi,,,,outdoors,grass,,,,,,,Lincoln Financial Field
2026_01_DAL_NYG,2026,1,2026-09-13,Sunday,20:20,Dallas Cowboys,,New York Giants,,Home,2026091312,,202609130nyg,,,,outdoors,fieldturf,,,,,,,MetLife Stadium
2026_01_DEN_KC,2026,1,2026-09-14,Monday,20:15,Denver Broncos,,Kansas City Chiefs,,Home,2026091400,,202609140kan,,,,outdoors,grass,,,,,,,GEHA Field at Arrowhead Stadium
2026_02_DET_BUF,2026,2,2026-09-17,Thursday,20:15,Detroit Lions,,Buffalo Bills,,Home,2026091700,,202609170buf,,,,outdoors,a_turf,,,,,,,Highmark Stadium
2026_02_CAR_ATL,2026,2,2026-09-20,Sunday,13:00,Carolina Panthers,,Atlanta Falcons,,Home,2026092000,,202609200atl,,,,,fieldturf,,,,,,,Mercedes-Benz Stadium
2026_02_NO_BAL,2026,2,2026-09-20,Sunday,13:00,New Orleans Saints,,Baltimore Ravens,,Home,2026092001,,202609200rav,,,,outdoors,grass,,,,,,,M&T Bank Stadium
2026_02_MIN_CHI,2026,2,2026-09-20,Sunday,13:00,Minnesota Vikings,,Chicago Bears,,Home,2026092002,,202609200chi,,,,outdoors,grass,,,,,,,Soldier Field
2026_02_CIN_HOU,2026,2,2026-09-20,Sunday,13:00,Cincinnati Bengals,,Houston Texans,,Home,2026092003,,202609200htx,,,,,astroturf,,,,,,,Reliant Stadium
2026_02_PIT_NE,2026,2,2026-09-20,Sunday,13:00,Pittsburgh Steelers,,New England Patriots,,Home,2026092004,,202609200nwe,,,,outdoors,fieldturf,,,,,,,Gillette Stadium
2026_02_GB_NYJ,2026,2,2026-09-20,Sunday,13:00,Green Bay Packers,,New York Jets,,Home,2026092005,,202609200nyj,,,,outdoors,fieldturf,,,,,,,MetLife Stadium
2026_02_CLE_TB,2026,2,2026-09-20,Sunday,13:00,Cleveland Browns,,Tampa Bay Buccaneers,,Home,2026092006,,202609200tam,,,,outdoors,grass,,,,,,,Raymond James Stadium
2026_02_PHI_TEN,2026,2,2026-09-20,Sunday,13:00,Philadelphia Eagles,,Tennessee Titans,,Home,2026092007,,202609200oti,,,,outdoors,grass,,,,,,,Nissan Stadium
2026_02_JAX_DEN,2026,2,2026-09-20,Sunday,16:05,Jacksonville Jaguars,,Denver Broncos,,Home,2026092008,,202609200den,,,,outdoors,grass,,,,,,,Empower Field at Mile High
2026_02_LV_LAC,2026,2,2026-09-20,Sunday,16:05,Las Vegas Raiders,,Los Angeles Chargers,,Home,2026092009,,202609200sdg,,,,dome,matrixturf,,,,,,,SoFi Stadium
2026_02_SEA_ARI,2026,2,2026-09-20,Sunday,16:25,Seattle Seahawks,,Arizona Cardinals,,Home,2026092010,,202609200crd,,,,,grass,,,,,,,State Farm Stadium
2026_02_WAS_DAL,2026,2,2026-09-20,Sunday,16:25,Washington Commanders,,Dallas Cowboys,,Home,2026092011,,202609200dal,,,,,matrixturf,,,,,,,AT&T Stadium
2026_02_MIA_SF,2026,2,2026-09-20,Sunday,16:25,Miami Dolphins,,San Francisco 49ers,,Home,2026092012,,202609200sfo,,,,outdoors,grass,,,,,,,Levi's Stadium
2026_02_IND_KC,2026,2,2026-09-20,Sunday,20:20,Indianapolis Colts,,Kansas City Chiefs,,Home,2026092013,,202609200kan,,,,outdoors,grass,,,,,,,GEHA Field at Arrowhead Stadium
2026_02_NYG_LA,2026,2,2026-09-21,Monday,20:15,New York Giants,,Los Angeles Rams,,Home,2026092100,,202609210ram,,,,dome,matrixturf,,,,,,,SoFi Stadium
2026_03_ATL_GB,2026,3,2026-09-24,Thursday,20:15,Atlanta Falcons,,Green Bay Packers,,Home,2026092400,,202609240gnb,,,,outdoors,grass,,,,,,,Lambeau Field
2026_03_LAC_BUF,2026,3,2026-09-27,Sunday,13:00,Los Angeles Chargers,,Buffalo Bills,,Home,2026092700,,202609270buf,,,,outdoors,a_turf,,,,,,,Highmark Stadium
2026_03_CAR_CLE,2026,3,2026-09-27,Sunday,13:00,Carolina Panthers,,Cleveland Browns,,Home,2026092701,,202609270cle,,,,outdoors,grass,,,,,,,Huntington Bank Field
2026_03_NYJ_DET,2026,3,2026-09-27,Sunday,13:00,New York Jets,,Detroit Lions,,Home,2026092702,,202609270det,,,,dome,fieldturf,,,,,,,Ford Field
2026_03_HOU_IND,2026,3,2026-09-27,Sunday,13:00,Houston Texans,,Indianapolis Colts,,Home,2026092703,,202609270clt,,,,,fieldturf,,,,,,,Lucas Oil Stadium
2026_03_NE_JAX,2026,3,2026-09-27,Sunday,13:00,New England Patriots,,Jacksonville Jaguars,,Home,2026092704,,202609270jax,,,,outdoors,grass,,,,,,,EverBank Stadium
2026_03_KC_MIA,2026,3,2026-09-27,Sunday,13:00,Kansas City Chiefs,,Miami Dolphins,,Home,2026092705,,202609270mia,,,,outdoors,grass,,,,,,,Hard Rock Stadium
2026_03_TEN_NYG,2026,3,2026-09-27,Sunday,13:00,Tennessee Titans,,New York Giants,,Home,2026092706,,202609270nyg,,,,outdoors,fieldturf,,,,,,,MetLife Stadium
2026_03_CIN_PIT,2026,3,2026-09-27,Sunday,13:00,Cincinnati Bengals,,Pittsburgh Steelers,,Home,2026092707,,202609270pit,,,,outdoors,grass,,,,,,,Acrisure Stadium
2026_03_SEA_WAS,2026,3,2026-09-27,Sunday,13:00,Seattle Seahawks,,Washington Commanders,,Home,2026092708,,202609270was,,,,outdoors,grass,,,,,,,Northwest Stadium
2026_03_ARI_SF,2026,3,2026-09-27,Sunday,16:05,Arizona Cardinals,,San Francisco 49ers,,Home,2026092709,,202609270sfo,,,,outdoors,grass,,,,,,,Levi's Stadium
2026_03_MIN_TB,2026,3,2026-09-27,Sunday,16:05,Minnesota Vikings,,Tampa Bay Buccaneers,,Home,2026092710,,202609270tam,,,,outdoors,grass,,,,,,,Raymond James Stadium
2026_03_BAL_DAL,2026,3,2026-09-27,Sunday,16:25,Baltimore Ravens,,Dallas Cowboys,,Neutral,2026092711,,202609270dal,,,,,matrixturf,,,,,,,Maracana Stadium
2026_03_LV_NO,2026,3,2026-09-27,Sunday,16:25,Las Vegas Raiders,,New Orleans Saints,,Home,2026092712,,202609270nor,,,,dome,sportturf,,,,,,,Caesars Superdome
2026_03_LA_DEN,2026,3,2026-09-27,Sunday,20:20,Los Angeles Rams,,Denver Broncos,,Home,2026092713,,202609270den,,,,outdoors,grass,,,,,,,Empower Field at Mile High
2026_03_PHI_CHI,2026,3,2026-09-28,Monday,20:15,Philadelphia Eagles,,Chicago Bears,,Home,2026092800,,202609280chi,,,,outdoors,grass,,,,,,,Soldier Field
2026_04_PIT_CLE,2026,4,2026-10-01,Thursday,20:15,Pittsburgh Steelers,,Cleveland Browns,,Home,2026100100,,202610010cle,,,,outdoors,grass,,,,,,,Huntington Bank Field
2026_04_IND_WAS,2026,4,2026-10-04,Sunday,09:30,Indianapolis Colts,,Washington Commanders,,Neutral,2026100400,,202610040was,,,,outdoors,grass,,,,,,,Tottenham Hotspur Stadium
2026_04_TEN_BAL,2026,4,2026-10-04,Sunday,13:00,Tennessee Titans,,Baltimore Ravens,,Home,2026100401,,202610040rav,,,,outdoors,grass,,,,,,,M&T Bank Stadium
2026_04_NE_BUF,2026,4,2026-10-04,Sunday,13:00,New England Patriots,,Buffalo Bills,,Home,2026100402,,202610040buf,,,,outdoors,a_turf,,,,,,,Highmark Stadium
2026_04_NYJ_CHI,2026,4,2026-10-04,Sunday,13:00,New York Jets,,Chicago Bears,,Home,2026100403,,202610040chi,,,,outdoors,grass,,,,,,,Soldier Field
2026_04_JAX_CIN,2026,4,2026-10-04,Sunday,13:00,Jacksonville Jaguars,,Cincinnati Bengals,,Home,2026100404,,202610040cin,,,,outdoors,fieldturf,,,,,,,Paycor Stadium
2026_04_DAL_HOU,2026,4,2026-10-04,Sunday,13:00,Dallas Cowboys,,Houston Texans,,Home,2026100405,,202610040htx,,,,,astroturf,,,,,,,Reliant Stadium
2026_04_ARI_NYG,2026,4,2026-10-04,Sunday,13:00,Arizona Cardinals,,New York Giants,,Home,2026100406,,202610040nyg,,,,outdoors,fieldturf,,,,,,,MetLife Stadium
2026_04_LA_PHI,2026,4,2026-10-04,Sunday,13:00,Los Angeles Rams,,Philadelphia Eagles,,Home,2026100407,,202610040phi,,,,outdoors,grass,,,,,,,Lincoln Financial Field
2026_04_GB_TB,2026,4,2026-10-04,Sunday,13:00,Green Bay Packers,,Tampa Bay Buccaneers,,Home,2026100408,,202610040tam,,,,outdoors,grass,,,,,,,Raymond James Stadium
2026_04_MIA_MIN,2026,4,2026-10-04,Sunday,16:05,Miami Dolphins,,Minnesota Vikings,,Home,2026100409,,202610040min,,,,dome,sportturf,,,,,,,U.S. Bank Stadium
2026_04_KC_LV,2026,4,2026-10-04,Sunday,16:25,Kansas City Chiefs,,Las Vegas Raiders,,Home,2026100410,,202610040rai,,,,dome,grass,,,,,,,Allegiant Stadium
2026_04_LAC_SEA,2026,4,2026-10-04,Sunday,16:25,Los Angeles Chargers,,Seattle Seahawks,,Home,2026100411,,202610040sea,,,,outdoors,fieldturf,,,,,,,Lumen Field
2026_04_DEN_SF,2026,4,2026-10-04,Sunday,16:25,Denver Broncos,,San Francisco 49ers,,Home,2026100412,,202610040sfo,,,,outdoors,grass,,,,,,,Levi's Stadium
2026_04_DET_CAR,2026,4,2026-10-04,Sunday,20:20,Detroit Lions,,Carolina Panthers,,Home,2026100413,,202610040car,,,,outdoors,grass,,,,,,,Bank of America Stadium
2026_04_ATL_NO,2026,4,2026-10-05,Monday,20:15,Atlanta Falcons,,New Orleans Saints,,Home,2026100500,,202610050nor,,,,dome,sportturf,,,,,,,Caesars Superdome
2026_05_TB_DAL,2026,5,2026-10-08,Thursday,20:15,Tampa Bay Buccaneers,,Dallas Cowboys,,Home,2026100800,,202610080dal,,,,,matrixturf,,,,,,,AT&T Stadium
2026_05_PHI_JAX,2026,5,2026-10-11,Sunday,09:30,Philadelphia Eagles,,Jacksonville Jaguars,,Home,2026101100,,202610110jax,,,,outdoors,grass,,,,,,,Tottenham Hotspur Stadium
2026_05_CIN_MIA,2026,5,2026-10-11,Sunday,13:00,Cincinnati Bengals,,Miami Dolphins,,Home,2026101101,,202610110mia,,,,outdoors,grass,,,,,,,Hard Rock Stadium
2026_05_LV_NE,2026,5,2026-10-11,Sunday,13:00,Las Vegas Raiders,,New England Patriots,,Home,2026101102,,202610110nwe,,,,outdoors,fieldturf,,,,,,,Gillette Stadium
2026_05_MIN_NO,2026,5,2026-10-11,Sunday,13:00,Minnesota Vikings,,New Orleans Saints,,Home,2026101103,,202610110nor,,,,dome,sportturf,,,,,,,Caesars Superdome
2026_05_CLE_NYJ,2026,5,2026-10-11,Sunday,13:00,Cleveland Browns,,New York Jets,,Home,2026101104,,202610110nyj,,,,outdoors,fieldturf,,,,,,,MetLife Stadium
2026_05_IND_PIT,2026,5,2026-10-11,Sunday,13:00,Indianapolis Colts,,Pittsburgh Steelers,,Home,2026101105,,202610110pit,,,,outdoors,grass,,,,,,,Acrisure Stadium
2026_05_HOU_TEN,2026,5,2026-10-11,Sunday,13:00,Houston Texans,,Tennessee Titans,,Home,2026101106,,202610110oti,,,,outdoors,grass,,,,,,,Nissan Stadium
2026_05_NYG_WAS,2026,5,2026-10-11,Sunday,13:00,New York Giants,,Washington Commanders,,Home,2026101107,,202610110was,,,,outdoors,grass,,,,,,,Northwest Stadium
2026_05_DEN_LAC,2026,5,2026-10-11,Sunday,16:05,Denver Broncos,,Los Angeles Chargers,,Home,2026101108,,202610110sdg,,,,dome,matrixturf,,,,,,,SoFi Stadium
2026_05_DET_ARI,2026,5,2026-10-11,Sunday,16:25,Detroit Lions,,Arizona Cardinals,,Home,2026101109,,202610110crd,,,,,grass,,,,,,,State Farm Stadium
2026_05_CHI_GB,2026,5,2026-10-11,Sunday,16:25,Chicago Bears,,Green Bay Packers,,Home,2026101110,,202610110gnb,,,,outdoors,grass,,,,,,,Lambeau Field
2026_05_SF_SEA,2026,5,2026-10-11,Sunday,16:25,San Francisco 49ers,,Seattle Seahawks,,Home,2026101111,,202610110sea,,,,outdoors,fieldturf,,,,,,,Lumen Field
2026_05_BAL_ATL,2026,5,2026-10-11,Sunday,20:20,Baltimore Ravens,,Atlanta Falcons,,Home,2026101112,,202610110atl,,,,,fieldturf,,,,,,,Mercedes-Benz Stadium
2026_05_BUF_LA,2026,5,2026-10-12,Monday,20:15,Buffalo Bills,,Los Angeles Rams,,Home,2026101200,,202610120ram,,,,dome,matrixturf,,,,,,,SoFi Stadium
2026_06_SEA_DEN,2026,6,2026-10-15,Thursday,20:15,Seattle Seahawks,,Denver Broncos,,Home,2026101500,,202610150den,,,,outdoors,grass,,,,,,,Empower Field at Mile High
2026_06_HOU_JAX,2026,6,2026-10-18,Sunday,09:30,Houston Texans,,Jacksonville Jaguars,,Neutral,2026101800,,202610180jax,,,,outdoors,grass,,,,,,,Wembley Stadium
2026_06_CHI_ATL,2026,6,2026-10-18,Sunday,13:00,Chicago Bears,,Atlanta Falcons,,Home,2026101801,,202610180atl,,,,,fieldturf,,,,,,,Mercedes-Benz Stadium
2026_06_BAL_CLE,2026,6,2026-10-18,Sunday,13:00,Baltimore Ravens,,Cleveland Browns,,Home,2026101802,,202610180cle,,,,outdoors,grass,,,,,,,Huntington Bank Field
2026_06_TEN_IND,2026,6,2026-10-18,Sunday,13:00,Tennessee Titans,,Indianapolis Colts,,Home,2026101803,,202610180clt,,,,,fieldturf,,,,,,,Lucas Oil Stadium
2026_06_NYJ_NE,2026,6,2026-10-18,Sunday,13:00,New York Jets,,New England Patriots,,Home,2026101804,,202610180nwe,,,,outdoors,fieldturf,,,,,,,Gillette Stadium
2026_06_NO_NYG,2026,6,2026-10-18,Sunday,13:00,New Orleans Saints,,New York Giants,,Home,2026101805,,202610180nyg,,,,outdoors,fieldturf,,,,,,,MetLife Stadium
2026_06_CAR_PHI,2026,6,2026-10-18,Sunday,13:00,Carolina Panthers,,Philadelphia Eagles,,Home,2026101806,,202610180phi,,,,outdoors,grass,,,,,,,Lincoln Financial Field
2026_06_PIT_TB,2026,6,2026-10-18,Sunday,13:00,Pittsburgh Steelers,,Tampa Bay Buccaneers,,Home,2026101807,,202610180tam,,,,outdoors,grass,,,,,,,Raymond James Stadium
2026_06_ARI_LA,2026,6,2026-10-18,Sunday,16:05,Arizona Cardinals,,Los Angeles Rams,,Home,2026101808,,202610180ram,,,,dome,matrixturf,,,,,,,SoFi Stadium
2026_06_LAC_KC,2026,6,2026-10-18,Sunday,16:25,Los Angeles Chargers,,Kansas City Chiefs,,Home,2026101809,,202610180kan,,,,outdoors,grass,,,,,,,GEHA Field at Arrowhead Stadium
2026_06_BUF_LV,2026,6,2026-10-18,Sunday,16:25,Buffalo Bills,,Las Vegas Raiders,,Home,2026101810,,202610180rai,,,,dome,grass,,,,,,,Allegiant Stadium
2026_06_DAL_GB,2026,6,2026-10-18,Sunday,20:20,Dallas Cowboys,,Green Bay Packers,,Home,2026101811,,202610180gnb,,,,outdoors,grass,,,,,,,Lambeau Field
2026_06_WAS_SF,2026,6,2026-10-19,Monday,20:15,Washington Commanders,,San Francisco 49ers,,Home,2026101900,,202610190sfo,,,,outdoors,grass,,,,,,,Levi's Stadium
2026_07_NE_CHI,2026,7,2026-10-22,Thursday,20:15,New England Patriots,,Chicago Bears,,Home,2026102200,,202610220chi,,,,outdoors,grass,,,,,,,Soldier Field
2026_07_PIT_NO,2026,7,2026-10-25,Sunday,09:30,Pittsburgh Steelers,,New Orleans Saints,,Neutral,2026102500,,202610250nor,,,,dome,sportturf,,,,,,,Stade de France
2026_07_SF_ATL,2026,7,2026-10-25,Sunday,13:00,San Francisco 49ers,,Atlanta Falcons,,Home,2026102501,,202610250atl,,,,,fieldturf,,,,,,,Mercedes-Benz Stadium
2026_07_CIN_BAL,2026,7,2026-10-25,Sunday,13:00,Cincinnati Bengals,,Baltimore Ravens,,Home,2026102502,,202610250rav,,,,outdoors,grass,,,,,,,M&T Bank Stadium
2026_07_TB_CAR,2026,7,2026-10-25,Sunday,13:00,Tampa Bay Buccaneers,,Carolina Panthers,,Home,2026102503,,202610250car,,,,outdoors,grass,,,,,,,Bank of America Stadium
2026_07_NYG_HOU,2026,7,2026-10-25,Sunday,13:00,New York Giants,,Houston Texans,,Home,2026102504,,202610250htx,,,,,astroturf,,,,,,,Reliant Stadium
2026_07_IND_MIN,2026,7,2026-10-25,Sunday,13:00,Indianapolis Colts,,Minnesota Vikings,,Home,2026102505,,202610250min,,,,dome,sportturf,,,,,,,U.S. Bank Stadium
2026_07_MIA_NYJ,2026,7,2026-10-25,Sunday,13:00,Miami Dolphins,,New York Jets,,Home,2026102506,,202610250nyj,,,,outdoors,fieldturf,,,,,,,MetLife Stadium
2026_07_CLE_TEN,2026,7,2026-10-25,Sunday,13:00,Cleveland Browns,,Tennessee Titans,,Home,2026102507,,202610250oti,,,,outdoors,grass,,,,,,,Nissan Stadium
2026_07_DEN_ARI,2026,7,2026-10-25,Sunday,16:05,Denver Broncos,,Arizona Cardinals,,Home,2026102508,,202610250crd,,,,,grass,,,,,,,State Farm Stadium
2026_07_GB_DET,2026,7,2026-10-25,Sunday,16:25,Green Bay Packers,,Detroit Lions,,Home,2026102509,,202610250det,,,,dome,fieldturf,,,,,,,Ford Field
2026_07_LA_LV,2026,7,2026-10-25,Sunday,16:25,Los Angeles Rams,,Las Vegas Raiders,,Home,2026102510,,202610250rai,,,,dome,grass,,,,,,,Allegiant Stadium
2026_07_KC_SEA,2026,7,2026-10-25,Sunday,20:20,Kansas City Chiefs,,Seattle Seahawks,,Home,2026102511,,202610250sea,,,,outdoors,fieldturf,,,,,,,Lumen Field
2026_07_DAL_PHI,2026,7,2026-10-26,Monday,20:15,Dallas Cowboys,,Philadelphia Eagles,,Home,2026102600,,202610260phi,,,,outdoors,grass,,,,,,,Lincoln Financial Field
2026_08_CAR_GB,2026,8,2026-10-29,Thursday,20:15,Carolina Panthers,,Green Bay Packers,,Home,2026102900,,202610290gnb,,,,outdoors,grass,,,,,,,Lambeau Field
2026_08_BAL_BUF,2026,8,2026-11-01,Sunday,13:00,Baltimore Ravens,,Buffalo Bills,,Home,2026110100,,202611010buf,,,,outdoors,a_turf,,,,,,,Highmark Stadium
2026_08_TEN_CIN,2026,8,2026-11-01,Sunday,13:00,Tennessee Titans,,Cincinnati Bengals,,Home,2026110101,,202611010cin,,,,outdoors,fieldturf,,,,,,,Paycor Stadium
2026_08_ARI_DAL,2026,8,2026-11-01,Sunday,13:00,Arizona Cardinals,,Dallas Cowboys,,Home,2026110102,,202611010dal,,,,,matrixturf,,,,,,,AT&T Stadium
2026_08_MIN_DET,2026,8,2026-11-01,Sunday,13:00,Minnesota Vikings,,Detroit Lions,,Home,2026110103,,202611010det,,,,dome,fieldturf,,,,,,,Ford Field
2026_08_IND_JAX,2026,8,2026-11-01,Sunday,13:00,Indianapolis Colts,,Jacksonville Jaguars,,Home,2026110104,,202611010jax,,,,outdoors,grass,,,,,,,EverBank Stadium
2026_08_LV_NYJ,2026,8,2026-11-01,Sunday,13:00,Las Vegas Raiders,,New York Jets,,Home,2026110105,,202611010nyj,,,,outdoors,fieldturf,,,,,,,MetLife Stadium
2026_08_CLE_PIT,2026,8,2026-11-01,Sunday,13:00,Cleveland Browns,,Pittsburgh Steelers,,Home,2026110106,,202611010pit,,,,outdoors,grass,,,,,,,Acrisure Stadium
2026_08_ATL_TB,2026,8,2026-11-01,Sunday,13:00,Atlanta Falcons,,Tampa Bay Buccaneers,,Home,2026110107,,202611010tam,,,,outdoors,grass,,,,,,,Raymond James Stadium
2026_08_LAC_LA,2026,8,2026-11-01,Sunday,16:05,Los Angeles Chargers,,Los Angeles Rams,,Home,2026110108,,202611010ram,,,,dome,matrixturf,,,,,,,SoFi Stadium
2026_08_KC_DEN,2026,8,2026-11-01,Sunday,16:25,Kansas City Chiefs,,Denver Broncos,,Home,2026110109,,202611010den,,,,outdoors,grass,,,,,,,Empower Field at Mile High
2026_08_NE_MIA,2026,8,2026-11-01,Sunday,16:25,New England Patriots,,Miami Dolphins,,Home,2026110110,,202611010mia,,,,outdoors,grass,,,,,,,Hard Rock Stadium
2026_08_PHI_WAS,2026,8,2026-11-01,Sunday,20:20,Philadelphia Eagles,,Washington Commanders,,Home,2026110111,,202611010was,,,,outdoors,grass,,,,,,,Northwest Stadium
2026_08_CHI_SEA,2026,8,2026-11-02,Monday,20:15,Chicago Bears,,Seattle Seahawks,,Home,2026110200,,202611020sea,,,,outdoors,fieldturf,,,,,,,Lumen Field
2026_09_JAX_BAL,2026,9,2026-11-05,Thursday,20:15,Jacksonville Jaguars,,Baltimore Ravens,,Home,2026110500,,202611050rav,,,,outdoors,grass,,,,,,,M&T Bank Stadium
2026_09_CIN_ATL,2026,9,2026-11-08,Sunday,09:30,Cincinnati Bengals,,Atlanta Falcons,,Neutral,2026110800,,202611080atl,,,,,fieldturf,,,,,,,Bernabeu
2026_09_DEN_CAR,2026,9,2026-11-08,Sunday,13:00,Denver Broncos,,Carolina Panthers,,Home,2026110801,,202611080car,,,,outdoors,grass,,,,,,,Bank of America Stadium
2026_09_DAL_IND,2026,9,2026-11-08,Sunday,13:00,Dallas Cowboys,,Indianapolis Colts,,Home,2026110802,,202611080clt,,,,,fieldturf,,,,,,,Lucas Oil Stadium
2026_09_NYJ_KC,2026,9,2026-11-08,Sunday,13:00,New York Jets,,Kansas City Chiefs,,Home,2026110803,,202611080kan,,,,outdoors,grass,,,,,,,GEHA Field at Arrowhead Stadium
2026_09_DET_MIA,2026,9,2026-11-08,Sunday,13:00,Detroit Lions,,Miami Dolphins,,Home,2026110804,,202611080mia,,,,outdoors,grass,,,,,,,Hard Rock Stadium
2026_09_CLE_NO,2026,9,2026-11-08,Sunday,13:00,Cleveland Browns,,New Orleans Saints,,Home,2026110805,,202611080nor,,,,dome,sportturf,,,,,,,Caesars Superdome
2026_09_NYG_PHI,2026,9,2026-11-08,Sunday,13:00,New York Giants,,Philadelphia Eagles,,Home,2026110806,,202611080phi,,,,outdoors,grass,,,,,,,Lincoln Financial Field
2026_09_LA_WAS,2026,9,2026-11-08,Sunday,13:00,Los Angeles Rams,,Washington Commanders,,Home,2026110807,,202611080was,,,,outdoors,grass,,,,,,,Northwest Stadium
2026_09_HOU_LAC,2026,9,2026-11-08,Sunday,16:05,Houston Texans,,Los Angeles Chargers,,Home,2026110808,,202611080sdg,,,,dome,matrixturf,,,,,,,SoFi Stadium
2026_09_LV_SF,2026,9,2026-11-08,Sunday,16:05,Las Vegas Raiders,,San Francisco 49ers,,Home,2026110809,,202611080sfo,,,,outdoors,grass,,,,,,,Levi's Stadium
2026_09_GB_NE,2026,9,2026-11-08,Sunday,16:25,Green Bay Packers,,New England Patriots,,Home,2026110810,,202611080nwe,,,,outdoors,fieldturf,,,,,,,Gillette Stadium
2026_09_ARI_SEA,2026,9,2026-11-08,Sunday,16:25,Arizona Cardinals,,Seattle Seahawks,,Home,2026110811,,202611080sea,,,,outdoors,fieldturf,,,,,,,Lumen Field
2026_09_TB_CHI,2026,9,2026-11-08,Sunday,20:20,Tampa Bay Buccaneers,,Chicago Bears,,Home,2026110812,,202611080chi,,,,outdoors,grass,,,,,,,Soldier Field
2026_09_BUF_MIN,2026,9,2026-11-09,Monday,20:15,Buffalo Bills,,Minnesota Vikings,,Home,2026110900,,202611090min,,,,dome,sportturf,,,,,,,U.S. Bank Stadium
2026_10_WAS_NYG,2026,10,2026-11-12,Thursday,20:15,Washington Commanders,,New York Giants,,Home,2026111200,,202611120nyg,,,,outdoors,fieldturf,,,,,,,MetLife Stadium
2026_10_NE_DET,2026,10,2026-11-15,Sunday,09:30,New England Patriots,,Detroit Lions,,Neutral,2026111500,,202611150det,,,,dome,fieldturf,,,,,,,FC Bayern Munich Stadium
2026_10_KC_ATL,2026,10,2026-11-15,Sunday,13:00,Kansas City Chiefs,,Atlanta Falcons,,Home,2026111501,,202611150atl,,,,,fieldturf,,,,,,,Mercedes-Benz Stadium
2026_10_HOU_CLE,2026,10,2026-11-15,Sunday,13:00,Houston Texans,,Cleveland Browns,,Home,2026111502,,202611150cle,,,,outdoors,grass,,,,,,,Huntington Bank Field
2026_10_MIN_GB,2026,10,2026-11-15,Sunday,13:00,Minnesota Vikings,,Green Bay Packers,,Home,2026111503,,202611150gnb,,,,outdoors,grass,,,,,,,Lambeau Field
2026_10_MIA_IND,2026,10,2026-11-15,Sunday,13:00,Miami Dolphins,,Indianapolis Colts,,Home,2026111504,,202611150clt,,,,,fieldturf,,,,,,,Lucas Oil Stadium
2026_10_CAR_NO,2026,10,2026-11-15,Sunday,13:00,Carolina Panthers,,New Orleans Saints,,Home,2026111505,,202611150nor,,,,dome,sportturf,,,,,,,Caesars Superdome
2026_10_BUF_NYJ,2026,10,2026-11-15,Sunday,13:00,Buffalo Bills,,New York Jets,,Home,2026111506,,202611150nyj,,,,outdoors,fieldturf,,,,,,,MetLife Stadium
2026_10_JAX_TEN,2026,10,2026-11-15,Sunday,13:00,Jacksonville Jaguars,,Tennessee Titans,,Home,2026111507,,202611150oti,,,,outdoors,grass,,,,,,,Nissan Stadium
2026_10_LA_ARI,2026,10,2026-11-15,Sunday,16:05,Los Angeles Rams,,Arizona Cardinals,,Home,2026111508,,202611150crd,,,,,grass,,,,,,,State Farm Stadium
2026_10_SEA_LV,2026,10,2026-11-15,Sunday,16:05,Seattle Seahawks,,Las Vegas Raiders,,Home,2026111509,,202611150rai,,,,dome,grass,,,,,,,Allegiant Stadium
2026_10_SF_DAL,2026,10,2026-11-15,Sunday,16:25,San Francisco 49ers,,Dallas Cowboys,,Home,2026111510,,202611150dal,,,,,matrixturf,,,,,,,AT&T Stadium
2026_10_PIT_CIN,2026,10,2026-11-15,Sunday,20:20,Pittsburgh Steelers,,Cincinnati Bengals,,Home,2026111511,,202611150cin,,,,outdoors,fieldturf,,,,,,,Paycor Stadium
2026_10_LAC_BAL,2026,10,2026-11-16,Monday,20:15,Los Angeles Chargers,,Baltimore Ravens,,Home,2026111600,,202611160rav,,,,outdoors,grass,,,,,,,M&T Bank Stadium
2026_11_IND_HOU,2026,11,2026-11-19,Thursday,20:15,Indianapolis Colts,,Houston Texans,,Home,2026111900,,202611190htx,,,,,astroturf,,,,,,,Reliant Stadium
2026_11_MIA_BUF,2026,11,2026-11-22,Sunday,13:00,Miami Dolphins,,Buffalo Bills,,Home,2026112200,,202611220buf,,,,outdoors,a_turf,,,,,,,Highmark Stadium
2026_11_BAL_CAR,2026,11,2026-11-22,Sunday,13:00,Baltimore Ravens,,Carolina Panthers,,Home,2026112201,,202611220car,,,,outdoors,grass,,,,,,,Bank of America Stadium
2026_11_NO_CHI,2026,11,2026-11-22,Sunday,13:00,New Orleans Saints,,Chicago Bears,,Home,2026112202,,202611220chi,,,,outdoors,grass,,,,,,,Soldier Field
2026_11_TEN_DAL,2026,11,2026-11-22,Sunday,13:00,Tennessee Titans,,Dallas Cowboys,,Home,2026112203,,202611220dal,,,,,matrixturf,,,,,,,AT&T Stadium
2026_11_TB_DET,2026,11,2026-11-22,Sunday,13:00,Tampa Bay Buccaneers,,Detroit Lions,,Home,2026112204,,202611220det,,,,dome,fieldturf,,,,,,,Ford Field
2026_11_ARI_KC,2026,11,2026-11-22,Sunday,13:00,Arizona Cardinals,,Kansas City Chiefs,,Home,2026112205,,202611220kan,,,,outdoors,grass,,,,,,,GEHA Field at Arrowhead Stadium
2026_11_JAX_NYG,2026,11,2026-11-22,Sunday,13:00,Jacksonville Jaguars,,New York Giants,,Home,2026112206,,202611220nyg,,,,outdoors,fieldturf,,,,,,,MetLife Stadium
2026_11_NYJ_LAC,2026,11,2026-11-22,Sunday,16:05,New York Jets,,Los Angeles Chargers,,Home,2026112207,,202611220sdg,,,,dome,matrixturf,,,,,,,SoFi Stadium
2026_11_LV_DEN,2026,11,2026-11-22,Sunday,16:25,Las Vegas Raiders,,Denver Broncos,,Home,2026112208,,202611220den,,,,outdoors,grass,,,,,,,Empower Field at Mile High
2026_11_PIT_PHI,2026,11,2026-11-22,Sunday,16:25,Pittsburgh Steelers,,Philadelphia Eagles,,Home,2026112209,,202611220phi,,,,outdoors,grass,,,,,,,Lincoln Financial Field
2026_11_MIN_SF,2026,11,2026-11-22,Sunday,20:20,Minnesota Vikings,,San Francisco 49ers,,Neutral,2026112210,,202611220sfo,,,,outdoors,grass,,,,,,,Estadio Banorte
2026_11_CIN_WAS,2026,11,2026-11-23,Monday,20:15,Cincinnati Bengals,,Washington Commanders,,Home,2026112300,,202611230was,,,,outdoors,grass,,,,,,,Northwest Stadium
2026_12_GB_LA,2026,12,2026-11-25,Wednesday,20:00,Green Bay Packers,,Los Angeles Rams,,Home,2026112500,,202611250ram,,,,dome,matrixturf,,,,,,,SoFi Stadium
2026_12_CHI_DET,2026,12,2026-11-26,Thursday,13:00,Chicago Bears,,Detroit Lions,,Home,2026112600,,202611260det,,,,dome,fieldturf,,,,,,,Ford Field
2026_12_PHI_DAL,2026,12,2026-11-26,Thursday,16:30,Philadelphia Eagles,,Dallas Cowboys,,Home,2026112601,,202611260dal,,,,,matrixturf,,,,,,,AT&T Stadium
2026_12_KC_BUF,2026,12,2026-11-26,Thursday,20:20,Kansas City Chiefs,,Buffalo Bills,,Home,2026112602,,202611260buf,,,,outdoors,a_turf,,,,,,,Highmark Stadium
2026_12_DEN_PIT,2026,12,2026-11-27,Friday,15:00,Denver Broncos,,Pittsburgh Steelers,,Home,2026112700,,202611270pit,,,,outdoors,grass,,,,,,,Acrisure Stadium
2026_12_NO_CIN,2026,12,2026-11-29,Sunday,13:00,New Orleans Saints,,Cincinnati Bengals,,Home,2026112900,,202611290cin,,,,outdoors,fieldturf,,,,,,,Paycor Stadium
2026_12_LV_CLE,2026,12,2026-11-29,Sunday,13:00,Las Vegas Raiders,,Cleveland Browns,,Home,2026112901,,202611290cle,,,,outdoors,grass,,,,,,,Huntington Bank Field
2026_12_BAL_HOU,2026,12,2026-11-29,Sunday,13:00,Baltimore Ravens,,Houston Texans,,Home,2026112902,,202611290htx,,,,,astroturf,,,,,,,Reliant Stadium
2026_12_NYG_IND,2026,12,2026-11-29,Sunday,13:00,New York Giants,,Indianapolis Colts,,Home,2026112903,,202611290clt,,,,,fieldturf,,,,,,,Lucas Oil Stadium
2026_12_NYJ_MIA,2026,12,2026-11-29,Sunday,13:00,New York Jets,,Miami Dolphins,,Home,2026112904,,202611290mia,,,,outdoors,grass,,,,,,,Hard Rock Stadium
2026_12_ATL_MIN,2026,12,2026-11-29,Sunday,13:00,Atlanta Falcons,,Minnesota Vikings,,Home,2026112905,,202611290min,,,,dome,sportturf,,,,,,,U.S. Bank Stadium
2026_12_TEN_JAX,2026,12,2026-11-29,Sunday,16:05,Tennessee Titans,,Jacksonville Jaguars,,Home,2026112906,,202611290jax,,,,outdoors,grass,,,,,,,EverBank Stadium
2026_12_WAS_ARI,2026,12,2026-11-29,Sunday,16:25,Washington Commanders,,Arizona Cardinals,,Home,2026112907,,202611290crd,,,,,grass,,,,,,,State Farm Stadium
2026_12_SEA_SF,2026,12,2026-11-29,Sunday,16:25,Seattle Seahawks,,San Francisco 49ers,,Home,2026112908,,202611290sfo,,,,outdoors,grass,,,,,,,Levi's Stadium
2026_12_NE_LAC,2026,12,2026-11-29,Sunday,20:20,New England Patriots,,Los Angeles Chargers,,Home,2026112909,,202611290sdg,,,,dome,matrixturf,,,,,,,SoFi Stadium
2026_12_CAR_TB,2026,12,2026-11-30,Monday,20:15,Carolina Panthers,,Tampa Bay Buccaneers,,Home,2026113000,,202611300tam,,,,outdoors,grass,,,,,,,Raymond James Stadium
2026_13_KC_LA,2026,13,2026-12-03,Thursday,20:15,Kansas City Chiefs,,Los Angeles Rams,,Home,2026120300,,202612030ram,,,,dome,matrixturf,,,,,,,SoFi Stadium
2026_13_DET_ATL,2026,13,2026-12-06,Sunday,13:00,Detroit Lions,,Atlanta Falcons,,Home,2026120600,,202612060atl,,,,,fieldturf,,,,,,,Mercedes-Benz Stadium
2026_13_JAX_CHI,2026,13,2026-12-06,Sunday,13:00,Jacksonville Jaguars,,Chicago Bears,,Home,2026120601,,202612060chi,,,,outdoors,grass,,,,,,,Soldier Field
2026_13_CIN_CLE,2026,13,2026-12-06,Sunday,13:00,Cincinnati Bengals,,Cleveland Browns,,Home,2026120602,,202612060cle,,,,outdoors,grass,,,,,,,Huntington Bank Field
2026_13_GB_NO,2026,13,2026-12-06,Sunday,13:00,Green Bay Packers,,New Orleans Saints,,Home,2026120603,,202612060nor,,,,dome,sportturf,,,,,,,Caesars Superdome
2026_13_SF_NYG,2026,13,2026-12-06,Sunday,13:00,San Francisco 49ers,,New York Giants,,Home,2026120604,,202612060nyg,,,,outdoors,fieldturf,,,,,,,MetLife Stadium
2026_13_LAC_TB,2026,13,2026-12-06,Sunday,13:00,Los Angeles Chargers,,Tampa Bay Buccaneers,,Home,2026120605,,202612060tam,,,,outdoors,grass,,,,,,,Raymond James Stadium
2026_13_WAS_TEN,2026,13,2026-12-06,Sunday,13:00,Washington Commanders,,Tennessee Titans,,Home,2026120606,,202612060oti,,,,outdoors,grass,,,,,,,Nissan Stadium
2026_13_PHI_ARI,2026,13,2026-12-06,Sunday,16:05,Philadelphia Eagles,,Arizona Cardinals,,Home,2026120607,,202612060crd,,,,,grass,,,,,,,State Farm Stadium
2026_13_MIA_DEN,2026,13,2026-12-06,Sunday,16:05,Miami Dolphins,,Denver Broncos,,Home,2026120608,,202612060den,,,,outdoors,grass,,,,,,,Empower Field at Mile High
2026_13_CAR_MIN,2026,13,2026-12-06,Sunday,16:25,Carolina Panthers,,Minnesota Vikings,,Home,2026120609,,202612060min,,,,dome,sportturf,,,,,,,U.S. Bank Stadium
2026_13_BUF_NE,2026,13,2026-12-06,Sunday,16:25,Buffalo Bills,,New England Patriots,,Home,2026120610,,202612060nwe,,,,outdoors,fieldturf,,,,,,,Gillette Stadium
2026_13_HOU_PIT,2026,13,2026-12-06,Sunday,20:20,Houston Texans,,Pittsburgh Steelers,,Home,2026120611,,202612060pit,,,,outdoors,grass,,,,,,,Acrisure Stadium
2026_13_DAL_SEA,2026,13,2026-12-07,Monday,20:15,Dallas Cowboys,,Seattle Seahawks,,Home,2026120700,,202612070sea,,,,outdoors,fieldturf,,,,,,,Lumen Field
2026_14_MIN_NE,2026,14,2026-12-10,Thursday,20:15,Minnesota Vikings,,New England Patriots,,Home,2026121000,,202612100nwe,,,,outdoors,fieldturf,,,,,,,Gillette Stadium
2026_14_TB_BAL,2026,14,2026-12-13,Sunday,13:00,Tampa Bay Buccaneers,,Baltimore Ravens,,Home,2026121300,,202612130rav,,,,outdoors,grass,,,,,,,M&T Bank Stadium
2026_14_NO_CAR,2026,14,2026-12-13,Sunday,13:00,New Orleans Saints,,Carolina Panthers,,Home,2026121301,,202612130car,,,,outdoors,grass,,,,,,,Bank of America Stadium
2026_14_ATL_CLE,2026,14,2026-12-13,Sunday,13:00,Atlanta Falcons,,Cleveland Browns,,Home,2026121302,,202612130cle,,,,outdoors,grass,,,,,,,Huntington Bank Field
2026_14_TEN_DET,2026,14,2026-12-13,Sunday,13:00,Tennessee Titans,,Detroit Lions,,Home,2026121303,,202612130det,,,,dome,fieldturf,,,,,,,Ford Field
2026_14_CHI_MIA,2026,14,2026-12-13,Sunday,13:00,Chicago Bears,,Miami Dolphins,,Home,2026121304,,202612130mia,,,,outdoors,grass,,,,,,,Hard Rock Stadium
2026_14_DEN_NYJ,2026,14,2026-12-13,Sunday,13:00,Denver Broncos,,New York Jets,,Home,2026121305,,202612130nyj,,,,outdoors,fieldturf,,,,,,,MetLife Stadium
2026_14_IND_PHI,2026,14,2026-12-13,Sunday,13:00,Indianapolis Colts,,Philadelphia Eagles,,Home,2026121306,,202612130phi,,,,outdoors,grass,,,,,,,Lincoln Financial Field
2026_14_HOU_WAS,2026,14,2026-12-13,Sunday,13:00,Houston Texans,,Washington Commanders,,Home,2026121307,,202612130was,,,,outdoors,grass,,,,,,,Northwest Stadium
2026_14_LAC_LV,2026,14,2026-12-13,Sunday,16:05,Los Angeles Chargers,,Las Vegas Raiders,,Home,2026121308,,202612130rai,,,,dome,grass,,,,,,,Allegiant Stadium
2026_14_KC_CIN,2026,14,2026-12-13,Sunday,16:25,Kansas City Chiefs,,Cincinnati Bengals,,Home,2026121309,,202612130cin,,,,outdoors,fieldturf,,,,,,,Paycor Stadium
2026_14_NYG_SEA,2026,14,2026-12-13,Sunday,16:25,New York Giants,,Seattle Seahawks,,Home,2026121310,,202612130sea,,,,outdoors,fieldturf,,,,,,,Lumen Field
2026_14_LA_SF,2026,14,2026-12-13,Sunday,16:25,Los Angeles Rams,,San Francisco 49ers,,Home,2026121311,,202612130sfo,,,,outdoors,grass,,,,,,,Levi's Stadium
2026_14_BUF_GB,2026,14,2026-12-13,Sunday,20:20,Buffalo Bills,,Green Bay Packers,,Home,2026121312,,202612130gnb,,,,outdoors,grass,,,,,,,Lambeau Field
2026_14_PIT_JAX,2026,14,2026-12-14,Monday,20:15,Pittsburgh Steelers,,Jacksonville Jaguars,,Home,2026121400,,202612140jax,,,,outdoors,grass,,,,,,,EverBank Stadium
2026_15_SF_LAC,2026,15,2026-12-17,Thursday,20:15,San Francisco 49ers,,Los Angeles Chargers,,Home,2026121700,,202612170sdg,,,,dome,matrixturf,,,,,,,SoFi Stadium
2026_15_SEA_PHI,2026,15,2026-12-19,Saturday,17:00,Seattle Seahawks,,Philadelphia Eagles,,Home,2026121900,,202612190phi,,,,outdoors,grass,,,,,,,Lincoln Financial Field
2026_15_CHI_BUF,2026,15,2026-12-19,Saturday,20:20,Chicago Bears,,Buffalo Bills,,Home,2026121901,,202612190buf,,,,outdoors,a_turf,,,,,,,Highmark Stadium
2026_15_CIN_CAR,2026,15,2026-12-20,Sunday,13:00,Cincinnati Bengals,,Carolina Panthers,,Home,2026122000,,202612200car,,,,outdoors,grass,,,,,,,Bank of America Stadium
2026_15_MIA_GB,2026,15,2026-12-20,Sunday,13:00,Miami Dolphins,,Green Bay Packers,,Home,2026122001,,202612200gnb,,,,outdoors,grass,,,,,,,Lambeau Field
2026_15_JAX_HOU,2026,15,2026-12-20,Sunday,13:00,Jacksonville Jaguars,,Houston Texans,,Home,2026122002,,202612200htx,,,,,astroturf,,,,,,,Reliant Stadium
2026_15_CLE_NYG,2026,15,2026-12-20,Sunday,13:00,Cleveland Browns,,New York Giants,,Home,2026122003,,202612200nyg,,,,outdoors,fieldturf,,,,,,,MetLife Stadium
2026_15_BAL_PIT,2026,15,2026-12-20,Sunday,13:00,Baltimore Ravens,,Pittsburgh Steelers,,Home,2026122004,,202612200pit,,,,outdoors,grass,,,,,,,Acrisure Stadium
2026_15_NO_TB,2026,15,2026-12-20,Sunday,13:00,New Orleans Saints,,Tampa Bay Buccaneers,,Home,2026122005,,202612200tam,,,,outdoors,grass,,,,,,,Raymond James Stadium
2026_15_IND_TEN,2026,15,2026-12-20,Sunday,13:00,Indianapolis Colts,,Tennessee Titans,,Home,2026122006,,202612200oti,,,,outdoors,grass,,,,,,,Nissan Stadium
2026_15_ATL_WAS,2026,15,2026-12-20,Sunday,13:00,Atlanta Falcons,,Washington Commanders,,Home,2026122007,,202612200was,,,,outdoors,grass,,,,,,,Northwest Stadium
2026_15_NYJ_ARI,2026,15,2026-12-20,Sunday,16:05,New York Jets,,Arizona Cardinals,,Home,2026122008,,202612200crd,,,,,grass,,,,,,,State Farm Stadium
2026_15_DAL_LA,2026,15,2026-12-20,Sunday,16:25,Dallas Cowboys,,Los Angeles Rams,,Home,2026122009,,202612200ram,,,,dome,matrixturf,,,,,,,SoFi Stadium
2026_15_DEN_LV,2026,15,2026-12-20,Sunday,16:25,Denver Broncos,,Las Vegas Raiders,,Home,2026122010,,202612200rai,,,,dome,grass,,,,,,,Allegiant Stadium
2026_15_DET_MIN,2026,15,2026-12-20,Sunday,20:20,Detroit Lions,,Minnesota Vikings,,Home,2026122011,,202612200min,,,,dome,sportturf,,,,,,,U.S. Bank Stadium
2026_15_NE_KC,2026,15,2026-12-21,Monday,20:15,New England Patriots,,Kansas City Chiefs,,Home,2026122100,,202612210kan,,,,outdoors,grass,,,,,,,GEHA Field at Arrowhead Stadium
2026_16_HOU_PHI,2026,16,2026-12-24,Thursday,20:15,Houston Texans,,Philadelphia Eagles,,Home,2026122400,,202612240phi,,,,outdoors,grass,,,,,,,Lincoln Financial Field
2026_16_GB_CHI,2026,16,2026-12-25,Friday,13:00,Green Bay Packers,,Chicago Bears,,Home,2026122500,,202612250chi,,,,outdoors,grass,,,,,,,Soldier Field
2026_16_BUF_DEN,2026,16,2026-12-25,Friday,16:30,Buffalo Bills,,Denver Broncos,,Home,2026122501,,202612250den,,,,outdoors,grass,,,,,,,Empower Field at Mile High
2026_16_LA_SEA,2026,16,2026-12-25,Friday,20:15,Los Angeles Rams,,Seattle Seahawks,,Home,2026122502,,202612250sea,,,,outdoors,fieldturf,,,,,,,Lumen Field
2026_16_TB_ATL,2026,16,2026-12-27,Sunday,13:00,Tampa Bay Buccaneers,,Atlanta Falcons,,Home,2026122700,,202612270atl,,,,,fieldturf,,,,,,,Mercedes-Benz Stadium
2026_16_CLE_BAL,2026,16,2026-12-27,Sunday,13:00,Cleveland Browns,,Baltimore Ravens,,Home,2026122700,,202612270rav,,,,outdoors,grass,,,,,,,M&T Bank Stadium
2026_16_CIN_IND,2026,16,2026-12-27,Sunday,13:00,Cincinnati Bengals,,Indianapolis Colts,,Home,2026122701,,202612270clt,,,,,fieldturf,,,,,,,Lucas Oil Stadium
2026_16_LAC_MIA,2026,16,2026-12-27,Sunday,13:00,Los Angeles Chargers,,Miami Dolphins,,Home,2026122701,,202612270mia,,,,outdoors,grass,,,,,,,Hard Rock Stadium
2026_16_WAS_MIN,2026,16,2026-12-27,Sunday,13:00,Washington Commanders,,Minnesota Vikings,,Home,2026122702,,202612270min,,,,dome,sportturf,,,,,,,U.S. Bank Stadium
2026_16_ARI_NO,2026,16,2026-12-27,Sunday,13:00,Arizona Cardinals,,New Orleans Saints,,Home,2026122702,,202612270nor,,,,dome,sportturf,,,,,,,Caesars Superdome
2026_16_NE_NYJ,2026,16,2026-12-27,Sunday,13:00,New England Patriots,,New York Jets,,Home,2026122703,,202612270nyj,,,,outdoors,fieldturf,,,,,,,MetLife Stadium
2026_16_CAR_PIT,2026,16,2026-12-27,Sunday,13:00,Carolina Panthers,,Pittsburgh Steelers,,Home,2026122703,,202612270pit,,,,outdoors,grass,,,,,,,Acrisure Stadium
2026_16_TEN_LV,2026,16,2026-12-27,Sunday,16:05,Tennessee Titans,,Las Vegas Raiders,,Home,2026122704,,202612270rai,,,,dome,grass,,,,,,,Allegiant Stadium
2026_16_SF_KC,2026,16,2026-12-27,Sunday,16:25,San Francisco 49ers,,Kansas City Chiefs,,Home,2026122705,,202612270kan,,,,outdoors,grass,,,,,,,GEHA Field at Arrowhead Stadium
2026_16_JAX_DAL,2026,16,2026-12-27,Sunday,20:20,Jacksonville Jaguars,,Dallas Cowboys,,Home,2026122706,,202612270dal,,,,,matrixturf,,,,,,,AT&T Stadium
2026_16_NYG_DET,2026,16,2026-12-28,Monday,20:15,New York Giants,,Detroit Lions,,Home,2026122800,,202612280det,,,,dome,fieldturf,,,,,,,Ford Field
2026_17_BAL_CIN,2026,17,2026-12-31,Thursday,20:15,Baltimore Ravens,,Cincinnati Bengals,,Home,2026123100,,202612310cin,,,,outdoors,fieldturf,,,,,,,Paycor Stadium
2026_17_NO_ATL,2026,17,2027-01-03,Sunday,13:00,New Orleans Saints,,Atlanta Falcons,,Home,2027010300,,202701030atl,,,,,fieldturf,,,,,,,Mercedes-Benz Stadium
2026_17_SEA_CAR,2026,17,2027-01-03,Sunday,13:00,Seattle Seahawks,,Carolina Panthers,,Home,2027010301,,202701030car,,,,outdoors,grass,,,,,,,Bank of America Stadium
2026_17_IND_CLE,2026,17,2027-01-03,Sunday,13:00,Indianapolis Colts,,Cleveland Browns,,Home,2027010302,,202701030cle,,,,outdoors,grass,,,,,,,Huntington Bank Field
2026_17_NYG_DAL,2026,17,2027-01-03,Sunday,13:00,New York Giants,,Dallas Cowboys,,Home,2027010303,,202701030dal,,,,,matrixturf,,,,,,,AT&T Stadium
2026_17_WAS_JAX,2026,17,2027-01-03,Sunday,13:00,Washington Commanders,,Jacksonville Jaguars,,Home,2027010300,,202701030jax,,,,outdoors,grass,,,,,,,EverBank Stadium
2026_17_KC_LAC,2026,17,2027-01-03,Sunday,13:00,Kansas City Chiefs,,Los Angeles Chargers,,Home,2027010301,,202701030sdg,,,,dome,matrixturf,,,,,,,SoFi Stadium
2026_17_BUF_MIA,2026,17,2027-01-03,Sunday,13:00,Buffalo Bills,,Miami Dolphins,,Home,2027010304,,202701030mia,,,,outdoors,grass,,,,,,,Hard Rock Stadium
2026_17_DEN_NE,2026,17,2027-01-03,Sunday,13:00,Denver Broncos,,New England Patriots,,Home,2027010302,,202701030nwe,,,,outdoors,fieldturf,,,,,,,Gillette Stadium
2026_17_MIN_NYJ,2026,17,2027-01-03,Sunday,13:00,Minnesota Vikings,,New York Jets,,Home,2027010305,,202701030nyj,,,,outdoors,fieldturf,,,,,,,MetLife Stadium
2026_17_LA_TB,2026,17,2027-01-03,Sunday,13:00,Los Angeles Rams,,Tampa Bay Buccaneers,,Home,2027010303,,202701030tam,,,,outdoors,grass,,,,,,,Raymond James Stadium
2026_17_PIT_TEN,2026,17,2027-01-03,Sunday,13:00,Pittsburgh Steelers,,Tennessee Titans,,Home,2027010306,,202701030oti,,,,outdoors,grass,,,,,,,Nissan Stadium
2026_17_LV_ARI,2026,17,2027-01-03,Sunday,16:05,Las Vegas Raiders,,Arizona Cardinals,,Home,2027010307,,202701030crd,,,,,grass,,,,,,,State Farm Stadium
2026_17_DET_CHI,2026,17,2027-01-03,Sunday,16:25,Detroit Lions,,Chicago Bears,,Home,2027010308,,202701030chi,,,,outdoors,grass,,,,,,,Soldier Field
2026_17_PHI_SF,2026,17,2027-01-03,Sunday,20:20,Philadelphia Eagles,,San Francisco 49ers,,Home,2027010309,,202701030sfo,,,,outdoors,grass,,,,,,,Levi's Stadium
2026_17_HOU_GB,2026,17,2027-01-04,Monday,20:15,Houston Texans,,Green Bay Packers,,Home,2027010400,,202701040gnb,,,,outdoors,grass,,,,,,,Lambeau Field
2026_18_SF_ARI,2026,18,2027-01-10,Sunday,13:00,San Francisco 49ers,,Arizona Cardinals,,Home,2027011000,,202701100crd,,,,,grass,,,,,,,State Farm Stadium
2026_18_PIT_BAL,2026,18,2027-01-10,Sunday,13:00,Pittsburgh Steelers,,Baltimore Ravens,,Home,2027011001,,202701100rav,,,,outdoors,grass,,,,,,,M&T Bank Stadium
2026_18_NYJ_BUF,2026,18,2027-01-10,Sunday,13:00,New York Jets,,Buffalo Bills,,Home,2027011002,,202701100buf,,,,outdoors,a_turf,,,,,,,Highmark Stadium
2026_18_ATL_CAR,2026,18,2027-01-10,Sunday,13:00,Atlanta Falcons,,Carolina Panthers,,Home,2027011003,,202701100car,,,,outdoors,grass,,,,,,,Bank of America Stadium
2026_18_CLE_CIN,2026,18,2027-01-10,Sunday,13:00,Cleveland Browns,,Cincinnati Bengals,,Home,2027011004,,202701100cin,,,,outdoors,fieldturf,,,,,,,Paycor Stadium
2026_18_LAC_DEN,2026,18,2027-01-10,Sunday,13:00,Los Angeles Chargers,,Denver Broncos,,Home,2027011005,,202701100den,,,,outdoors,grass,,,,,,,Empower Field at Mile High
2026_18_DET_GB,2026,18,2027-01-10,Sunday,13:00,Detroit Lions,,Green Bay Packers,,Home,2027011006,,202701100gnb,,,,outdoors,grass,,,,,,,Lambeau Field
2026_18_TEN_HOU,2026,18,2027-01-10,Sunday,13:00,Tennessee Titans,,Houston Texans,,Home,2027011007,,202701100htx,,,,,astroturf,,,,,,,Reliant Stadium
2026_18_JAX_IND,2026,18,2027-01-10,Sunday,13:00,Jacksonville Jaguars,,Indianapolis Colts,,Home,2027011008,,202701100clt,,,,,fieldturf,,,,,,,Lucas Oil Stadium
2026_18_LV_KC,2026,18,2027-01-10,Sunday,13:00,Las Vegas Raiders,,Kansas City Chiefs,,Home,2027011009,,202701100kan,,,,outdoors,grass,,,,,,,GEHA Field at Arrowhead Stadium
2026_18_SEA_LA,2026,18,2027-01-10,Sunday,13:00,Seattle Seahawks,,Los Angeles Rams,,Home,2027011010,,202701100ram,,,,dome,matrixturf,,,,,,,SoFi Stadium
2026_18_CHI_MIN,2026,18,2027-01-10,Sunday,13:00,Chicago Bears,,Minnesota Vikings,,Home,2027011011,,202701100min,,,,dome,sportturf,,,,,,,U.S. Bank Stadium
2026_18_MIA_NE,2026,18,2027-01-10,Sunday,13:00,Miami Dolphins,,New England Patriots,,Home,2027011012,,202701100nwe,,,,outdoors,fieldturf,,,,,,,Gillette Stadium
2026_18_TB_NO,2026,18,2027-01-10,Sunday,13:00,Tampa Bay Buccaneers,,New Orleans Saints,,Home,2027011013,,202701100nor,,,,dome,sportturf,,,,,,,Caesars Superdome
2026_18_PHI_NYG,2026,18,2027-01-10,Sunday,13:00,Philadelphia Eagles,,New York Giants,,Home,2027011014,,202701100nyg,,,,outdoors,fieldturf,,,,,,,MetLife Stadium
2026_18_DAL_WAS,2026,18,2027-01-10,Sunday,13:00,Dallas Cowboys,,Washington Commanders,,Home,2027011015,,202701100was,,,,outdoors,grass,,,,,,,Northwest Stadium
