Game ID,Season,Week_x,Date_x,Time,Away Team,Home Team,Location,Away QB,Home QB,Away QB ID,Home QB ID,Away Team Weekly Rest,Home Team Weekly Rest,Weekly Away Rest Advantage,Weekly Home Rest Advantage,Away Cumulative Rest Advantage,Home Cumulative Rest Advantage,Actual Stadium,Actual Stadium Latitude,Actual Stadium Longitude,Actual Stadium TimeZone,International Game,Back to Back Away Games,Circa Week,NFL Week,Day of Week,Big Splash Active,Big Splash Multi-Pick Week,Big Splash Picks Required,Survivor World Championship Active,Survivor World Championship Multi-Pick Week,Survivor World Championship Picks Required,Away Team Current Week Cumulative Rest Advantage,Home Team Current Week Cumulative Rest Advantage,Away Team Division,Away Stadium,Away Stadium Latitude,Away Stadium Longitude,Away Stadium TimeZone,Home Team Division,Home Stadium,Home Stadium Latitude,Home Stadium Longitude,Home Stadium TimeZone,Away Team Previous Opponent,Home Team Previous Opponent,Away Team Previous Location,Home Team Previous Location,Away Team Next Opponent,Home Team Next Opponent,Away Team Next Location,Home Team Next Location,Away Travel Distance,Home Travel Distance,Away Travel Advantage,Home Travel Advantage,Away Timezone Change,Home Timezone Change,Away Previous Game Actual Stadium TimeZone,Home Previous Game Actual Stadium TimeZone,Away Weekly Timezone Difference,Home Weekly Timezone Difference,Adjusted Away Timezone Change,Adjusted Home Timezone Change,Away Timezone Advantage,Home Timezone Advantage,Away Team Massey-Peabody Preseason Rank,Home Team Massey-Peabody Preseason Rank,Away Team Generic Sports Fan Preseason Rank,Home Team Generic Sports Fan Preseason Rank,Massey-Peabody Preseason Winner,Massey-Peabody Preseason Difference,Generic Sports Fan Preseason Winner,Generic Sports Fan Preseason Difference,Away Team MP + GSF Average Preseason Rank,Home Team MP + GSF Average Preseason Rank,MP + GSF Average Preseason Winner,MP + GSF Average Preseason Difference,Away NonLinear TZ,Home NonLinear TZ,Home Team 3 games in 10 days,Away Team 3 games in 10 days,Home Team 4 games in 17 days,Away Team 4 games in 17 days,Away Team Short Rest,Divisional Matchup?,Home Team Short Rest,Away Team Massey-Peabody Current Rank,Home Team Massey-Peabody Current Rank,Away Team Generic Sports Fan Current Rank,Home Team Generic Sports Fan Current Rank,Away Team Adjusted Massey-Peabody Preseason Rank,Home Team Adjusted Massey-Peabody Preseason Rank,Away Team Adjusted Generic Sports Fan Preseason Rank,Home Team Adjusted Generic Sports Fan Preseason Rank,Away Team Adjusted Massey-Peabody Current Rank,Home Team Adjusted Massey-Peabody Current Rank,Away Team Adjusted Generic Sports Fan Current Rank,Home Team Adjusted Generic Sports Fan Current Rank,Adjusted Massey-Peabody Preseason Winner,Adjusted Massey-Peabody Preseason Difference,Adjusted Generic Sports Fan Preseason Winner,Adjusted Generic Sports Fan Preseason Difference,Away Team Adjusted MP + GSF Average Preseason Rank,Home Team Adjusted MP + GSF Average Preseason Rank,Adjusted MP + GSF Average Preseason Winner,Adjusted MP + GSF Average Preseason Difference,Massey-Peabody Current Winner,Massey-Peabody Current Difference,Generic Sports Fan Current Winner,Generic Sports Fan Current Difference,Away Team MP + GSF Average Current Rank,Home Team MP + GSF Average Current Rank,MP + GSF Average Current Winner,MP + GSF Average Current Difference,Adjusted Massey-Peabody Current Winner,Adjusted Massey-Peabody Current Difference,Adjusted Generic Sports Fan Current Winner,Adjusted Generic Sports Fan Current Difference,Away Team Adjusted MP + GSF Average Current Rank,Home Team Adjusted MP + GSF Average Current Rank,Adjusted MP + GSF Average Current Winner,Adjusted MP + GSF Average Current Difference,Massey-Peabody Bayesian Same Winner Across All Metrics,Generic Sports Fan Bayesian Same Adjusted Winner Across All Metrics,Massey-Peabody Bayesian Same Current and Preseason Adjusted Winner,Generic Sports Fan Bayesian Current and Preseason Adjusted Winner,Massey-Peabody Bayesian Same Current and Adjusted Current Winner,Generic Sports Fan Bayesian Same Current and Adjusted Current Winner,Thursday Night Game,Masey-Peabody Home Team Winner?,Generic Sports Fan Home Team Winner?,Total Line,Home Team Sportsbook Moneyline,Away Team Sportsbook Moneyline,Sportsbook Favorite,Sportsbook Underdog,Home Team Sportsbook Spread,Away Team Sportsbook Spread,Massey-Peabody Home Team Moneyline,Massey-Peabody Away Team Moneyline,Generic Sports Fan Home Team Moneyline,Generic Sports Fan Away Team Moneyline,Massey-Peabody Home Team Spread,Massey-Peabody Away Team Spread,Generic Sports Fan Home Team Spread,Generic Sports Fan Away Team Spread,Away Team Sportsbook Implied Odds to Win,Home Team Sportsbook Implied Odds to Win,Away Team Massey-Peabody Implied Odds to Win,Home Team Massey-Peabody Implied Odds to Win,Away Team Generic Sports Fan Implied Odds to Win,Home Team Generic Sports Fan Implied Odds to Win,Away Team Sportsbook Fair Odds,Home Team Sportsbook Fair Odds,Away Team Massey-Peabody Fair Odds,Home Team Massey-Peabody Fair Odds,Away Team Generic Sports Fan Fair Odds,Home Team Generic Sports Fan Fair Odds,Away Team Fair Odds,Home Team Fair Odds,Away Team Expected Win Advantage,Home Team Expected Win Advantage,temp,wind,Matchup_ID,Wind,Temperature,Precipitation,Sim_Weather_Source,Dome,Away_Starting_QB,Home_Starting_QB,Sim_Spread_Mean,Sim_Spread_Median,Sim_Spread_Std,Sim_Spread_Variance,Sim_Spread_Variance_Label,Sim_Spread_25th,Sim_Spread_75th,Sim_Total_Mean,Sim_Total_Median,Sim_Total_Std,Sim_Total_10th_Floor,Sim_Total_90th_Ceiling,Sim_Home_Win_Pct,Sim_Away_Win_Pct,Sim_Prob_Land_3,Sim_Prob_Land_7,Sim_Home_Cover_Prob,Sim_Away_Cover_Prob,Sim_Prob_Over,Sim_Prob_Under,Week_y,Date_y,Matchup,Consensus Home Win Pct,Consensus Away Win Pct,Consensus Home Team Odds,Consensus Away Team Odds,Market Home Team Implied Odds,Market Away Team Implied Odds,Monte Carlo Home Team Spread,Monte Carlo Away Team Spread,Monte Carlo Total,Consensus Home Team Spread,Consensus Away Team Spread,GSF Spread Bet,GSF Spread Edge,Massey-Peabody Spread Bet,Massey-Peabody Spread Edge,Monte Carlo Spread Bet,Monte Carlo Spread Edge,Consensus Spread Bet,Consensus Spread Edge,GSF Moneyline Bet,GSF Moneyline Edge,Massey-Peabody Moneyline Bet,Massey-Peabody Moneyline Edge,Monte Carlo Moneyline Bet,Monte Carlo Moneyline Edge,Consensus Moneyline Bet,Consensus Moneyline Edge,Monte Carlo Total Bet,Monte Carlo Total Edge,MC ML Unit Wager,MC ML Unit to Win,MC ML Kelly Wager,MC ML Kelly To Win,MC Spread Unit Wager,MC Spread Unit to Win,MC Spread Kelly Wager,MC Spread Kelly To Win,MC Total Unit Wager,MC Total Unit to Win,MC Total Kelly Wager,MC Total Kelly To Win,MC Bet Direction,Home Team Offensive Pressure Allowed Rate,Away Team Offensive Pressure Allowed Rate,Home Team Defensive Pressure Generated Rate,Away Team Defensive Pressure Generated Rate,Home Team Zone Rate,Away Team Zone Rate,Home Team Man Rate,Away Team Man Rate,Home Team Offensive EPA vs Pressure,Away Team Offensive EPA vs Pressure,Home Team Offensive EPA vs Zone,Away Team Offensive EPA vs Zone,Home Team Offensive EPA vs Man,Away Team Offensive EPA vs Man,Week,Away Team Cumulative Win Percentage,Home Team Cumulative Win Percentage,Favorite,Underdog,Away Team Thanksgiving Favorite,Home Team Thanksgiving Favorite,Away Team Thanksgiving Underdog,Home Team Thanksgiving Underdog,Away Team Christmas Favorite,Home Team Christmas Favorite,Away Team Christmas Underdog,Home Team Christmas Underdog,Away Team Pre Thanksgiving,Home Team Pre Thanksgiving,Away Team Pre Christmas,Home Team Pre Christmas,Divisional Matchup Boolean,Away Team Star Rating,Home Team Star Rating,Away Team Public Pick %,Home Team Public Pick %,Total Remaining Entries at Start of Week,Home Team Expected Availability,Away Team Expected Availability,Home Pick %,Away Pick %,Expected Home Team Survivors,Expected Away Team Survivors,Expected Home Team Eliminations,Expected Away Team Eliminations,Home Predicted_Pick_Pct,Away Predicted_Pick_Pct,Home Expected Survival Rate,Home Expected Elimination Percent,Away Expected Survival Rate,Away Expected Elimination Percent,Expected Eliminated Entry Percent From Game,Expected Away Team Picks,Expected Home Team Picks,Avg Survivors,Avg Eliminations
2020_17_MIA_BUF,2020,18,2021-01-03,13:00,Miami Dolphins,Buffalo Bills,Home,Tua Tagovailoa,Josh Allen,00-0036212,00-0034857,8,6,2,-2,0,-4,Highmark Stadium,42.7725,-78.7877,America/New_York,False,True,17,17,Sunday,False,False,0,False,False,0,0,-4,AFC East,Hard Rock Stadium,25.9602,-80.2384,America/New_York,AFC East,Highmark Stadium,42.7725,-78.7877,America/New_York,Las Vegas Raiders,New England Patriots,Allegiant Stadium,Gillette Stadium,Playoffs?,Playoffs?,Playoffs?,Playoffs?,1164,0,-1164,1164,0.0,0.0,America/Los_Angeles,America/New_York,-3.0,0.0,0.0,0.0,0.0,0,0.66,4.795,0.66,4.795,Buffalo Bills,4.135,Buffalo Bills,4.135,0.66,4.795,Buffalo Bills,4.135,0.0,0,No,No,No,No,No,1,Yes,0.0,0.0,1.038,8.042,-0.3004999999999999,3.9624999999999995,-0.3004999999999999,3.9624999999999995,-1.00185,-0.7911499999999999,0.10619000000000002,7.180809999999999,Buffalo Bills,4.262999999999999,Buffalo Bills,4.262999999999999,-0.3004999999999999,3.9624999999999995,Buffalo Bills,4.262999999999999,Tie,0.0,Buffalo Bills,7.004,0.519,4.021,Buffalo Bills,3.502,Buffalo Bills,0.2107,Buffalo Bills,7.0746199999999995,-0.44782999999999995,3.1948299999999996,Buffalo Bills,3.6426599999999993,Different,Same,Same,Same,Different,Same,False,Home Team,Home Team,42.5,138.0,-153.0,Miami Dolphins,Buffalo Bills,3.5,-3.5,-110,-110,-319,249,-0.2107,0.2107,-7.0746199999999995,7.0746199999999995,0.6047,0.4202,0.5238,0.5238,0.2865,0.7613,0.59,0.41,0.5,0.5,0.2734,0.7266,0.59,0.41,0.09,-0.09,35.0,1.0,0,1.0,35.0,0.0,nfl_read_py Fallback,False,Tua Tagovailoa,Josh Allen,-11.31,-12.0,13.47,181.36,Med-High,-21.0,-3.0,47.31,47.0,13.139111320376957,31.0,64.0,0.7968,0.2018,0.0646,0.0648,0.849,0.151,0.6298,0.3702,18,2021-01-03,Miami Dolphins @ Buffalo Bills,0.6083,0.3913,-155,+156,0.42016806722689076,0.6047430830039525,-11.655000000000001,11.655000000000001,47.155,-6.31344,6.31344,Buffalo Bills,10.57462,Buffalo Bills,3.7107,Buffalo Bills,15.155000000000001,Buffalo Bills,9.81344,Buffalo Bills,0.30643193277310926,Buffalo Bills,0.07983193277310924,Buffalo Bills,0.3766319327731092,Buffalo Bills,0.1881319327731092,Over,4.655000000000001,100.0,138.0,1623.88,2240.96,110.00000000000001,100.0,1707.25,1552.05,110.00000000000001,100.0,556.45,505.86,Buffalo Bills,,,,,,,,,,,,,,,18,0,0,Miami Dolphins,Buffalo Bills,0,0,0,0,0,0,0,0,0,0,0,0,1,0.0,0.0,0.001,0.015,35.0,0.11428571428571428,0.0,0.008867290576762945,0.0,0.12724561977654825,0.0,0.1831095504101548,0.0,0.008867290576762945,0.0,0.0036355891364728073,0.005231701440290138,0.0,0.0,0.005231701440290138,0.0,0.31035517018670306,28.0,7.0
2020_17_BAL_CIN,2020,18,2021-01-03,13:00,Baltimore Ravens,Cincinnati Bengals,Home,Lamar Jackson,Brandon Allen,00-0034796,00-0032434,7,7,0,0,-8,1,Paycor Stadium,39.0955,-84.5165,America/New_York,False,False,17,17,Sunday,False,False,0,False,False,0,-8,1,AFC North,M&T Bank Stadium,39.2789,-76.6228,America/New_York,AFC North,Paycor Stadium,39.0955,-84.5165,America/New_York,New York Giants,Houston Texans,M&T Bank Stadium,NRG Stadium,Playoffs?,Playoffs?,Playoffs?,Playoffs?,422,0,-422,422,0.0,0.0,America/New_York,America/Chicago,0.0,-1.0,0.0,0.0,0.0,0,6.69,1.31,6.69,1.31,Baltimore Ravens,5.380000000000001,Baltimore Ravens,5.380000000000001,6.69,1.31,Baltimore Ravens,5.380000000000001,0.0,0,No,No,No,No,No,1,No,0.0,0.0,7.688,-3.395,6.088325,2.984175,6.088325,2.984175,-0.5478750000000001,1.6203750000000001,7.029294999999999,-1.6637950000000001,Baltimore Ravens,3.10415,Baltimore Ravens,3.10415,6.088325,2.984175,Baltimore Ravens,3.10415,Tie,0.0,Baltimore Ravens,11.083,3.844,-1.6975,Baltimore Ravens,5.5415,Cincinnati Bengals,2.1682500000000005,Baltimore Ravens,8.69309,3.2407099999999995,-0.021710000000000007,Baltimore Ravens,3.2624199999999997,Different,Same,Different,Same,Different,Same,False,Home Team,Away Team,46.0,597.0,-799.0,Baltimore Ravens,Cincinnati Bengals,13.5,-13.5,-131,108,302,-397,-2.1682500000000005,2.1682500000000005,8.69309,-8.69309,0.8888,0.1435,0.4808,0.5671,0.7988,0.2488,0.861,0.139,0.4588,0.5412,0.7625,0.2375,0.861,0.139,0.361,-0.361,39.0,10.0,1,10.0,39.0,0.0,nfl_read_py Fallback,False,Lamar Jackson,Joe Burrow,6.8,8.0,13.55,183.55,Med-High,-3.0,16.0,43.21,43.0,13.20175436158561,27.0,61.0,0.3044,0.6942,0.0816,0.0818,0.6734,0.3266,0.3948,0.5808,18,2021-01-03,Baltimore Ravens @ Cincinnati Bengals,0.3055,0.6941,+227,-227,0.14347202295552366,0.8887652947719689,7.4,-7.4,43.105000000000004,4.641613333333333,-4.641613333333333,Cincinnati Bengals,4.80691,Cincinnati Bengals,15.66825,Cincinnati Bengals,6.1,Cincinnati Bengals,8.858386666666668,Cincinnati Bengals,0.09402797704447632,Cincinnati Bengals,0.3977279770444764,Cincinnati Bengals,0.16092797704447634,Cincinnati Bengals,0.16202797704447633,Under,2.894999999999996,100.0,597.0,469.71,2804.17,110.00000000000001,100.0,785.35,713.95,110.00000000000001,100.0,299.2,272.0,Cincinnati Bengals,,,,,,,,,,,,,,,18,0,0,Baltimore Ravens,Cincinnati Bengals,0,0,0,0,0,0,0,0,0,0,0,0,1,0.0,0.0,0.091,0.001,35.0,1.0,0.2571428571428571,0.0006575439819524654,0.14659826696822006,0.0031989514721987447,4.417738775087312,0.019815087896137545,0.7132005688003906,0.0006575439819524654,0.14659826696822006,9.13986134913927e-05,0.0005661453684610727,0.12622110785963747,0.020377159108582593,0.020943304477043664,5.130939343887702,0.02301403936833629,28.0,7.0
2020_17_PIT_CLE,2020,18,2021-01-03,13:00,Pittsburgh Steelers,Cleveland Browns,Home,Mason Rudolph,Baker Mayfield,00-0034771,00-0034855,7,7,0,0,-14,11,FirstEnergy Stadium,41.5061,-81.6994,America/New_York,False,False,17,17,Sunday,False,False,0,False,False,0,-14,11,AFC North,Acrisure Stadium,40.4468,-80.0158,America/New_York,AFC North,FirstEnergy Stadium,41.5061,-81.6994,America/New_York,Indianapolis Colts,New York Jets,Acrisure Stadium,MetLife Stadium,Playoffs?,Playoffs?,Playoffs?,Playoffs?,114,0,-114,114,0.0,0.0,America/New_York,America/New_York,0.0,0.0,0.0,0.0,0.0,0,-0.565,-4.705,-0.565,-4.705,Pittsburgh Steelers,4.140000000000001,Pittsburgh Steelers,4.140000000000001,-0.565,-4.705,Pittsburgh Steelers,4.140000000000001,0.0,0,No,No,No,No,No,1,No,0.0,0.0,3.787,0.615,-2.4919800000000003,-4.0090200000000005,-2.4919800000000003,-4.0090200000000005,-1.8855800000000003,0.65458,1.8696999999999997,1.3013000000000001,Pittsburgh Steelers,1.5170400000000002,Pittsburgh Steelers,1.5170400000000002,-2.4919800000000003,-4.0090200000000005,Pittsburgh Steelers,1.5170400000000002,Tie,0.0,Pittsburgh Steelers,3.1719999999999997,1.8935,0.3075,Pittsburgh Steelers,1.5859999999999999,Cleveland Browns,2.54016,Pittsburgh Steelers,0.5683999999999996,-0.00794000000000028,0.97794,Cleveland Browns,0.9858800000000003,Different,Same,Different,Same,Different,Same,False,Home Team,Away Team,45.0,-460.0,376.0,Cleveland Browns,Pittsburgh Steelers,-10.5,10.5,-142,117,-104,-116,-2.54016,2.54016,0.5683999999999996,-0.5683999999999996,0.2101,0.8214,0.4608,0.5868,0.537,0.5098,0.2037,0.7963,0.4399,0.5601,0.513,0.487,0.2037,0.7963,-0.2963,0.2963,38.0,7.0,2,7.0,38.0,0.0,nfl_read_py Fallback,False,Ben Roethlisberger,Baker Mayfield,-6.09,-7.0,14.55,211.75,High,-17.0,5.0,43.22,43.0,12.940988303667348,27.0,60.0,0.671,0.3288,0.0764,0.0768,0.4016,0.5984,0.4196,0.5584,18,2021-01-03,Pittsburgh Steelers @ Cleveland Browns,0.6286,0.3714,-169,+169,0.8214285714285714,0.21008403361344538,-6.545,6.545,43.11,-2.8389200000000003,2.8389200000000003,Pittsburgh Steelers,11.0684,Pittsburgh Steelers,7.95984,Pittsburgh Steelers,3.955,Pittsburgh Steelers,7.66108,Pittsburgh Steelers,0.3029159663865546,Pittsburgh Steelers,0.22981596638655463,Pittsburgh Steelers,0.1187159663865546,Pittsburgh Steelers,0.16131596638655463,Under,1.8900000000000006,100.0,376.0,375.72,1412.72,110.00000000000001,100.0,391.6,356.0,110.00000000000001,100.0,181.6,165.09,Pittsburgh Steelers,,,,,,,,,,,,,,,18,0,0,Cleveland Browns,Pittsburgh Steelers,0,0,0,0,0,0,0,0,0,0,0,0,1,0.0,0.0,0.003,0.105,35.0,0.17142857142857154,0.0,0.13697702644279333,0.0,3.8176182154738716,0.0,0.976577710023895,0.0,0.13697702644279333,0.0,0.10907480615639634,0.027902220286396995,0.0,0.0,0.027902220286396995,0.0,4.794195925497767,28.0,7.0
2020_17_MIN_DET,2020,18,2021-01-03,13:00,Minnesota Vikings,Detroit Lions,Home,Kirk Cousins,Matthew Stafford,00-0029604,00-0026498,9,8,1,-1,-7,2,Ford Field,42.3395,-83.045,America/Detroit,False,True,17,17,Sunday,False,False,0,False,False,0,-7,2,NFC North,U.S. Bank Stadium,44.9738,-93.2575,America/Chicago,NFC North,Ford Field,42.3395,-83.045,America/Detroit,New Orleans Saints,Tampa Bay Buccaneers,Caesars Superdome,Ford Field,Playoffs?,Playoffs?,Playoffs?,Playoffs?,541,0,-541,541,-1.0,0.0,America/Chicago,America/Detroit,-1.0,0.0,-1.0,0.0,-1.0,0,0.27,4.305,0.27,4.305,Detroit Lions,4.035,Detroit Lions,4.035,0.27,4.305,Detroit Lions,4.035,0.0,0,No,No,No,No,No,1,No,0.0,0.0,-1.794,-7.141,1.35924,3.489759999999999,1.35924,3.489759999999999,1.0488899999999999,-0.77489,-0.7985800000000002,-7.862420000000001,Detroit Lions,2.130519999999999,Detroit Lions,2.130519999999999,1.35924,3.489759999999999,Detroit Lions,2.130519999999999,Tie,0.0,Minnesota Vikings,5.3469999999999995,-0.897,-3.5705,Minnesota Vikings,2.6734999999999998,Minnesota Vikings,1.8237799999999997,Minnesota Vikings,7.063840000000001,0.12515499999999985,-4.318655000000001,Minnesota Vikings,4.44381,Different,Different,Different,Different,Different,Same,False,Away Team,Away Team,54.0,145.0,-161.0,Minnesota Vikings,Detroit Lions,3.0,-3.0,108,-131,249,-319,1.8237799999999997,-1.8237799999999997,7.063840000000001,-7.063840000000001,0.6169,0.4082,0.5671,0.4808,0.7613,0.2865,0.6018,0.3982,0.5412,0.4588,0.7266,0.2734,0.6018,0.3982,0.1018,-0.1018,,,3,0.0,70.0,0.0,Dome,True,Kirk Cousins,Matthew Stafford,8.1,8.0,12.84,164.76,Med-Low,-1.0,17.0,50.14,50.0,13.648077892730289,33.0,68.0,0.2654,0.7334,0.0876,0.0814,0.303,0.6506,0.3618,0.6108,18,2021-01-03,Minnesota Vikings @ Detroit Lions,0.349,0.6508,+187,-186,0.40816326530612246,0.6168582375478927,8.05,-8.05,50.07,5.645873333333334,-5.645873333333334,Minnesota Vikings,4.063840000000001,Detroit Lions,1.1762200000000003,Minnesota Vikings,5.050000000000001,Minnesota Vikings,2.645873333333334,Minnesota Vikings,0.10974176245210732,Detroit Lions,0.05063673469387753,Minnesota Vikings,0.11654176245210734,Minnesota Vikings,0.03394176245210734,Under,3.9299999999999997,161.0,100.0,760.44,472.32,110.00000000000001,100.0,665.65,605.14,110.00000000000001,100.0,456.7,415.18,Minnesota Vikings,,,,,,,,,,,,,,,18,0,0,Minnesota Vikings,Detroit Lions,0,0,0,0,0,0,0,0,0,0,0,0,1,0.0,0.0,0.07200000000000001,0.003,35.0,1.0,0.42857142857142855,0.0010638359108447227,0.07033132692765487,0.0148266810894429,1.4813887390771945,0.022407575790122394,0.9802077033907259,0.0010638359108447227,0.07033132692765487,0.0004236194596983686,0.0006402164511463541,0.0423253925450627,0.02800593438259217,0.028646150833738525,2.46159644246792,0.037234256879565296,28.0,7.0
2020_17_NYJ_NE,2020,18,2021-01-03,13:00,New York Jets,New England Patriots,Home,Sam Darnold,Cam Newton,00-0034869,00-0027939,7,6,1,-1,8,-5,Gillette Stadium,42.0628,-71.2687,America/New_York,False,False,17,17,Sunday,False,False,0,False,False,0,8,-5,AFC East,MetLife Stadium,40.8136,-74.0744,America/New_York,AFC East,Gillette Stadium,42.0628,-71.2687,America/New_York,Cleveland Browns,Buffalo Bills,MetLife Stadium,Gillette Stadium,Playoffs?,Playoffs?,Playoffs?,Playoffs?,169,0,-169,169,0.0,0.0,America/New_York,America/New_York,0.0,0.0,0.0,0.0,0.0,0,-3.725,-1.995,-3.725,-1.995,New England Patriots,1.73,New England Patriots,1.73,-3.725,-1.995,New England Patriots,1.73,0.0,0,No,No,No,No,No,1,Yes,0.0,0.0,-8.451,-0.515,-4.124625,-2.372875,-4.124625,-2.372875,-0.41692499999999993,-0.360575,-8.788565,-0.954935,New England Patriots,1.75175,New England Patriots,1.75175,-4.124625,-2.372875,New England Patriots,1.75175,Tie,0.0,New England Patriots,7.936000000000001,-4.2255,-0.2575,New England Patriots,3.9680000000000004,New England Patriots,0.056349999999999956,New England Patriots,7.83363,-4.602745,-0.657755,New England Patriots,3.9449899999999998,Different,Same,Same,Same,Different,Same,False,Home Team,Home Team,41.0,-161.0,145.0,New England Patriots,New York Jets,-3.0,3.0,-110,-110,-366,282,-0.056349999999999956,0.056349999999999956,-7.83363,7.83363,0.4082,0.6169,0.5238,0.5238,0.2618,0.7854,0.3982,0.6018,0.5,0.5,0.25,0.75,0.3982,0.6018,-0.1018,0.1018,33.0,5.0,4,5.0,33.0,0.0,nfl_read_py Fallback,False,Sam Darnold,Cam Newton,-7.37,-8.0,13.35,178.3,Medium,-17.0,3.0,45.78,46.0,13.099809500973375,29.0,63.0,0.7106,0.2882,0.0822,0.0774,0.6286,0.3228,0.619,0.3574,18,2021-01-03,New York Jets @ New England Patriots,0.6406,0.3591,-178,+178,0.6168582375478927,0.40816326530612246,-7.6850000000000005,7.6850000000000005,45.89,-5.19166,5.19166,New England Patriots,4.83363,New York Jets,2.94365,New England Patriots,4.6850000000000005,New England Patriots,2.1916599999999997,New England Patriots,0.1331417624521073,New York Jets,0.09183673469387754,New England Patriots,0.0937417624521073,New England Patriots,0.02374176245210724,Over,4.890000000000001,161.0,100.0,611.67,379.92,110.00000000000001,100.0,550.15,500.14,110.00000000000001,100.0,499.75,454.32,New England Patriots,,,,,,,,,,,,,,,18,0,0,New England Patriots,New York Jets,0,0,0,0,0,0,0,0,0,0,0,0,1,0.0,0.0,0.005,0.1,35.0,0.457142857142857,1.0,0.07130960818786766,0.0011417855272436571,1.5019942772610566,0.01591306489319485,0.9938420093143115,0.024049428560333153,0.07130960818786766,0.0011417855272436571,0.04291412220745876,0.028395485980408905,0.00045465899694842424,0.0006871265302952329,0.02908261251070414,0.039962493453528,2.495836286575368,28.0,7.0
2020_17_DAL_NYG,2020,18,2021-01-03,13:00,Dallas Cowboys,New York Giants,Home,Andy Dalton,Daniel Jones,00-0027973,00-0035710,7,7,0,0,8,-4,MetLife Stadium,40.8136,-74.0744,America/New_York,False,False,17,17,Sunday,False,False,0,False,False,0,8,-4,NFC East,AT&T Stadium,32.7369,-97.0826,America/Chicago,NFC East,MetLife Stadium,40.8136,-74.0744,America/New_York,Philadelphia Eagles,Baltimore Ravens,AT&T Stadium,M&T Bank Stadium,Playoffs?,Playoffs?,Playoffs?,Playoffs?,1384,0,-1384,1384,-1.0,0.0,America/Chicago,America/New_York,-1.0,0.0,-1.0,0.0,-1.0,0,-0.615,-2.84,-0.615,-2.84,Dallas Cowboys,2.2249999999999996,Dallas Cowboys,2.2249999999999996,-0.615,-2.84,Dallas Cowboys,2.2249999999999996,0.0,0,No,No,No,No,No,1,No,0.0,0.0,-1.423,-4.603,-0.31207499999999994,-4.043425,-0.31207499999999994,-4.043425,0.32517500000000005,-1.225675,-1.1296249999999999,-5.796875,Dallas Cowboys,3.73135,Dallas Cowboys,3.73135,-0.31207499999999994,-4.043425,Dallas Cowboys,3.73135,Tie,0.0,Dallas Cowboys,3.1799999999999997,-0.7115,-2.3015,Dallas Cowboys,1.5899999999999999,Dallas Cowboys,1.55085,Dallas Cowboys,4.66725,-0.40222499999999994,-3.511275,Dallas Cowboys,3.10905,Different,Same,Same,Same,Different,Same,False,Away Team,Away Team,44.5,109.0,-121.0,Dallas Cowboys,New York Giants,1.5,-1.5,105,-128,181,-224,1.55085,-1.55085,4.66725,-4.66725,0.5475,0.4785,0.5614,0.4878,0.6914,0.3559,0.5336,0.4664,0.5351,0.4649,0.6602,0.3398,0.5336,0.4664,0.0336,-0.0336,33.0,6.0,5,6.0,33.0,0.0,nfl_read_py Fallback,False,Andy Dalton,Daniel Jones,-4.08,-5.0,13.62,185.49,Med-High,-14.0,6.0,47.73,47.0,13.258871389907467,31.0,65.0,0.614,0.3848,0.084,0.0774,0.635,0.365,0.5726,0.4274,18,2021-01-03,Dallas Cowboys @ New York Giants,0.4713,0.5284,+112,-112,0.4784688995215311,0.5475113122171946,-4.54,4.54,47.364999999999995,0.5593666666666666,-0.5593666666666666,Dallas Cowboys,3.16725,Dallas Cowboys,0.05085000000000006,New York Giants,6.04,New York Giants,0.9406333333333334,Dallas Cowboys,0.11268868778280539,No Bet,0.0,New York Giants,0.1355311004784689,No Bet,0.0,Over,2.864999999999995,100.0,109.0,649.68,708.15,110.00000000000001,100.0,583.75,530.68,110.00000000000001,100.0,256.15,232.86,New York Giants,,,,,,,,,,,,,,,18,0,0,Dallas Cowboys,New York Giants,0,0,0,0,0,0,0,0,0,0,0,0,1,0.0,0.0,0.037000000000000005,0.01,35.0,0.6285714285714286,0.9428571428571428,0.0018330138555928777,0.02162710536368045,0.029922118178698134,0.40390781977209606,0.03423336676705259,0.35304086795671974,0.0018330138555928777,0.02162710536368045,0.0008549176622485181,0.0009780961933443595,0.011540223422059888,0.010086881941620563,0.011064978134964923,0.7569486877288157,0.06415548494575071,28.0,7.0
2020_17_ATL_TB,2020,18,2021-01-03,13:00,Atlanta Falcons,Tampa Bay Buccaneers,Home,Matt Ryan,Tom Brady,00-0026143,00-0019596,7,8,-1,1,8,-7,Raymond James Stadium,27.9759,-82.5033,America/New_York,False,True,17,17,Sunday,False,False,0,False,False,0,8,-7,NFC South,Mercedes-Benz Stadium,33.7489,-84.388,America/New_York,NFC South,Raymond James Stadium,27.9759,-82.5033,America/New_York,Kansas City Chiefs,Detroit Lions,GEHA Field at Arrowhead Stadium,Ford Field,Playoffs?,Playoffs?,Playoffs?,Playoffs?,414,0,-414,414,0.0,0.0,America/Chicago,America/Detroit,-1.0,0.0,0.0,0.0,0.0,0,-0.71,1.025,-0.71,1.025,Tampa Bay Buccaneers,1.7349999999999999,Tampa Bay Buccaneers,1.7349999999999999,-0.71,1.025,Tampa Bay Buccaneers,1.7349999999999999,0.0,0,No,No,No,No,No,1,No,0.0,0.0,-1.713,3.602,0.29375000000000007,-1.1027500000000001,0.29375000000000007,-1.1027500000000001,0.9864,-2.1104,-0.67345,1.43845,Atlanta Falcons,1.3965,Atlanta Falcons,1.3965,0.29375000000000007,-1.1027500000000001,Atlanta Falcons,1.3965,Tie,0.0,Tampa Bay Buccaneers,5.3149999999999995,-0.8565,1.801,Tampa Bay Buccaneers,2.6574999999999998,Atlanta Falcons,3.0968,Tampa Bay Buccaneers,2.1119,0.15647500000000003,-0.3359749999999999,Atlanta Falcons,0.49244999999999994,Different,Different,Same,Different,Different,Same,False,Away Team,Home Team,51.0,-323.0,276.0,Tampa Bay Buccaneers,Atlanta Falcons,-7.5,7.5,135,-164,-131,108,3.0968,-3.0968,-2.1119,2.1119,0.266,0.7636,0.6212,0.4255,0.4808,0.5671,0.2583,0.7417,0.5935,0.4065,0.4588,0.5412,0.2583,0.7417,-0.2417,0.2417,65.0,4.0,6,4.0,65.0,0.0,nfl_read_py Fallback,False,Matt Ryan,Tom Brady,-7.78,-8.0,13.95,194.62,Med-High,-17.0,3.0,48.15,47.0,13.042437509731034,32.0,65.0,0.7154,0.2842,0.0752,0.0668,0.5184,0.4816,0.3772,0.5988,18,2021-01-03,Atlanta Falcons @ Tampa Bay Buccaneers,0.6012,0.3987,-151,+151,0.7635933806146572,0.26595744680851063,-7.890000000000001,7.890000000000001,47.575,-2.3017000000000003,2.3017000000000003,Atlanta Falcons,5.3881,Atlanta Falcons,10.5968,Tampa Bay Buccaneers,0.39000000000000057,Atlanta Falcons,5.1983,Atlanta Falcons,0.19284255319148935,Atlanta Falcons,0.3275425531914894,Atlanta Falcons,0.018242553191489375,Atlanta Falcons,0.13274255319148937,Under,3.424999999999997,100.0,276.0,62.13,171.48,110.00000000000001,100.0,0.0,0.0,110.00000000000001,100.0,393.7,357.91,Atlanta Falcons,,,,,,,,,,,,,,,18,0,0,Tampa Bay Buccaneers,Atlanta Falcons,0,0,0,0,0,0,0,0,0,0,0,0,1,0.0,0.0,0.001,0.069,35.0,0.05714285714285714,1.0,0.05714285714285714,0.0006537781226627086,1.4834,0.0059104811179322165,0.5166,0.016971753175262585,0.05714285714285714,0.0006537781226627086,0.042382857142857146,0.014759999999999995,0.0001688708890837776,0.00048490723357893096,0.015244907233578926,0.0228822342931948,2.0,28.0,7.0
2020_17_NO_CAR,2020,18,2021-01-03,16:25,New Orleans Saints,Carolina Panthers,Home,Drew Brees,Teddy Bridgewater,00-0020531,00-0031237,9,7,2,-2,-1,1,Bank of America Stadium,35.2258,-80.8528,America/New_York,False,False,17,17,Sunday,False,False,0,False,False,0,-1,1,NFC South,Caesars Superdome,29.9507,-90.0813,America/Chicago,NFC South,Bank of America Stadium,35.2258,-80.8528,America/New_York,Minnesota Vikings,Washington Commanders,Caesars Superdome,FedExField,Playoffs?,Playoffs?,Playoffs?,Playoffs?,648,0,-648,648,-1.0,0.0,America/Chicago,America/New_York,-1.0,0.0,-1.0,0.0,-1.0,0,-6.145,-5.25,-6.145,-5.25,Carolina Panthers,0.8949999999999996,Carolina Panthers,0.8949999999999996,-6.145,-5.25,Carolina Panthers,0.8949999999999996,0.0,0,No,No,No,No,No,1,No,0.0,0.0,6.166,-1.48,-5.168984999999999,-6.931515,-5.168984999999999,-6.931515,0.967065,-1.672565,7.056605000000001,-3.076105,New Orleans Saints,1.7625300000000008,New Orleans Saints,1.7625300000000008,-5.168984999999999,-6.931515,New Orleans Saints,1.7625300000000008,Tie,0.0,New Orleans Saints,7.646000000000001,3.083,-0.74,New Orleans Saints,3.8230000000000004,New Orleans Saints,2.63963,New Orleans Saints,10.132710000000001,4.0118350000000005,-2.3743350000000003,New Orleans Saints,6.386170000000001,Different,Different,Same,Same,Different,Same,False,Away Team,Away Team,47.0,219.0,-250.0,New Orleans Saints,Carolina Panthers,6.0,-6.0,117,-142,356,-483,2.63963,-2.63963,10.132710000000001,-10.132710000000001,0.7143,0.3135,0.5868,0.4608,0.8285,0.2193,0.695,0.305,0.5601,0.4399,0.7907,0.2093,0.695,0.305,0.195,-0.195,57.0,2.0,7,2.0,57.0,0.0,nfl_read_py Fallback,False,Drew Brees,Teddy Bridgewater,6.33,7.0,14.03,196.83,High,-4.0,16.0,44.71,44.0,12.978168654025207,29.0,62.0,0.3168,0.6816,0.077,0.0854,0.433,0.539,0.3868,0.5678,18,2021-01-03,New Orleans Saints @ Carolina Panthers,0.3178,0.6818,+215,-214,0.31347962382445144,0.7142857142857143,6.665,-6.665,44.355000000000004,6.479113333333334,-6.479113333333334,New Orleans Saints,4.132710000000001,Carolina Panthers,3.36037,New Orleans Saints,0.665,New Orleans Saints,0.47911333333333417,New Orleans Saints,0.07641428571428566,Carolina Panthers,0.12642037617554858,Carolina Panthers,0.0033203761755485894,Carolina Panthers,0.00432037617554859,Under,2.644999999999996,100.0,219.0,12.09,26.48,110.00000000000001,100.0,79.75,72.5,110.00000000000001,100.0,230.95,209.95,Carolina Panthers,,,,,,,,,,,,,,,18,0,0,New Orleans Saints,Carolina Panthers,0,0,0,0,0,0,0,0,0,0,0,0,1,0.0,0.0,0.085,0.001,35.0,1.0,0.2857142857142857,0.0006575439819524654,0.07381719672456381,0.007019282007342568,1.7956033103250146,0.015994757360993723,0.7879985750347188,0.0006575439819524654,0.07381719672456381,0.00020055091449550194,0.00045699306745696346,0.05130295172357185,0.022514245000991966,0.02297123806844893,2.5836018853597333,0.02301403936833629,28.0,7.0
2020_17_GB_CHI,2020,18,2021-01-03,16:25,Green Bay Packers,Chicago Bears,Home,Aaron Rodgers,Mitch Trubisky,00-0023459,00-0033869,7,7,0,0,-7,6,Soldier Field,41.8623,-87.6167,America/Chicago,False,False,17,17,Sunday,False,False,0,False,False,0,-7,6,NFC North,Lambeau Field,44.5013,-88.0622,America/Chicago,NFC North,Soldier Field,41.8623,-87.6167,America/Chicago,Tennessee Titans,Jacksonville Jaguars,Lambeau Field,TIAA Bank Field,Playoffs?,Playoffs?,Playoffs?,Playoffs?,184,0,-184,184,0.0,0.0,America/Chicago,America/New_York,0.0,1.0,0.0,0.0,0.0,0,3.535,-1.575,3.535,-1.575,Green Bay Packers,5.11,Green Bay Packers,5.11,3.535,-1.575,Green Bay Packers,5.11,0.0,0,No,No,No,No,No,1,No,0.0,0.0,4.0,-1.624,2.8335000000000004,-1.0374999999999999,2.8335000000000004,-1.0374999999999999,-0.6504,0.48640000000000005,3.2933600000000003,-1.08136,Green Bay Packers,3.8710000000000004,Green Bay Packers,3.8710000000000004,2.8335000000000004,-1.0374999999999999,Green Bay Packers,3.8710000000000004,Tie,0.0,Green Bay Packers,5.6240000000000006,2.0,-0.812,Green Bay Packers,2.8120000000000003,Chicago Bears,1.1368,Green Bay Packers,4.37472,1.3214800000000002,-0.29748,Green Bay Packers,1.6189600000000002,Different,Same,Different,Same,Different,Same,False,Home Team,Away Team,48.5,184.0,-207.0,Green Bay Packers,Chicago Bears,4.5,-4.5,-122,101,181,-224,-1.1368,1.1368,4.37472,-4.37472,0.6743,0.3521,0.4975,0.5495,0.6914,0.3559,0.6569,0.3431,0.4752,0.5248,0.6602,0.3398,0.6569,0.3431,0.1569,-0.1569,32.0,7.0,8,7.0,32.0,0.0,nfl_read_py Fallback,False,Aaron Rodgers,Mitchell Trubisky,6.27,7.0,14.24,202.85,High,-4.0,16.0,43.59,43.0,12.565837465694152,28.0,60.0,0.3322,0.6672,0.079,0.0788,0.4268,0.5732,0.341,0.659,18,2021-01-03,Green Bay Packers @ Chicago Bears,0.385,0.6149,+160,-160,0.352112676056338,0.6742671009771987,6.635,-6.635,43.295,3.2909733333333335,-3.2909733333333335,Chicago Bears,0.12528000000000006,Chicago Bears,5.6368,Green Bay Packers,2.135,Chicago Bears,1.2090266666666665,No Bet,0.0,Chicago Bears,0.17268732394366204,No Bet,0.0,Chicago Bears,0.032887323943662006,Under,5.204999999999998,,0.0,0.0,0.0,110.00000000000001,100.0,259.3,235.73,110.00000000000001,100.0,709.75,645.23,No Bet,,,,,,,,,,,,,,,18,0,0,Green Bay Packers,Chicago Bears,0,0,0,0,0,0,0,0,0,0,0,0,1,0.0,0.0,0.011000000000000001,0.002,35.0,0.6571428571428571,0.08571428571428572,0.0008049019860031487,0.006609423085656802,0.009665665498918811,0.15196055087387836,0.018505904011191395,0.0793692571241097,0.0008049019860031487,0.006609423085656802,0.00027616187139768033,0.0005287401146054683,0.004341730024967953,0.0022676930606888484,0.0027964331752943165,0.23132980799798805,0.028171569510110205,28.0,7.0
2020_17_LV_DEN,2020,18,2021-01-03,16:25,Las Vegas Raiders,Denver Broncos,Home,Derek Carr,Drew Lock,00-0031280,00-0035704,8,7,1,-1,4,-8,Empower Field at Mile High,39.7648,-105.0076,America/Denver,False,False,17,17,Sunday,False,False,0,False,False,0,4,-8,AFC West,Allegiant Stadium,36.108,-115.1578,America/Los_Angeles,AFC West,Empower Field at Mile High,39.7648,-105.0076,America/Denver,Miami Dolphins,Los Angeles Chargers,Allegiant Stadium,SoFi Stadium,Playoffs?,Playoffs?,Playoffs?,Playoffs?,607,0,-607,607,-1.0,0.0,America/Los_Angeles,America/Los_Angeles,-1.0,-1.0,-1.0,0.0,-1.0,0,-2.35,2.05,-2.35,2.05,Denver Broncos,4.4,Denver Broncos,4.4,-2.35,2.05,Denver Broncos,4.4,0.0,0,No,No,No,No,No,1,No,0.0,0.0,-0.872,-4.388,-2.154135,0.9686349999999997,-2.154135,0.9686349999999997,0.151865,-1.037365,-0.7552949999999999,-5.390205,Denver Broncos,3.12277,Denver Broncos,3.12277,-2.154135,0.9686349999999997,Denver Broncos,3.12277,Tie,0.0,Las Vegas Raiders,3.516,-0.436,-2.194,Las Vegas Raiders,1.758,Las Vegas Raiders,1.18923,Las Vegas Raiders,4.63491,-0.30171499999999996,-3.213785,Las Vegas Raiders,2.91207,Different,Different,Different,Different,Different,Same,False,Away Team,Away Team,50.5,130.0,-144.0,Las Vegas Raiders,Denver Broncos,2.5,-2.5,101,-122,181,-224,1.18923,-1.18923,4.63491,-4.63491,0.5902,0.4348,0.5495,0.4975,0.6914,0.3559,0.5758,0.4242,0.5248,0.4752,0.6602,0.3398,0.5758,0.4242,0.0758,-0.0758,53.0,10.0,9,10.0,53.0,0.0,nfl_read_py Fallback,False,Derek Carr,Drew Lock,-1.25,-2.0,13.71,187.95,Med-High,-11.0,9.0,49.88,49.0,13.522334892620789,33.0,68.0,0.5312,0.4672,0.0888,0.0842,0.5746,0.4254,0.4598,0.5402,18,2021-01-03,Las Vegas Raiders @ Denver Broncos,0.4426,0.557,+126,-126,0.43478260869565216,0.5901639344262295,-1.625,1.625,49.44,1.3997133333333334,-1.3997133333333334,Las Vegas Raiders,2.1349099999999996,Denver Broncos,1.31077,Denver Broncos,4.125,Denver Broncos,1.1002866666666666,Las Vegas Raiders,0.07003606557377051,Denver Broncos,0.04041739130434785,Denver Broncos,0.09641739130434784,Denver Broncos,0.007817391304347832,Under,1.0600000000000023,100.0,130.0,426.46,554.4,110.00000000000001,100.0,266.65,242.41,110.00000000000001,100.0,86.05,78.23,Denver Broncos,,,,,,,,,,,,,,,18,0,0,Las Vegas Raiders,Denver Broncos,0,0,0,0,0,0,0,0,0,0,0,0,1,0.0,0.0,0.024,0.005,35.0,1.0,0.8285714285714286,0.0009963791987006767,0.01677745158155389,0.014793241963108949,0.33811598172305557,0.020080029991414738,0.24909482363133062,0.0009963791987006767,0.01677745158155389,0.0004226640560888271,0.0005737151426118497,0.00966045662065873,0.00711699496089516,0.00769071010350701,0.5872108053543862,0.03487327195452369,28.0,7.0
2020_17_TEN_HOU,2020,18,2021-01-03,16:25,Tennessee Titans,Houston Texans,Home,Ryan Tannehill,Deshaun Watson,00-0029701,00-0033537,7,7,0,0,6,2,NRG Stadium,29.6847,-95.4093,America/Chicago,False,True,17,17,Sunday,False,False,0,False,False,0,6,2,AFC South,Nissan Stadium,36.1664,-86.7716,America/Chicago,AFC South,NRG Stadium,29.6847,-95.4093,America/Chicago,Green Bay Packers,Cincinnati Bengals,Lambeau Field,NRG Stadium,Playoffs?,Playoffs?,Playoffs?,Playoffs?,671,0,-671,671,0.0,0.0,America/Chicago,America/Chicago,0.0,0.0,0.0,0.0,0.0,0,-4.36,0.035,-4.36,0.035,Houston Texans,4.3950000000000005,Houston Texans,4.3950000000000005,-4.36,0.035,Houston Texans,4.3950000000000005,0.0,0,No,No,No,No,No,1,No,0.0,0.0,-0.853,-5.4,-2.3721450000000006,-0.132355,-2.3721450000000006,-0.132355,1.943905,-0.12340499999999999,1.0454350000000001,-5.477935000000001,Houston Texans,2.2397900000000006,Houston Texans,2.2397900000000006,-2.3721450000000006,-0.132355,Houston Texans,2.2397900000000006,Tie,0.0,Tennessee Titans,4.547000000000001,-0.4265,-2.7,Tennessee Titans,2.2735000000000003,Tennessee Titans,2.06731,Tennessee Titans,6.523370000000002,1.4946700000000002,-2.8006700000000007,Tennessee Titans,4.295340000000001,Different,Different,Different,Different,Different,Same,False,Away Team,Away Team,55.5,259.0,-301.0,Tennessee Titans,Houston Texans,7.0,-7.0,108,-131,224,-282,2.06731,-2.06731,6.523370000000002,-6.523370000000002,0.7506,0.2786,0.5671,0.4808,0.7382,0.3086,0.7293,0.2707,0.5412,0.4588,0.7052,0.2948,0.7293,0.2707,0.2293,-0.2293,,,10,0.0,70.0,0.0,Dome,True,Ryan Tannehill,Deshaun Watson,5.87,7.0,14.01,196.32,High,-4.0,15.0,55.59,55.0,14.157223172415936,37.0,74.0,0.3372,0.6616,0.0814,0.0852,0.489,0.4594,0.4876,0.5124,18,2021-01-03,Tennessee Titans @ Houston Texans,0.3404,0.6593,+194,-194,0.2785515320334262,0.7506234413965087,6.4350000000000005,-6.4350000000000005,55.295,5.008560000000001,-5.008560000000001,Houston Texans,0.47662999999999833,Houston Texans,4.93269,Houston Texans,0.5649999999999995,Houston Texans,1.991439999999999,Houston Texans,0.01624846796657381,Houston Texans,0.1802484679665738,Houston Texans,0.0586484679665738,Houston Texans,0.061848467966573784,Under,0.2049999999999983,100.0,259.0,203.23,526.37,110.00000000000001,100.0,0.0,0.0,110.00000000000001,100.0,0.0,0.0,Houston Texans,,,,,,,,,,,,,,,18,0,0,Tennessee Titans,Houston Texans,0,0,0,0,0,0,0,0,0,0,0,0,1,0.0,0.0,0.073,0.001,35.0,0.08571428571428572,0.11428571428571428,0.00040578263127940303,0.08953202037516132,0.0038445875400567042,2.28534958608618,0.010357804554722402,0.8482711270444662,0.00040578263127940303,0.08953202037516132,0.0001098453582873344,0.00029593727299206864,0.06529570245960514,0.02423631791555618,0.02453225518854825,3.133620713130646,0.014202392094779106,28.0,7.0
2020_17_JAX_IND,2020,18,2021-01-03,16:25,Jacksonville Jaguars,Indianapolis Colts,Home,Mike Glennon,Philip Rivers,00-0030520,00-0022942,7,7,0,0,-11,8,Lucas Oil Stadium,39.7601,-86.1638,America/Indiana/Indianapolis,False,False,17,17,Sunday,False,False,0,False,False,0,-11,8,AFC South,TIAA Bank Field,30.3239,-81.6554,America/New_York,AFC South,Lucas Oil Stadium,39.7601,-86.1638,America/Indiana/Indianapolis,Chicago Bears,Pittsburgh Steelers,TIAA Bank Field,Acrisure Stadium,Playoffs?,Playoffs?,Playoffs?,Playoffs?,699,0,-699,699,0.0,0.0,America/New_York,America/New_York,0.0,0.0,0.0,0.0,0.0,0,-1.825,-2.265,-1.825,-2.265,Jacksonville Jaguars,0.44000000000000017,Jacksonville Jaguars,0.44000000000000017,-1.825,-2.265,Jacksonville Jaguars,0.44000000000000017,0.0,0,No,No,No,No,No,1,No,0.0,0.0,-10.333,0.498,-1.529865,-2.496635,-1.529865,-2.496635,0.29953499999999994,-0.23603499999999994,-9.925155,0.15365500000000004,Jacksonville Jaguars,0.9667699999999999,Jacksonville Jaguars,0.9667699999999999,-1.529865,-2.496635,Jacksonville Jaguars,0.9667699999999999,Tie,0.0,Indianapolis Colts,10.831,-5.1665,0.249,Indianapolis Colts,5.4155,Jacksonville Jaguars,0.5355699999999999,Indianapolis Colts,10.07881,-4.81281,-0.04118999999999995,Indianapolis Colts,4.7716199999999995,Different,Different,Same,Different,Different,Same,False,Away Team,Home Team,48.0,-1350.0,906.0,Indianapolis Colts,Jacksonville Jaguars,-15.5,15.5,-104,-116,-483,356,0.5355699999999999,-0.5355699999999999,-10.07881,10.07881,0.0994,0.931,0.537,0.5098,0.2193,0.8285,0.0965,0.9035,0.513,0.487,0.2093,0.7907,0.0965,0.9035,-0.4035,0.4035,,,11,0.0,70.0,0.0,Dome,True,Gardner Minshew,Philip Rivers,-7.8,-9.0,13.66,186.62,Med-High,-17.0,2.0,46.82,47.0,13.245610264470857,30.0,64.0,0.7196,0.2788,0.077,0.0748,0.292,0.708,0.4382,0.5404,18,2021-01-03,Jacksonville Jaguars @ Indianapolis Colts,0.7252,0.2744,-264,+264,0.9310344827586207,0.09940357852882704,-8.4,8.4,46.91,-5.981080000000001,5.981080000000001,Jacksonville Jaguars,5.421189999999999,Jacksonville Jaguars,16.03557,Jacksonville Jaguars,7.1,Jacksonville Jaguars,9.518919999999998,Jacksonville Jaguars,0.10989642147117297,Jacksonville Jaguars,0.413596421471173,Jacksonville Jaguars,0.17939642147117296,Jacksonville Jaguars,0.17499642147117295,Under,1.0900000000000034,100.0,906.0,497.99,4511.82,110.00000000000001,100.0,967.0,879.09,110.00000000000001,100.0,87.1,79.18,Jacksonville Jaguars,,,,,,,,,,,,,,,18,0,0,Indianapolis Colts,Jacksonville Jaguars,0,0,0,0,0,0,0,0,0,0,0,0,1,0.0,0.0,0.002,0.139,35.0,0.2857142857142857,1.0,0.20277275330327407,0.0009031586912121397,6.412181391332783,0.0030504184795690018,0.6848649742818084,0.028560135712855886,0.20277275330327407,0.0009031586912121397,0.1832051826095081,0.019567570693765968,8.715481370197148e-05,0.0008160038775101682,0.020383574571276136,0.03161055419242489,7.097046365614593,28.0,7.0
2020_17_LAC_KC,2020,18,2021-01-03,16:25,Los Angeles Chargers,Kansas City Chiefs,Home,Justin Herbert,Chad Henne,00-0036355,00-0026197,7,7,0,0,-8,7,GEHA Field at Arrowhead Stadium,39.0489,-94.4839,America/Chicago,False,False,17,17,Sunday,False,False,0,False,False,0,-8,7,AFC West,SoFi Stadium,33.9535,-118.3395,America/Los_Angeles,AFC West,GEHA Field at Arrowhead Stadium,39.0489,-94.4839,America/Chicago,Denver Broncos,Atlanta Falcons,SoFi Stadium,GEHA Field at Arrowhead Stadium,Playoffs?,Playoffs?,Playoffs?,Playoffs?,1366,0,-1366,1366,-2.0,0.0,America/Los_Angeles,America/Chicago,-2.0,0.0,-2.0,0.0,-2.0,0,0.935,4.395,0.935,4.395,Kansas City Chiefs,3.4599999999999995,Kansas City Chiefs,3.4599999999999995,0.935,4.395,Kansas City Chiefs,3.4599999999999995,-0.3,0,No,No,No,No,No,1,No,0.0,0.0,-2.58,7.889,0.12115499999999996,2.5373449999999993,0.12115499999999996,2.5373449999999993,-0.848445,-1.8230549999999996,-3.323755,5.961255000000001,Kansas City Chiefs,2.4161899999999994,Kansas City Chiefs,2.4161899999999994,0.12115499999999996,2.5373449999999993,Kansas City Chiefs,2.4161899999999994,Tie,0.0,Kansas City Chiefs,10.469000000000001,-1.29,3.9445,Kansas City Chiefs,5.234500000000001,Los Angeles Chargers,0.9746099999999996,Kansas City Chiefs,9.285010000000002,-2.0861,2.0691000000000006,Kansas City Chiefs,4.155200000000001,Different,Same,Different,Same,Different,Same,False,Away Team,Home Team,43.0,244.0,-282.0,Los Angeles Chargers,Kansas City Chiefs,7.0,-7.0,101,-122,-436,327,0.9746099999999996,-0.9746099999999996,-9.285010000000002,9.285010000000002,0.7382,0.2907,0.5495,0.4975,0.2342,0.8134,0.7175,0.2825,0.5248,0.4752,0.2235,0.7765,0.7175,0.2825,0.2175,-0.2175,35.0,6.0,12,6.0,35.0,0.0,nfl_read_py Fallback,False,Justin Herbert,Patrick Mahomes,-2.8,-4.0,14.73,217.1,High,-13.0,8.0,46.63,46.0,13.35536659187462,30.0,64.0,0.5782,0.421,0.0846,0.0788,0.7094,0.2514,0.5564,0.3946,18,2021-01-03,Los Angeles Chargers @ Kansas City Chiefs,0.5281,0.4717,-112,+112,0.29069767441860467,0.7382198952879581,-3.4,3.4,46.315,-3.903466666666667,3.903466666666667,Kansas City Chiefs,16.28501,Kansas City Chiefs,6.025390000000001,Kansas City Chiefs,10.4,Kansas City Chiefs,10.903466666666667,Kansas City Chiefs,0.4858023255813953,Kansas City Chiefs,0.18450232558139534,Kansas City Chiefs,0.2875023255813954,Kansas City Chiefs,0.23740232558139535,Over,3.3149999999999977,100.0,244.0,1013.33,2472.52,110.00000000000001,100.0,974.35,885.77,110.00000000000001,100.0,171.1,155.55,Kansas City Chiefs,,,,,,,,,,,,,,,18,0,0,Los Angeles Chargers,Kansas City Chiefs,0,0,0,0,0,0,0,0,0,0,0,0,1,0.0,0.0,0.006999999999999999,0.011000000000000001,35.0,0.0,0.02857142857142857,0.0,0.005239842403195257,0.0,0.13158554235024092,0.0,0.051808941761593105,0.0,0.005239842403195257,0.0,0.0,0.0037595869242925974,0.00148025547890266,0.00148025547890266,0.183394484111834,0.0,28.0,7.0
2020_17_ARI_LA,2020,18,2021-01-03,16:25,Arizona Cardinals,Los Angeles Rams,Home,Kyler Murray,John Wolford,00-0035752,00-0034899,8,7,1,-1,0,-7,SoFi Stadium,33.9535,-118.3395,America/Los_Angeles,False,False,17,17,Sunday,False,False,0,False,False,0,0,-7,NFC West,State Farm Stadium,33.5277,-112.262608,America/Denver,NFC West,SoFi Stadium,33.9535,-118.3395,America/Los_Angeles,San Francisco 49ers,Seattle Seahawks,State Farm Stadium,Lumen Field,Playoffs?,Playoffs?,Playoffs?,Playoffs?,350,0,-350,350,1.0,0.0,America/Denver,America/Los_Angeles,1.0,0.0,1.0,0.0,1.0,0,0.075,1.29,0.075,1.29,Los Angeles Rams,1.215,Los Angeles Rams,1.215,0.075,1.29,Los Angeles Rams,1.215,0.0,0,No,No,No,No,No,1,No,0.0,0.0,-0.492,3.805,1.12964,0.16335999999999998,1.12964,0.16335999999999998,1.04249,-1.11449,0.59346,2.64754,Arizona Cardinals,0.96628,Arizona Cardinals,0.96628,1.12964,0.16335999999999998,Arizona Cardinals,0.96628,Tie,0.0,Los Angeles Rams,4.297000000000001,-0.246,1.9025,Los Angeles Rams,2.1485000000000003,Arizona Cardinals,2.15698,Los Angeles Rams,2.05408,0.8179749999999999,0.7665249999999999,Arizona Cardinals,0.051449999999999996,Different,Different,Same,Different,Different,Same,False,Away Team,Home Team,42.0,-125.0,113.0,Los Angeles Rams,Arizona Cardinals,-1.0,1.0,108,-131,-131,108,2.15698,-2.15698,-2.05408,2.05408,0.4695,0.5556,0.5671,0.4808,0.4808,0.5671,0.458,0.542,0.5412,0.4588,0.4588,0.5412,0.458,0.542,-0.042,0.042,,,13,0.0,70.0,0.0,Dome,True,Kyler Murray,Jared Goff,-6.04,-7.0,14.44,208.43,High,-16.0,5.0,45.32,45.0,13.220710225845476,29.0,63.0,0.6692,0.3302,0.068,0.0676,0.6528,0.3308,0.5676,0.4096,18,2021-01-03,Arizona Cardinals @ Los Angeles Rams,0.5528,0.4471,-124,+124,0.5555555555555556,0.4694835680751174,-6.52,6.52,45.16,-2.1390333333333333,2.1390333333333333,Los Angeles Rams,1.05408,Arizona Cardinals,3.15698,Los Angeles Rams,5.52,Los Angeles Rams,1.1390333333333333,No Bet,0.0,Arizona Cardinals,0.07171643192488264,Los Angeles Rams,0.11364444444444444,No Bet,0.0,Over,3.1599999999999966,125.0,100.0,639.25,511.4,110.00000000000001,100.0,677.2,615.64,110.00000000000001,100.0,229.9,209.0,Los Angeles Rams,,,,,,,,,,,,,,,18,0,0,Los Angeles Rams,Arizona Cardinals,0,0,0,0,0,0,0,0,0,0,0,0,1,0.0,0.0,0.011000000000000001,0.002,35.0,0.0,0.457142857142857,0.0,0.0027852507149447475,0.0,0.04464756896056431,0.0,0.05283620606250186,0.0,0.0027852507149447475,0.0,0.0,0.0012756448274446944,0.001509605887500053,0.001509605887500053,0.09748377502306615,0.0,28.0,7.0
2020_17_SEA_SF,2020,18,2021-01-03,16:25,Seattle Seahawks,San Francisco 49ers,Neutral,Russell Wilson,C.J. Beathard,00-0029263,00-0033936,7,8,-1,1,-1,12,Levi's Stadium,37.4031,-121.9702,America/Los_Angeles,False,False,17,17,Sunday,False,False,0,False,False,0,-1,12,NFC West,Lumen Field,47.5952,-122.3316,America/Los_Angeles,NFC West,Levi's Stadium,37.4031,-121.9702,America/Los_Angeles,Los Angeles Rams,Arizona Cardinals,Lumen Field,State Farm Stadium,Playoffs?,Playoffs?,Playoffs?,Playoffs?,704,0,-704,704,0.0,0.0,America/Los_Angeles,America/Denver,0.0,1.0,0.0,0.0,0.0,0,-0.13,3.325,-0.13,3.325,San Francisco 49ers,3.455,San Francisco 49ers,3.455,-0.13,3.325,San Francisco 49ers,3.455,0.0,0,No,No,No,No,No,1,No,0.0,0.0,2.441,0.9,-0.25678,2.31278,-0.25678,2.31278,-0.16133,-0.97767,2.2642599999999997,-0.06225999999999986,San Francisco 49ers,2.56956,San Francisco 49ers,2.56956,-0.25678,2.31278,San Francisco 49ers,2.56956,Tie,0.0,Seattle Seahawks,1.541,1.2205,0.45,Seattle Seahawks,0.7705,Seattle Seahawks,0.8163400000000001,Seattle Seahawks,2.3265199999999995,1.0514649999999999,-0.5199649999999999,Seattle Seahawks,1.5714299999999999,Different,Different,Different,Different,Different,Same,False,Away Team,Away Team,45.0,266.0,-310.0,Seattle Seahawks,San Francisco 49ers,7.0,-7.0,101,-122,117,-142,0.8163400000000001,-0.8163400000000001,2.3265199999999995,-2.3265199999999995,0.7561,0.2732,0.5495,0.4975,0.5868,0.4608,0.7346,0.2654,0.5248,0.4752,0.5601,0.4399,0.7346,0.2654,0.2346,-0.2346,,,14,8.0,55.0,0.0,Historical Avg,False,Russell Wilson,Nick Mullens,0.26,1.0,14.63,214.18,High,-10.0,10.0,43.03,43.0,12.961512010514811,27.0,61.0,0.4974,0.5022,0.0782,0.075,0.6398,0.327,0.4066,0.5744,18,2021-01-03,Seattle Seahawks @ San Francisco 49ers,0.4195,0.5804,+138,-138,0.273224043715847,0.7560975609756098,0.63,-0.63,43.015,1.25762,-1.25762,San Francisco 49ers,4.6734800000000005,San Francisco 49ers,6.18366,San Francisco 49ers,6.37,San Francisco 49ers,5.74238,San Francisco 49ers,0.166675956284153,San Francisco 49ers,0.201975956284153,San Francisco 49ers,0.224175956284153,San Francisco 49ers,0.14627595628415296,Under,1.9849999999999994,100.0,266.0,771.13,2051.21,110.00000000000001,100.0,608.95,553.59,110.00000000000001,100.0,265.6,241.45,San Francisco 49ers,,,,,,,,,,,,,,,18,0,0,Seattle Seahawks,San Francisco 49ers,0,0,0,0,0,0,0,0,0,0,0,0,1,0.0,0.0,0.015,0.001,35.0,0.9142857142857143,0.0,0.0005389563852284073,0.0,0.0050063658623866756,0.0,0.01385710762060758,0.0,0.0005389563852284073,0.0,0.0001430390246396193,0.00039591736058878797,0.0,0.0,0.00039591736058878797,0.0,0.018863473482994254,28.0,7.0
2020_17_WAS_PHI,2020,18,2021-01-03,20:20,Washington Commanders,Philadelphia Eagles,Home,Alex Smith,Jalen Hurts,00-0023436,00-0036389,7,7,0,0,12,-4,Lincoln Financial Field,39.9008,-75.1675,America/New_York,False,False,17,17,Sunday,False,False,0,False,False,0,12,-4,NFC East,FedExField,38.9077,-76.8645,America/New_York,NFC East,Lincoln Financial Field,39.9008,-75.1675,America/New_York,Carolina Panthers,Dallas Cowboys,FedExField,AT&T Stadium,Playoffs?,Playoffs?,Playoffs?,Playoffs?,114,0,-114,114,0.0,0.0,America/New_York,America/Chicago,0.0,-1.0,0.0,0.0,0.0,0,1.45,4.905,1.45,4.905,Philadelphia Eagles,3.455,Philadelphia Eagles,3.455,1.45,4.905,Philadelphia Eagles,3.455,0.0,0,No,No,No,No,No,1,No,0.0,0.0,-4.815,-6.337,2.6363,6.0467,2.6363,6.0467,1.15175,1.17625,-3.67847,-5.14553,Philadelphia Eagles,3.4104000000000005,Philadelphia Eagles,3.4104000000000005,2.6363,6.0467,Philadelphia Eagles,3.4104000000000005,Tie,0.0,Washington Commanders,1.5219999999999994,-2.4075,-3.1685,Washington Commanders,0.7609999999999997,Philadelphia Eagles,0.024499999999999966,Washington Commanders,1.46706,-1.26336,-1.98464,Washington Commanders,0.7212799999999999,Different,Different,Same,Different,Different,Same,False,Home Team,Away Team,43.5,245.0,-283.0,Washington Commanders,Philadelphia Eagles,6.5,-6.5,-110,-110,105,-128,-0.024499999999999966,0.024499999999999966,1.46706,-1.46706,0.7389,0.2899,0.5238,0.5238,0.5614,0.4878,0.7182,0.2818,0.5,0.5,0.5351,0.4649,0.7182,0.2818,0.2182,-0.2182,38.0,10.0,15,10.0,38.0,0.0,nfl_read_py Fallback,False,Alex Smith,Carson Wentz,9.15,10.0,13.53,183.06,Med-High,1.0,18.0,39.07,39.0,12.607575071751029,23.0,56.0,0.2402,0.7588,0.069,0.0666,0.3778,0.6222,0.342,0.658,18,2021-01-03,Washington Commanders @ Philadelphia Eagles,0.3717,0.628,+169,-169,0.2898550724637681,0.7389033942558747,9.575,-9.575,39.035,3.67252,-3.67252,Philadelphia Eagles,5.03294,Philadelphia Eagles,6.5245,Washington Commanders,3.0749999999999993,Philadelphia Eagles,2.82748,Philadelphia Eagles,0.17504492753623185,Philadelphia Eagles,0.21014492753623187,Washington Commanders,0.01989660574412533,Philadelphia Eagles,0.08184492753623185,Under,4.465000000000003,283.0,100.0,190.51,67.32,110.00000000000001,100.0,516.55,469.59,110.00000000000001,100.0,704.5,640.45,Washington Commanders,,,,,,,,,,,,,,,18,0,0,Washington Commanders,Philadelphia Eagles,0,0,0,0,0,0,0,0,0,0,0,0,1,0.0,0.0,0.077,0.022000000000000002,35.0,0.37142857142857144,0.8285714285714286,0.009642241752219687,0.07031365817692126,0.09510143040214276,1.7674744255932695,0.24237703092554627,0.6935036105989745,0.009642241752219687,0.07031365817692126,0.0027171837257755076,0.00692505802644418,0.050499269302664844,0.019814388874256413,0.02673944690070059,2.4609780361922438,0.33747846132768905,28.0,7.0
