Game ID,Season,Week_x,Date_x,Time,Away Team,Home Team,Location,Away QB,Home QB,Away QB ID,Home QB ID,Away Team Weekly Rest,Home Team Weekly Rest,Weekly Away Rest Advantage,Weekly Home Rest Advantage,Away Cumulative Rest Advantage,Home Cumulative Rest Advantage,Actual Stadium,Back to Back Away Games,Away Team Current Week Cumulative Rest Advantage,Home Team Current Week Cumulative Rest Advantage,Away Team Division,Away Stadium,Away Stadium Latitude,Away Stadium Longitude,Away Stadium TimeZone,Home Team Division,Home Stadium,Home Stadium Latitude,Home Stadium Longitude,Home Stadium TimeZone,Away Team Previous Opponent,Home Team Previous Opponent,Away Team Previous Location,Home Team Previous Location,Away Team Next Opponent,Home Team Next Opponent,Away Team Next Location,Home Team Next Location,Actual Stadium Latitude,Actual Stadium Longitude,Actual Stadium TimeZone,Away Travel Distance,Home Travel Distance,Away Travel Advantage,Home Travel Advantage,Away Timezone Change,Home Timezone Change,Away Previous Game Actual Stadium TimeZone,Home Previous Game Actual Stadium TimeZone,Away Weekly Timezone Difference,Home Weekly Timezone Difference,Adjusted Away Timezone Change,Adjusted Home Timezone Change,Away Timezone Advantage,Home Timezone Advantage,Away Team Massey-Peabody Preseason Rank,Home Team Massey-Peabody Preseason Rank,Away Team Generic Sports Fan Preseason Rank,Home Team Generic Sports Fan Preseason Rank,Massey-Peabody Preseason Winner,Massey-Peabody Preseason Difference,Generic Sports Fan Preseason Winner,Generic Sports Fan Preseason Difference,Away Team MP + GSF Average Preseason Rank,Home Team MP + GSF Average Preseason Rank,MP + GSF Average Preseason Winner,MP + GSF Average Preseason Difference,Away NonLinear TZ,Home NonLinear TZ,Home Team 3 games in 10 days,Away Team 3 games in 10 days,Home Team 4 games in 17 days,Away Team 4 games in 17 days,Away Team Short Rest,Divisional Matchup?,Home Team Short Rest,Away Team Massey-Peabody Current Rank,Home Team Massey-Peabody Current Rank,Away Team Generic Sports Fan Current Rank,Home Team Generic Sports Fan Current Rank,Away Team Adjusted Massey-Peabody Preseason Rank,Home Team Adjusted Massey-Peabody Preseason Rank,Away Team Adjusted Generic Sports Fan Preseason Rank,Home Team Adjusted Generic Sports Fan Preseason Rank,Away Team Adjusted Massey-Peabody Current Rank,Home Team Adjusted Massey-Peabody Current Rank,Away Team Adjusted Generic Sports Fan Current Rank,Home Team Adjusted Generic Sports Fan Current Rank,Adjusted Massey-Peabody Preseason Winner,Adjusted Massey-Peabody Preseason Difference,Adjusted Generic Sports Fan Preseason Winner,Adjusted Generic Sports Fan Preseason Difference,Away Team Adjusted MP + GSF Average Preseason Rank,Home Team Adjusted MP + GSF Average Preseason Rank,Adjusted MP + GSF Average Preseason Winner,Adjusted MP + GSF Average Preseason Difference,Massey-Peabody Current Winner,Massey-Peabody Current Difference,Generic Sports Fan Current Winner,Generic Sports Fan Current Difference,Away Team MP + GSF Average Current Rank,Home Team MP + GSF Average Current Rank,MP + GSF Average Current Winner,MP + GSF Average Current Difference,Adjusted Massey-Peabody Current Winner,Adjusted Massey-Peabody Current Difference,Adjusted Generic Sports Fan Current Winner,Adjusted Generic Sports Fan Current Difference,Away Team Adjusted MP + GSF Average Current Rank,Home Team Adjusted MP + GSF Average Current Rank,Adjusted MP + GSF Average Current Winner,Adjusted MP + GSF Average Current Difference,Massey-Peabody Bayesian Same Winner Across All Metrics,Generic Sports Fan Bayesian Same Adjusted Winner,Massey-Peabody Bayesian Same Current and Preseason Adjusted Winner,Generic Sports Fan Bayesian Current and Preseason Adjusted Winner,Massey-Peabody Bayesian Same Current and Adjusted Current Winner,Generic Sports Fan Bayesian Same Current and Adjusted Current Winner,Thursday Night Game,Masey-Peabody Home Team Winner?,Generic Sports Fan Home Team Winner?,Total Line,Home Team Sportsbook Moneyline,Away Team Sportsbook Moneyline,Sportsbook Favorite,Sportsbook Underdog,Home Team Sportsbook Spread,Away Team Sportsbook Spread,Massey-Peabody Home Team Moneyline,Massey-Peabody Away Team Moneyline,Generic Sports Fan Home Team Moneyline,Generic Sports Fan Away Team Moneyline,Massey-Peabody Home Team Spread,Massey-Peabody Away Team Spread,Generic Sports Fan Home Team Spread,Generic Sports Fan Away Team Spread,Away Team Sportsbook Implied Odds to Win,Home Team Sportsbook Implied Odds to Win,Away Team Massey-Peabody Implied Odds to Win,Home Team Massey-Peabody Implied Odds to Win,Away Team Generic Sports Fan Implied Odds to Win,Home Team Generic Sports Fan Implied Odds to Win,Away Team Sportsbook Fair Odds,Home Team Sportsbook Fair Odds,Away Team Massey-Peabody Fair Odds,Home Team Massey-Peabody Fair Odds,Away Team Generic Sports Fan Fair Odds,Home Team Generic Sports Fan Fair Odds,Away Team Fair Odds,Home Team Fair Odds,Away Team Expected Win Advantage,Home Team Expected Win Advantage,Away Team Cumulative Win Percentage,Home Team Cumulative Win Percentage,Favorite,Underdog,Away Team Thanksgiving Favorite,Home Team Thanksgiving Favorite,Away Team Thanksgiving Underdog,Home Team Thanksgiving Underdog,Away Team Christmas Favorite,Home Team Christmas Favorite,Away Team Christmas Underdog,Home Team Christmas Underdog,Away Team Pre Thanksgiving,Home Team Pre Thanksgiving,Away Team Pre Christmas,Home Team Pre Christmas,Divisional Matchup Boolean,Away Team Star Rating,Home Team Star Rating,Away Team Public Pick %,Home Team Public Pick %,Total Remaining Entries at Start of Week,Home Team Expected Availability,Away Team Expected Availability,Home Pick %,Away Pick %,Expected Home Team Survivors,Expected Away Team Survivors,Expected Home Team Eliminations,Expected Away Team Eliminations,Home Predicted_Pick_Pct,Away Predicted_Pick_Pct,Home Expected Survival Rate,Home Expected Elimination Percent,Away Expected Survival Rate,Away Expected Elimination Percent,Expected Eliminated Entry Percent From Game,Expected Away Team Picks,Expected Home Team Picks,Avg Survivors,Avg Eliminations,temp,wind,Matchup_ID,Week_y,Date_y,Matchup,Wind,Temperature,Precipitation,Sim_Weather_Source,Sim_Spread_Mean,Sim_Spread_Median,Sim_Spread_Std,Sim_Spread_Variance,Sim_Spread_Variance_Label,Sim_Spread_25th,Sim_Spread_75th,Sim_Total_Mean,Sim_Total_Median,Sim_Total_Std,Sim_Total_10th_Floor,Sim_Total_90th_Ceiling,Sim_Home_Win_Pct,Sim_Away_Win_Pct,Sim_Prob_Land_3,Sim_Prob_Land_7,Sim_Home_Cover_Prob,Sim_Away_Cover_Prob,Sim_Prob_Over,Sim_Prob_Under,Consensus Home Win Pct,Consensus Away Win Pct,Consenus Home Team Odds,Consenus Away Team Odds,Market Home Team Implied Odds,Market Away Team Implied Odds,Monte Carlo Home Team Spread,Monte Carlo Away Team Spread,Monte Carlo Total,Consensus Home Team Spread,Consensus Away Team Spread,GSF Spread Bet,GSF Spread Edge,Massey-Peabody Spread Bet,Massey-Peabody Spread Edge,Monte Carlo Spread Bet,Monte Carlo Spread Edge,Consensus Spread Bet,Consensus Spread Edge,GSF Moneyline Bet,GSF Moneyline Edge,Massey-Peabody Moneyline Bet,Massey-Peabody Moneyline Edge,Monte Carlo Moneyline Bet,Monte Carlo Moneyline Edge,Consensus Moneyline Bet,Consensus Moneyline Edge,Monte Carlo Total Bet,Monte Carlo Total Edge,MC ML Unit Wager,MC ML Unit to Win,MC ML Kelly Wager,MC ML Kelly To Win,MC Spread Unit Wager,MC Spread Unit to Win,MC Spread Kelly Wager,MC Spread Kelly To Win,MC Total Unit Wager,MC Total Unit to Win,MC Total Kelly Wager,MC Total Kelly To Win,MC Bet Direction,Home Team Offensive Pressure Allowed Rate,Away Team Offensive Pressure Allowed Rate,Home Team Defensive Pressure Generated Rate,Away Team Defensive Pressure Generated Rate,Home Team Zone Rate,Away Team Zone Rate,Home Team Man Rate,Away Team Man Rate,Home Team Offensive EPA vs Pressure,Away Team Offensive EPA vs Pressure,Home Team Offensive EPA vs Zone,Away Team Offensive EPA vs Zone,Home Team Offensive EPA vs Man,Away Team Offensive EPA vs Man,Home Team EV,Away Team EV
2025_17_DAL_WAS,2025,18,2025-12-25,13:00,Dallas Cowboys,Washington Commanders,Home,Dak Prescott,Josh Johnson,00-0033077,00-0026300,4,5,-1,1,2,-16,FedExField,False,18,-18,NFC East,AT&T Stadium,32.7369,-97.0826,America/Chicago,NFC East,FedExField,38.9077,-76.8645,America/New_York,Los Angeles Chargers,Philadelphia Eagles,AT&T Stadium,FedExField,New York Giants,Philadelphia Eagles,MetLife Stadium,Lincoln Financial Field,38.9077,-76.8645,America/New_York,1206,0,-1206,1206,-1.0,0.0,America/Chicago,America/New_York,-1.0,0.0,-1.0,0.0,-1.0,0,-0.615,1.45,-0.615,1.45,Washington Commanders,2.065,Washington Commanders,2.065,-0.615,1.45,Washington Commanders,2.065,0.0,0,No,No,No,No,Yes,1,No,-0.41,-2.85,-2.312,-4.955,1.0173,0.7036999999999999,1.0173,0.7036999999999999,1.17725,-3.55125,-0.7267800000000001,-5.6542200000000005,Dallas Cowboys,0.3136000000000002,Dallas Cowboys,0.3136000000000002,1.0173,0.7036999999999999,Dallas Cowboys,0.3136000000000002,Dallas Cowboys,2.44,Dallas Cowboys,2.643,-1.361,-3.9025,Dallas Cowboys,2.5415,Dallas Cowboys,4.7285,Dallas Cowboys,4.927440000000001,0.225235,-4.602735,Dallas Cowboys,4.82797,Different,Different,Same,Same,Same,Same,False,Away Team,Away Team,50.5,380.0,-500.0,Dallas Cowboys,Washington Commanders,8.5,-8.5,181,-224,188,-234,4.7285,-4.7285,4.927440000000001,-4.927440000000001,0.8333,0.2083,0.6914,0.3559,0.7006,0.3472,0.8,0.2,0.6602,0.3398,0.6686,0.3314,0.8,0.2,0.3,-0.3,0.0996,-0.1164,Dallas Cowboys,Washington Commanders,0,0,0,0,1,0,0,1,0,0,0,0,1,2.0,0.0,0.183,0.003,10.0,0.9,0.5,0.1452264509530736,0.5,0.2904529019061472,4.0,1.1618116076245888,0.9999999999999998,0.1452264509530736,0.5,0.0290452901906147,0.1161811607624588,0.4,0.0999999999999999,0.2161811607624588,5.0,1.452264509530736,5.17,4.83,50.0,7.0,240,18.0,2025-12-25,DAL @ WAS,7.0,50.0,0.0,nfl_read_py Fallback,-0.8,-2.0,13.96,194.99,Med-High,-11.0,10.0,48.6,48.0,12.962002640216442,32.0,65.0,0.5324,0.4676,0.066,0.076,0.7188,0.2812,0.4248,0.5752,0.3509,0.6491,185,-185,0.2083333333333333,0.8333333333333334,-1.4,1.4,48.3,2.75198,-2.75198,Washington Commanders,3.5725599999999997,Washington Commanders,3.7715,Washington Commanders,9.9,Washington Commanders,5.74802,Washington Commanders,0.1230666666666666,Washington Commanders,0.1314666666666666,Washington Commanders,0.3240666666666666,Washington Commanders,0.1425666666666666,Under,2.200000000000003,100.0,380.0,1023.37,3888.8,110.0,100.0,1023.7,930.64,110.0,100.0,269.8,245.27,Washington Commanders,,,,,,,,,,,,,,,1.7450754479062676,1.127563983087673
2025_17_DET_MIN,2025,18,2025-12-25,16:30,Detroit Lions,Minnesota Vikings,Home,Jared Goff,Max Brosmer,00-0033106,00-0040494,4,4,0,0,10,-6,U.S. Bank Stadium,False,16,-16,NFC North,Ford Field,42.3395,-83.045,America/Detroit,NFC North,U.S. Bank Stadium,44.9738,-93.2575,America/Chicago,Pittsburgh Steelers,New York Giants,Ford Field,MetLife Stadium,Chicago Bears,Green Bay Packers,Soldier Field,U.S. Bank Stadium,44.9738,-93.2575,America/Chicago,541,0,-541,541,1.0,0.0,America/Detroit,America/New_York,1.0,1.0,1.0,0.0,1.0,0,4.305,0.27,4.305,0.27,Detroit Lions,4.035,Detroit Lions,4.035,4.305,0.27,Detroit Lions,4.035,0.0,0,No,No,No,No,No,1,No,3.74,-0.1,3.522,-0.877,4.813275,0.4302249999999999,4.813275,0.4302249999999999,4.250225,0.0582749999999999,4.026635,-0.7131350000000001,Detroit Lions,4.38305,Detroit Lions,4.38305,4.813275,0.4302249999999999,Detroit Lions,4.38305,Detroit Lions,3.84,Detroit Lions,4.399,3.631,-0.4885,Detroit Lions,4.1195,Detroit Lions,4.19195,Detroit Lions,4.73977,4.13843,-0.32743,Detroit Lions,4.465859999999999,Same,Same,Same,Same,Same,Same,False,Away Team,Away Team,45.5,285.0,-360.0,Detroit Lions,Minnesota Vikings,7.0,-7.0,171,-211,181,-224,4.19195,-4.19195,4.73977,-4.73977,0.7826,0.2597,0.6785,0.369,0.6914,0.3559,0.7508,0.2492,0.6477,0.3523,0.6602,0.3398,0.7508,0.2492,0.2508,-0.2508,-0.1164,0.3316,Detroit Lions,Minnesota Vikings,0,0,0,0,1,0,0,1,0,0,0,0,1,0.0,4.5,0.031,0.0,10.0,1.0,0.0,0.1773863469645202,0.0,0.4420467766355845,0.0,1.331816693009618,0.0,0.1773863469645202,0.0,0.0442046776635584,0.1331816693009618,0.0,0.0,0.1331816693009618,0.0,1.7738634696452027,5.17,4.83,,,241,18.0,2025-12-25,DET @ MIN,0.0,70.0,0.0,Dome,2.31,3.0,13.43,180.38,Med-High,-7.0,12.0,48.49,48.0,13.426021636463764,32.0,66.0,0.432,0.5676,0.0944,0.0888,0.6036,0.3452,0.5836,0.4164,0.3433,0.6566,191,-191,0.2597402597402597,0.782608695652174,2.655,-2.655,48.245000000000005,3.86224,-3.86224,Minnesota Vikings,2.26023,Minnesota Vikings,2.80805,Minnesota Vikings,4.345,Minnesota Vikings,3.13776,Minnesota Vikings,0.0800597402597402,Minnesota Vikings,0.0925597402597402,Minnesota Vikings,0.1722597402597402,Minnesota Vikings,0.0835597402597402,Over,2.7450000000000045,100.0,285.0,581.75,1658.0,110.0,100.0,418.9,380.82,110.0,100.0,313.9,285.36,Minnesota Vikings,,,,,,,,,,,,,,,0.664225050605495,2.2084143803884455
2025_17_DEN_KC,2025,18,2025-12-25,20:15,Denver Broncos,Kansas City Chiefs,Home,Bo Nix,Chris Oladokun,00-0039732,00-0037324,4,4,0,0,-7,-1,GEHA Field at Arrowhead Stadium,False,-6,6,AFC West,Empower Field at Mile High,39.7648,-105.0076,America/Denver,AFC West,GEHA Field at Arrowhead Stadium,39.0489,-94.4839,America/Chicago,Jacksonville Jaguars,Tennessee Titans,Empower Field at Mile High,Nissan Stadium,Los Angeles Chargers,Las Vegas Raiders,Empower Field at Mile High,Allegiant Stadium,39.0489,-94.4839,America/Chicago,563,0,-563,563,-1.0,0.0,America/Denver,America/Chicago,-1.0,0.0,-1.0,0.0,-1.0,0,2.05,4.395,2.05,4.395,Kansas City Chiefs,2.345,Kansas City Chiefs,2.345,2.05,4.395,Kansas City Chiefs,2.345,0.0,0,No,No,No,No,No,1,No,3.43,-0.19,3.758,-1.666,1.4792149999999995,5.763285,1.4792149999999995,5.763285,2.799565,1.2379350000000002,3.109525,-0.2200249999999997,Kansas City Chiefs,4.28407,Kansas City Chiefs,4.28407,1.4792149999999995,5.763285,Kansas City Chiefs,4.28407,Denver Broncos,3.62,Denver Broncos,5.424,3.5940000000000003,-0.928,Denver Broncos,4.522,Denver Broncos,1.5616299999999996,Denver Broncos,3.32955,2.954545,0.5089550000000003,Denver Broncos,2.44559,Different,Different,Different,Different,Same,Same,False,Away Team,Away Team,37.5,700.0,-1100.0,Denver Broncos,Kansas City Chiefs,13.5,-13.5,105,-128,156,-191,1.5616299999999996,-1.5616299999999996,3.32955,-3.32955,0.9167,0.125,0.5614,0.4878,0.6564,0.3906,0.88,0.12,0.5351,0.4649,0.6269,0.3731,0.88,0.12,0.38,-0.38,0.404,0.1636,Denver Broncos,Kansas City Chiefs,0,0,0,0,1,0,0,1,0,0,0,0,1,5.0,2.5,0.052,0.003,10.0,0.1,0.0,0.1,0.0,0.12,0.0,0.8800000000000001,0.0,0.1,0.0,0.012,0.088,0.0,0.0,0.088,0.0,1.0,5.17,4.83,,,242,18.0,2025-12-25,DEN @ KC,10.0,60.0,0.0,Historical Avg,10.3,10.0,12.84,164.8,Med-Low,3.0,19.0,37.92,37.0,11.788154681557184,23.0,53.0,0.2112,0.7876,0.0676,0.0608,0.5844,0.4156,0.4856,0.5144,0.2923,0.7074,242,-242,0.125,0.9166666666666666,10.15,-10.15,37.46,5.013726666666667,-5.013726666666667,Kansas City Chiefs,10.17045,Kansas City Chiefs,11.93837,Kansas City Chiefs,3.35,Kansas City Chiefs,8.486273333333333,Kansas City Chiefs,0.2481,Kansas City Chiefs,0.3399,Kansas City Chiefs,0.0862,Kansas City Chiefs,0.1673,Under,0.0399999999999991,100.0,700.0,246.29,1724.0,110.0,100.0,318.1,289.18,110.0,100.0,0.0,0.0,Kansas City Chiefs,,,,,,,,,,,,,,,0.6496243922215876,2.2230150387723526
2025_17_HOU_LAC,2025,19,2025-12-27,16:30,Houston Texans,Los Angeles Chargers,Home,C.J. Stroud,Justin Herbert,00-0039163,00-0036355,6,6,0,0,-2,8,SoFi Stadium,False,-10,10,AFC South,NRG Stadium,29.6847,-95.4093,America/Chicago,AFC West,SoFi Stadium,33.9535,-118.3395,America/Los_Angeles,Las Vegas Raiders,Dallas Cowboys,NRG Stadium,AT&T Stadium,Indianapolis Colts,Denver Broncos,NRG Stadium,Empower Field at Mile High,33.9535,-118.3395,America/Los_Angeles,1374,0,-1374,1374,2.0,0.0,America/Chicago,America/Chicago,2.0,2.0,2.0,0.0,2.0,0,0.035,0.935,0.035,0.935,Los Angeles Chargers,0.9,Los Angeles Chargers,0.9,0.035,0.935,Los Angeles Chargers,0.9,-0.15,0,No,No,No,No,No,0,No,2.43,0.79,4.975,1.867,-0.2494999999999999,1.242,-0.2494999999999999,1.242,2.1455,1.097,4.690499999999999,2.174,Los Angeles Chargers,1.4915,Los Angeles Chargers,1.4915,-0.2494999999999999,1.242,Los Angeles Chargers,1.4915,Houston Texans,1.64,Houston Texans,3.108,3.7025,1.3285,Houston Texans,2.374,Houston Texans,1.0485000000000002,Houston Texans,2.5164999999999997,3.418,1.6355,Houston Texans,1.7824999999999998,Different,Different,Different,Different,Same,Same,False,Away Team,Away Team,40.5,-118.0,-102.0,Los Angeles Chargers,Houston Texans,-1.5,1.5,101,-122,117,-142,1.0485000000000002,-1.0485000000000002,2.5164999999999997,-2.5164999999999997,0.505,0.5413,0.5495,0.4975,0.5868,0.4608,0.4826,0.5174,0.5248,0.4752,0.5601,0.4399,0.4826,0.5174,-0.0174,0.0174,0.3082,-0.404,Los Angeles Chargers,Houston Texans,0,0,0,0,0,0,0,0,0,0,0,0,0,4.5,0.0,0.0,0.009,4.852499678541732,0.0,0.0,0.0,0.0,0.0,0.0,0.0,0.0,0.0,0.0,0.0,0.0,0.0,0.0,0.0,0.0,0.0,3.9270833333333335,1.4583333333333333,,,243,,,,,,,,,,,,,,,,,,,,,,,,,,,,0.4775,0.5225,109,-109,,,,,,,,No Bet,,No Bet,,No Bet,,No Bet,,No Bet,,No Bet,,No Bet,,No Bet,,No Bet,,,,,,,,,,,,,,,,,,,,,,,,,,,,,0.8352009252192607,0.9139109600566762
2025_17_BAL_GB,2025,19,2025-12-27,20:00,Baltimore Ravens,Green Bay Packers,Home,Tyler Huntley,Malik Willis,00-0035993,00-0038128,6,7,-1,1,5,1,Lambeau Field,False,4,-4,AFC North,M&T Bank Stadium,39.2789,-76.6228,America/New_York,NFC North,Lambeau Field,44.5013,-88.0622,America/Chicago,New England Patriots,Chicago Bears,M&T Bank Stadium,Soldier Field,Pittsburgh Steelers,Minnesota Vikings,Acrisure Stadium,U.S. Bank Stadium,44.5013,-88.0622,America/Chicago,689,0,-689,689,1.0,0.0,America/New_York,America/Chicago,1.0,0.0,1.0,0.0,1.0,0,6.69,3.535,6.69,3.535,Baltimore Ravens,3.155,Baltimore Ravens,3.155,6.69,3.535,Baltimore Ravens,3.155,0.0,0,No,No,No,No,Yes,0,No,4.35,3.57,1.39,2.006,9.532,3.998,9.532,3.998,7.192,4.033,4.232,2.469,Baltimore Ravens,5.534,Baltimore Ravens,5.534,9.532,3.998,Baltimore Ravens,5.534,Baltimore Ravens,0.7799999999999998,Green Bay Packers,0.6159999999999999,2.87,2.788,Baltimore Ravens,0.0819999999999998,Baltimore Ravens,3.1590000000000007,Baltimore Ravens,1.7630000000000003,5.712,3.2509999999999994,Baltimore Ravens,2.4610000000000003,Same,Different,Same,Same,Same,Different,False,Away Team,Away Team,38.5,-142.0,120.0,Green Bay Packers,Baltimore Ravens,-2.5,2.5,135,-164,108,-131,3.1590000000000007,-3.1590000000000007,1.7630000000000003,-1.7630000000000003,0.4545,0.5868,0.6212,0.4255,0.5671,0.4808,0.4365,0.5635,0.5935,0.4065,0.5412,0.4588,0.4365,0.5635,-0.0635,0.0635,0.1636,-0.3316,Green Bay Packers,Baltimore Ravens,0,0,0,0,0,0,0,0,0,0,0,0,0,3.5,0.5,0.0,0.009,4.852499678541732,0.0,0.0,0.0,0.0,0.0,0.0,0.0,0.0,0.0,0.0,0.0,0.0,0.0,0.0,0.0,0.0,0.0,3.9270833333333335,1.4583333333333333,36.0,10.0,244,,,,,,,,,,,,,,,,,,,,,,,,,,,,0.4763,0.5237,110,-110,,,,,,,,No Bet,,No Bet,,No Bet,,No Bet,,No Bet,,No Bet,,No Bet,,No Bet,,No Bet,,,,,,,,,,,,,,,,,,,,,,,,,,,,,0.8331019909569298,0.9160098943190074
2025_17_SEA_CAR,2025,19,2025-12-28,13:00,Seattle Seahawks,Carolina Panthers,Home,Sam Darnold,Bryce Young,00-0034869,00-0039150,10,7,3,-3,8,-5,Bank of America Stadium,False,13,-13,NFC West,Lumen Field,47.5952,-122.3316,America/Los_Angeles,NFC South,Bank of America Stadium,35.2258,-80.8528,America/New_York,Los Angeles Rams,Tampa Bay Buccaneers,Lumen Field,Bank of America Stadium,San Francisco 49ers,Tampa Bay Buccaneers,Levi's Stadium,Raymond James Stadium,35.2258,-80.8528,America/New_York,2279,0,-2279,2279,-3.0,0.0,America/Los_Angeles,America/New_York,-3.0,0.0,-3.0,0.0,-3.0,0,-0.13,-5.25,-0.13,-5.25,Seattle Seahawks,5.12,Seattle Seahawks,5.12,-0.13,-5.25,Seattle Seahawks,5.12,-0.4499999999999999,0,No,No,No,No,No,0,No,9.53,-4.91,9.574,-4.881,0.48,-4.529,0.48,-4.529,10.14,-4.189,10.184,-4.16,Seattle Seahawks,5.009,Seattle Seahawks,5.009,0.48,-4.529,Seattle Seahawks,5.009,Seattle Seahawks,14.44,Seattle Seahawks,14.455,9.552,-4.8955,Seattle Seahawks,14.4475,Seattle Seahawks,14.329,Seattle Seahawks,14.344,10.162,-4.1745,Seattle Seahawks,14.3365,Same,Same,Same,Same,Same,Same,False,Away Team,Away Team,42.5,245.0,-305.0,Seattle Seahawks,Carolina Panthers,6.5,-6.5,615,-984,615,-984,14.329,-14.329,14.344,-14.344,0.7531,0.2899,0.9077,0.1399,0.9077,0.1399,0.7221,0.2779,0.8665,0.1335,0.8665,0.1335,0.7221,0.2779,0.2221,-0.2221,0.0721,-0.083,Seattle Seahawks,Carolina Panthers,0,0,0,0,0,0,0,0,0,0,0,0,0,3.0,2.0,0.016,0.001,4.852499678541732,1.0,0.0,0.0,0.0,0.0,0.0,0.0,0.0,0.0,0.0,0.0,0.0,0.0,0.0,0.0,0.0,0.0,3.9270833333333335,1.4583333333333333,43.0,2.0,245,,,,,,,,,,,,,,,,,,,,,,,,,,,,0.1816,0.8184,451,-451,,,,,,,,No Bet,,No Bet,,No Bet,,No Bet,,No Bet,,No Bet,,No Bet,,No Bet,,No Bet,,,,,,,,,,,,,,,,,,,,,,,,,,,,,0.3176387183661093,1.4314731669098306
2025_17_ARI_CIN,2025,19,2025-12-28,13:00,Arizona Cardinals,Cincinnati Bengals,Home,Jacoby Brissett,Joe Burrow,00-0033119,00-0036442,7,7,0,0,6,3,Paycor Stadium,False,3,-3,NFC West,State Farm Stadium,33.5277,-112.262608,America/Denver,AFC North,Paycor Stadium,39.0955,-84.5165,America/New_York,Atlanta Falcons,Miami Dolphins,State Farm Stadium,Hard Rock Stadium,Los Angeles Rams,Cleveland Browns,SoFi Stadium,Paycor Stadium,39.0955,-84.5165,America/New_York,1584,0,-1584,1584,-2.0,0.0,America/Denver,America/New_York,-2.0,0.0,-2.0,0.0,-2.0,0,0.075,1.31,0.075,1.31,Cincinnati Bengals,1.235,Cincinnati Bengals,1.235,0.075,1.31,Cincinnati Bengals,1.235,-0.3,0,No,No,No,No,No,0,No,-5.03,-2.52,-2.936,-1.8,-0.612,0.7110000000000001,-0.612,0.7110000000000001,-5.7170000000000005,-3.119,-3.623,-2.399,Cincinnati Bengals,1.323,Cincinnati Bengals,1.323,-0.612,0.7110000000000001,Cincinnati Bengals,1.323,Cincinnati Bengals,2.51,Cincinnati Bengals,1.136,-3.983,-2.16,Cincinnati Bengals,1.823,Cincinnati Bengals,2.5980000000000008,Cincinnati Bengals,1.2239999999999998,-4.67,-2.759,Cincinnati Bengals,1.911,Same,Same,Same,Same,Same,Same,False,Home Team,Home Team,52.5,-345.0,275.0,Cincinnati Bengals,Arizona Cardinals,-7.0,7.0,-142,117,-122,101,-2.5980000000000008,2.5980000000000008,-1.2239999999999998,1.2239999999999998,0.2667,0.7753,0.4608,0.5868,0.4975,0.5495,0.2559,0.7441,0.4399,0.5601,0.4752,0.5248,0.2559,0.7441,-0.2441,0.2441,-0.3934,0.2867,Cincinnati Bengals,Arizona Cardinals,0,0,0,0,0,0,0,0,0,0,0,0,0,0.0,4.5,0.002,0.3329999999999999,4.852499678541732,0.8,0.6,0.2211769018625486,0.0003789056778815,0.7986133949050406,0.0004705078941421,0.2746474502838327,0.0013681317859755,0.2211769018625486,0.0003789056778815,0.1645777326759224,0.0565991691866261,9.6961962969881e-05,0.0002819437149116,0.0568811129015378,0.0018386396801177,1.0732608451888732,3.9270833333333335,1.4583333333333333,65.0,9.0,246,,,,,,,,,,,,,,,,,,,,,,,,,,,,0.6097,0.3903,-156,156,,,,,,,,No Bet,,No Bet,,No Bet,,No Bet,,No Bet,,No Bet,,No Bet,,No Bet,,No Bet,,,,,,,,,,,,,,,,,,,,,,,,,,,,,0.8631260344243041,0.8859858508516336
2025_17_PIT_CLE,2025,19,2025-12-28,13:00,Pittsburgh Steelers,Cleveland Browns,Home,Aaron Rodgers,Shedeur Sanders,00-0023459,00-0040668,7,7,0,0,-4,-7,FirstEnergy Stadium,True,3,-3,AFC North,Acrisure Stadium,40.4468,-80.0158,America/New_York,AFC North,FirstEnergy Stadium,41.5061,-81.6994,America/New_York,Detroit Lions,Buffalo Bills,Ford Field,FirstEnergy Stadium,Baltimore Ravens,Cincinnati Bengals,Acrisure Stadium,Paycor Stadium,41.5061,-81.6994,America/New_York,114,0,-114,114,0.0,0.0,America/Detroit,America/New_York,0.0,0.0,0.0,0.0,0.0,0,-0.565,-4.705,-0.565,-4.705,Pittsburgh Steelers,4.140000000000001,Pittsburgh Steelers,4.140000000000001,-0.565,-4.705,Pittsburgh Steelers,4.140000000000001,0.0,0,No,No,No,No,No,1,No,1.6,-7.17,1.165,-7.05,-1.072695,-2.561805000000001,-1.072695,-2.561805000000001,1.046005,-4.980505,0.616555,-4.866055,Pittsburgh Steelers,1.4891100000000006,Pittsburgh Steelers,1.4891100000000006,-1.072695,-2.561805000000001,Pittsburgh Steelers,1.4891100000000006,Pittsburgh Steelers,8.77,Pittsburgh Steelers,8.215,1.3825,-7.109999999999999,Pittsburgh Steelers,8.4925,Pittsburgh Steelers,6.02651,Pittsburgh Steelers,5.48261,0.8312799999999999,-4.92328,Pittsburgh Steelers,5.75456,Same,Same,Same,Same,Same,Same,False,Away Team,Away Team,35.5,170.0,-205.0,Pittsburgh Steelers,Cleveland Browns,4.5,-4.5,208,-261,195,-244,6.02651,-6.02651,5.48261,-5.48261,0.6721,0.3704,0.723,0.3247,0.7093,0.339,0.6447,0.3553,0.6901,0.3099,0.6766,0.3234,0.6447,0.3553,0.1447,-0.1447,-0.1636,-0.2867,Pittsburgh Steelers,Cleveland Browns,0,0,0,0,0,0,0,0,0,0,0,0,1,1.5,0.5,0.172,0.0,4.852499678541732,1.0,0.5,8.10979358982215e-05,0.0791510360006961,0.0001398203946085,0.247616618890482,0.0002537073132679,0.136463757859141,8.10979358982215e-05,0.0791510360006961,2.88140966246381e-05,5.22838392735834e-05,0.0510286729096488,0.0281223630910473,0.0281746469303209,0.3840803767496231,0.0003935277078765,3.9270833333333335,1.4583333333333333,45.0,14.0,247,,,,,,,,,,,,,,,,,,,,,,,,,,,,0.3295,0.6705,203,-203,,,,,,,,No Bet,,No Bet,,No Bet,,No Bet,,No Bet,,No Bet,,No Bet,,No Bet,,No Bet,,,,,,,,,,,,,,,,,,,,,,,,,,,,,0.6574924559004244,1.091619429375516
2025_17_JAX_IND,2025,19,2025-12-28,13:00,Jacksonville Jaguars,Indianapolis Colts,Home,Trevor Lawrence,Philip Rivers,00-0036971,00-0022942,7,6,1,-1,1,3,Lucas Oil Stadium,True,-2,2,AFC South,TIAA Bank Field,30.3239,-81.6554,America/New_York,AFC South,Lucas Oil Stadium,39.7601,-86.1638,America/Indiana/Indianapolis,Denver Broncos,San Francisco 49ers,Empower Field at Mile High,Lucas Oil Stadium,Tennessee Titans,Houston Texans,TIAA Bank Stadium,NRG Stadium,39.7601,-86.1638,America/Indiana/Indianapolis,699,0,-699,699,0.0,0.0,America/Denver,America/Indiana/Indianapolis,-2.0,0.0,0.0,0.0,0.0,0,-1.825,-2.265,-1.825,-2.265,Jacksonville Jaguars,0.4400000000000001,Jacksonville Jaguars,0.4400000000000001,-1.825,-2.265,Jacksonville Jaguars,0.4400000000000001,0.0,0,No,No,No,No,No,1,Yes,3.82,0.76,3.637,0.198,-2.52006,-2.0849400000000005,-2.52006,-2.0849400000000005,3.09874,0.96626,2.91195,0.40805,Indianapolis Colts,0.4351199999999995,Indianapolis Colts,0.4351199999999995,-2.52006,-2.0849400000000005,Indianapolis Colts,0.4351199999999995,Jacksonville Jaguars,3.06,Jacksonville Jaguars,3.439,3.7285,0.479,Jacksonville Jaguars,3.2495,Jacksonville Jaguars,2.13248,Jacksonville Jaguars,2.5039,3.005345,0.687155,Jacksonville Jaguars,2.3181900000000004,Different,Different,Different,Different,Same,Same,False,Away Team,Away Team,48.5,185.0,-225.0,Jacksonville Jaguars,Indianapolis Colts,3.5,-3.5,108,-131,117,-142,2.13248,-2.13248,2.5039,-2.5039,0.6923,0.3509,0.5671,0.4808,0.5868,0.4608,0.6636,0.3364,0.5412,0.4588,0.5601,0.4399,0.6636,0.3364,0.1636,-0.1636,0.3465,-0.3082,Jacksonville Jaguars,Indianapolis Colts,0,0,0,0,0,0,0,0,0,0,0,0,1,4.5,0.5,0.059,0.002,4.852499678541732,0.0,0.1,0.0,0.0204193873866586,0.0,0.065752852936282,0.0,0.033332217793498,0.0,0.0204193873866586,0.0,0.0,0.0135503054697866,0.0068690819168719,0.0068690819168719,0.09908507072978,0.0,3.9270833333333335,1.4583333333333333,,,248,,,,,,,,,,,,,,,,,,,,,,,,,,,,0.4117,0.5883,143,-143,,,,,,,,No Bet,,No Bet,,No Bet,,No Bet,,No Bet,,No Bet,,No Bet,,No Bet,,No Bet,,,,,,,,,,,,,,,,,,,,,,,,,,,,,0.7434717129688699,1.00564017230707
2025_17_TB_MIA,2025,19,2025-12-28,13:00,Tampa Bay Buccaneers,Miami Dolphins,Home,Baker Mayfield,Quinn Ewers,00-0034855,00-0040234,7,7,0,0,2,11,Hard Rock Stadium,True,-9,9,NFC South,Raymond James Stadium,27.9759,-82.5033,America/New_York,AFC East,Hard Rock Stadium,25.9602,-80.2384,America/New_York,Carolina Panthers,Cincinnati Bengals,Bank of America Stadium,Hard Rock Stadium,Carolina Panthers,New England Patriots,Raymond James Stadium,Gillette Stadium,25.9602,-80.2384,America/New_York,197,0,-197,197,0.0,0.0,America/New_York,America/New_York,0.0,0.0,0.0,0.0,0.0,0,1.025,0.66,1.025,0.66,Tampa Bay Buccaneers,0.3649999999999999,Tampa Bay Buccaneers,0.3649999999999999,1.025,0.66,Tampa Bay Buccaneers,0.3649999999999999,0.0,0,No,No,No,No,No,0,No,-1.55,-1.2,-1.764,-4.268,0.512,1.2115,0.512,1.2115,-2.063,-0.6485,-2.277,-3.7165,Miami Dolphins,0.6995,Miami Dolphins,0.6995,0.512,1.2115,Miami Dolphins,0.6995,Miami Dolphins,0.3500000000000001,Tampa Bay Buccaneers,2.504,-1.657,-2.734,Tampa Bay Buccaneers,1.077,Miami Dolphins,1.4145000000000003,Tampa Bay Buccaneers,1.4394999999999991,-2.17,-2.1825,Tampa Bay Buccaneers,0.0124999999999997,Different,Different,Same,Different,Same,Same,False,Home Team,Away Team,44.5,205.0,-250.0,Tampa Bay Buccaneers,Miami Dolphins,5.5,-5.5,-128,105,105,-128,-1.4145000000000003,1.4145000000000003,1.4394999999999991,-1.4394999999999991,0.7143,0.3279,0.4878,0.5614,0.5614,0.4878,0.6854,0.3146,0.4649,0.5351,0.5351,0.4649,0.6854,0.3146,0.1854,-0.1854,0.083,-0.3721,Tampa Bay Buccaneers,Miami Dolphins,0,0,0,0,0,0,0,0,0,0,0,0,0,3.0,0.0,0.026,0.0,4.852499678541732,0.8,0.8,0.0223121936782117,0.1411071662173862,0.0340617145200307,0.469308786907698,0.0742081981310524,0.2154136918021036,0.0223121936782117,0.1411071662173862,0.0070194161311654,0.0152927775470463,0.0967148517253965,0.0443923144919897,0.059685092039036,0.6847224787098016,0.1082699126510832,3.9270833333333335,1.4583333333333333,80.0,3.0,249,,,,,,,,,,,,,,,,,,,,,,,,,,,,0.4382,0.5618,128,-128,,,,,,,,No Bet,,No Bet,,No Bet,,No Bet,,No Bet,,No Bet,,No Bet,,No Bet,,No Bet,,,,,,,,,,,,,,,,,,,,,,,,,,,,,0.8861311989027421,0.8629806863731956
2025_17_NE_NYJ,2025,19,2025-12-28,13:00,New England Patriots,New York Jets,Home,Drake Maye,Tyrod Taylor,00-0039851,00-0028118,7,7,0,0,2,-3,MetLife Stadium,True,5,-5,AFC East,Gillette Stadium,42.0628,-71.2687,America/New_York,AFC East,MetLife Stadium,40.8136,-74.0744,America/New_York,Baltimore Ravens,New Orleans Saints,M&T Bank Stadium,Mercedes-Benz Superdome,Miami Dolphins,Buffalo Bills,Gillette Stadium,New Era Field,40.8136,-74.0744,America/New_York,169,0,-169,169,0.0,0.0,America/New_York,America/Chicago,0.0,-1.0,0.0,0.0,0.0,0,-1.995,-3.725,-1.995,-3.725,New England Patriots,1.73,New England Patriots,1.73,-1.995,-3.725,New England Patriots,1.73,0.0,0,No,No,No,No,No,1,No,0.97,-5.51,1.926,-8.059,-1.7550300000000003,-4.20797,-1.7550300000000003,-4.20797,1.16247,-5.945469999999999,2.0834200000000003,-8.45942,New England Patriots,2.45294,New England Patriots,2.45294,-1.7550300000000003,-4.20797,New England Patriots,2.45294,New England Patriots,6.48,New England Patriots,9.985,1.448,-6.7845,New England Patriots,8.2325,New England Patriots,7.107939999999999,New England Patriots,10.54284,1.622945,-7.202444999999999,New England Patriots,8.825389999999999,Same,Same,Same,Same,Same,Same,False,Away Team,Away Team,42.5,625.0,-950.0,New England Patriots,New York Jets,12.5,-12.5,249,-319,389,-538,7.107939999999999,-7.107939999999999,10.54284,-10.54284,0.9048,0.1379,0.7613,0.2865,0.8433,0.2045,0.8677,0.1323,0.7266,0.2734,0.8048,0.1952,0.8677,0.1323,0.3677,-0.3677,0.3721,-0.3525,New England Patriots,New York Jets,0,0,0,0,0,0,0,0,0,0,0,0,1,5.0,0.5,0.093,0.002,4.852499678541732,1.0,0.4000000000000001,9.316020707634226e-05,0.2819141483009292,5.980752144805708e-05,1.1870034600635488,0.0003922523534427,0.1809848539430765,9.316020707634226e-05,0.2819141483009292,1.232509539620008e-05,8.083511168014218e-05,0.2446169064807163,0.0372972418202129,0.037378076931893,1.3679883140066251,0.0004520598748908,3.9270833333333335,1.4583333333333333,29.0,4.0,250,,,,,,,,,,,,,,,,,,,,,,,,,,,,0.2003,0.7997,399,-399,,,,,,,,No Bet,,No Bet,,No Bet,,No Bet,,No Bet,,No Bet,,No Bet,,No Bet,,No Bet,,,,,,,,,,,,,,,,,,,,,,,,,,,,,0.5758278500624804,1.1732840352134566
2025_17_NO_TEN,2025,19,2025-12-28,13:00,New Orleans Saints,Tennessee Titans,Home,Tyler Shough,Cam Ward,00-0040743,00-0040676,7,7,0,0,-15,-6,Nissan Stadium,False,-9,9,NFC South,Caesars Superdome,29.9507,-90.0813,America/Chicago,AFC South,Nissan Stadium,36.1664,-86.7716,America/Chicago,New York Jets,Kansas City Chiefs,Mercedes-Benz Superdome,Nissan Stadium,Atlanta Falcons,Jacksonville Jaguars,Mercedes-Benz Stadium,TIAA Bank Stadium,36.1664,-86.7716,America/Chicago,470,0,-470,470,0.0,0.0,America/Chicago,America/Chicago,0.0,0.0,0.0,0.0,0.0,0,-6.145,-4.36,-6.145,-4.36,Tennessee Titans,1.7849999999999993,Tennessee Titans,1.7849999999999993,-6.145,-4.36,Tennessee Titans,1.7849999999999993,0.0,0,No,No,No,No,No,0,No,-6.16,-7.65,-5.417,-6.95,-6.0745,-3.4305000000000003,-6.0745,-3.4305000000000003,-6.0895,-6.7205,-5.3465,-6.0205,Tennessee Titans,2.6439999999999992,Tennessee Titans,2.6439999999999992,-6.0745,-3.4305000000000003,Tennessee Titans,2.6439999999999992,New Orleans Saints,1.4900000000000002,New Orleans Saints,1.5330000000000004,-5.7885,-7.300000000000001,New Orleans Saints,1.5115000000000007,New Orleans Saints,0.6310000000000002,New Orleans Saints,0.6740000000000004,-5.718,-6.3705,New Orleans Saints,0.6524999999999999,Different,Different,Different,Different,Same,Same,False,Away Team,Away Team,39.5,100.0,-120.0,New Orleans Saints,Tennessee Titans,1.5,-1.5,-104,-116,-104,-116,0.6310000000000002,-0.6310000000000002,0.6740000000000004,-0.6740000000000004,0.5455,0.5,0.537,0.5098,0.537,0.5098,0.5217,0.4783,0.513,0.487,0.513,0.487,0.5217,0.4783,0.0217,-0.0217,-0.1447,-0.3465,New Orleans Saints,Tennessee Titans,0,0,0,0,0,0,0,0,0,0,0,0,0,1.5,0.5,0.016,0.003,4.852499678541732,1.0,0.8,0.0021749528894638,0.0198269243884978,0.005047958205609,0.0501928322404383,0.0055059999913574,0.0460173119812184,0.0021749528894638,0.0198269243884978,0.0010402799670305,0.0011346729224332,0.0103437064534793,0.0094832179350184,0.0106178908574517,0.0962101442216568,0.0105539581969665,3.9270833333333335,1.4583333333333333,71.0,14.0,251,,,,,,,,,,,,,,,,,,,,,,,,,,,,0.4841,0.5159,107,-107,,,,,,,,No Bet,,No Bet,,No Bet,,No Bet,,No Bet,,No Bet,,No Bet,,No Bet,,No Bet,,,,,,,,,,,,,,,,,,,,,,,,,,,,,0.8672389092499654,0.8818729760259726
2025_17_NYG_LV,2025,19,2025-12-28,16:05,New York Giants,Las Vegas Raiders,Home,Jaxson Dart,Geno Smith,00-0040691,00-0030565,7,7,0,0,7,-16,Allegiant Stadium,False,23,-23,NFC East,MetLife Stadium,40.8136,-74.0744,America/New_York,AFC West,Allegiant Stadium,36.108,-115.1578,America/Los_Angeles,Minnesota Vikings,Houston Texans,MetLife Stadium,NRG Stadium,Dallas Cowboys,Kansas City Chiefs,MetLife Stadium,Allegiant Stadium,36.108,-115.1578,America/Los_Angeles,2224,0,-2224,2224,3.0,0.0,America/New_York,America/Chicago,3.0,2.0,3.0,0.0,3.0,0,-2.84,-2.35,-2.84,-2.35,Las Vegas Raiders,0.4899999999999997,Las Vegas Raiders,0.4899999999999997,-2.84,-2.35,Las Vegas Raiders,0.4899999999999997,-0.2249999999999999,0,No,No,No,No,No,0,No,-5.66,-7.86,-6.762,-7.265,-0.7779999999999997,-4.367,-0.7779999999999997,-4.367,-3.598,-9.877,-4.699999999999999,-9.282,New York Giants,3.5890000000000004,New York Giants,3.5890000000000004,-0.7779999999999997,-4.367,New York Giants,3.5890000000000004,New York Giants,2.2,New York Giants,0.5030000000000001,-6.211,-7.5625,New York Giants,1.3514999999999997,New York Giants,6.278999999999999,New York Giants,4.582000000000001,-4.148999999999999,-9.5795,New York Giants,5.4305,Different,Different,Same,Same,Same,Same,False,Away Team,Away Team,40.5,136.0,-162.0,New York Giants,Las Vegas Raiders,3.0,-3.0,224,-282,181,-224,6.278999999999999,-6.278999999999999,4.582000000000001,-4.582000000000001,0.6183,0.4237,0.7382,0.3086,0.6914,0.3559,0.5934,0.4066,0.7052,0.2948,0.6602,0.3398,0.5934,0.4066,0.0934,-0.0934,-0.0996,-0.1636,New York Giants,Las Vegas Raiders,0,0,0,0,0,0,0,0,0,0,0,0,0,2.0,1.5,0.008,0.005,4.852499678541732,1.0,1.0,2.7264625880141217e-05,0.1708291409993689,5.379382581048338e-05,0.4918979519492177,7.850776250846246e-05,0.3370503998357801,2.7264625880141217e-05,0.1708291409993689,1.108579688286542e-05,1.6178828997275797e-05,0.1013700122690255,0.0694591287303433,0.0694753075593406,0.8289483517849978,0.0001323015883189,3.9270833333333335,1.4583333333333333,,,252,,,,,,,,,,,,,,,,,,,,,,,,,,,,0.3471,0.6529,188,-188,,,,,,,,No Bet,,No Bet,,No Bet,,No Bet,,No Bet,,No Bet,,No Bet,,No Bet,,No Bet,,,,,,,,,,,,,,,,,,,,,,,,,,,,,0.7708088552760352,0.9783030299999027
2025_17_PHI_BUF,2025,19,2025-12-28,16:25,Philadelphia Eagles,Buffalo Bills,Home,Jalen Hurts,Josh Allen,00-0036389,00-0034857,8,7,1,-1,7,-7,New Era Field,True,14,-14,NFC East,Lincoln Financial Field,39.9008,-75.1675,America/New_York,AFC East,Highmark Stadium,42.7725,-78.7877,America/New_York,Washington Commanders,Cleveland Browns,FedExField,FirstEnergy Stadium,Washington Commanders,New York Jets,Lincoln Financial Field,New Era Field,42.7725,-78.7877,America/New_York,273,0,-273,273,0.0,0.0,America/New_York,America/New_York,0.0,0.0,0.0,0.0,0.0,0,4.905,4.795,4.905,4.795,Philadelphia Eagles,0.1100000000000003,Philadelphia Eagles,0.1100000000000003,4.905,4.795,Philadelphia Eagles,0.1100000000000003,0.0,0,No,No,No,No,No,0,No,5.49,4.98,4.243,2.488,5.2545,4.597,5.2545,4.597,5.839500000000001,4.782,4.592500000000001,2.29,Philadelphia Eagles,0.6575000000000006,Philadelphia Eagles,0.6575000000000006,5.2545,4.597,Philadelphia Eagles,0.6575000000000006,Philadelphia Eagles,0.5099999999999998,Philadelphia Eagles,1.7550000000000003,4.8665,3.734,Philadelphia Eagles,1.1325000000000005,Philadelphia Eagles,1.057500000000001,Philadelphia Eagles,2.302500000000001,5.216000000000001,3.536,Philadelphia Eagles,1.6800000000000015,Same,Same,Same,Same,Same,Same,False,Away Team,Away Team,45.5,-170.0,142.0,Buffalo Bills,Philadelphia Eagles,-3.0,3.0,101,-122,117,-142,1.057500000000001,-1.057500000000001,2.302500000000001,-2.302500000000001,0.4132,0.6296,0.5495,0.4975,0.5868,0.4608,0.3962,0.6038,0.5248,0.4752,0.5601,0.4399,0.3962,0.6038,-0.1038,0.1038,0.1164,0.3525,Buffalo Bills,Philadelphia Eagles,0,0,0,0,0,0,0,0,0,0,0,0,0,3.5,4.5,0.0,0.001,4.852499678541732,0.0,0.4000000000000001,0.0,5.476104478919991e-05,0.0,0.0001052814146759,0.0,0.0001604465375602,0.0,5.476104478919991e-05,0.0,0.0,2.1696325945481004e-05,3.3064718843718905e-05,3.3064718843718905e-05,0.0002657279522362,0.0,3.9270833333333335,1.4583333333333333,38.0,6.0,253,,,,,,,,,,,,,,,,,,,,,,,,,,,,0.5063,0.4937,-103,103,,,,,,,,No Bet,,No Bet,,No Bet,,No Bet,,No Bet,,No Bet,,No Bet,,No Bet,,No Bet,,,,,,,,,,,,,,,,,,,,,,,,,,,,,0.8856401256143572,0.8634717596615806
2025_17_CHI_SF,2025,19,2025-12-28,20:20,Chicago Bears,San Francisco 49ers,Home,Caleb Williams,Brock Purdy,00-0039918,00-0037834,8,6,2,-2,-1,9,Levi's Stadium,False,-10,10,NFC North,Soldier Field,41.8623,-87.6167,America/Chicago,NFC West,Levi's Stadium,37.4031,-121.9702,America/Los_Angeles,Green Bay Packers,Indianapolis Colts,Soldier Field,Lucas Oil Stadium,Detroit Lions,Seattle Seahawks,Soldier Field,Levi's Stadium,37.4031,-121.9702,America/Los_Angeles,1840,0,-1840,1840,2.0,0.0,America/Chicago,America/Indiana/Indianapolis,2.0,3.0,2.0,0.0,2.0,0,-1.575,3.325,-1.575,3.325,San Francisco 49ers,4.9,San Francisco 49ers,4.9,-1.575,3.325,San Francisco 49ers,4.9,-0.15,0,No,No,No,No,No,0,Yes,1.34,3.99,2.051,4.028,-3.0705,3.5535000000000005,-3.0705,3.5535000000000005,-0.1554999999999999,4.218500000000001,0.5555000000000001,4.2565,San Francisco 49ers,6.6240000000000006,San Francisco 49ers,6.6240000000000006,-3.0705,3.5535000000000005,San Francisco 49ers,6.6240000000000006,San Francisco 49ers,2.6500000000000004,San Francisco 49ers,1.9769999999999996,1.6955,4.009,San Francisco 49ers,2.3135000000000003,San Francisco 49ers,4.3740000000000006,San Francisco 49ers,3.701,0.2,4.237500000000001,San Francisco 49ers,4.0375000000000005,Same,Same,Same,Same,Same,Same,False,Home Team,Home Team,51.5,-205.0,170.0,San Francisco 49ers,Chicago Bears,-3.5,3.5,-224,181,-191,156,-4.3740000000000006,4.3740000000000006,-3.701,3.701,0.3704,0.6721,0.3559,0.6914,0.3906,0.6564,0.3553,0.6447,0.3398,0.6602,0.3731,0.6269,0.3553,0.6447,-0.1447,0.1447,0.1164,-0.0721,San Francisco 49ers,Chicago Bears,0,0,0,0,0,0,0,0,0,0,0,0,0,3.5,2.0,0.001,0.011,4.852499678541732,0.2,0.1,0.0389893092497827,0.0001592958203218,0.1219744101545518,0.0002746408303763,0.0672212004465833,0.0004983420865286,0.0389893092497827,0.0001592958203218,0.0251364076733349,0.0138529015764478,5.65978049603659e-05,0.0001026980153615,0.0139555995918093,0.0007729829169049,0.1891956106011351,3.9270833333333335,1.4583333333333333,53.0,5.0,254,,,,,,,,,,,,,,,,,,,,,,,,,,,,0.6439,0.3561,-181,181,,,,,,,,No Bet,,No Bet,,No Bet,,No Bet,,No Bet,,No Bet,,No Bet,,No Bet,,No Bet,,,,,,,,,,,,,,,,,,,,,,,,,,,,,1.0840361608450608,0.6650757244308773
2025_17_LA_ATL,2025,19,2025-12-29,20:15,Los Angeles Rams,Atlanta Falcons,Home,Matthew Stafford,Kirk Cousins,00-0026498,00-0029604,11,8,3,-3,11,0,Mercedes-Benz Stadium,True,11,-11,NFC West,SoFi Stadium,33.9535,-118.3395,America/Los_Angeles,NFC South,Mercedes-Benz Stadium,33.7489,-84.388,America/New_York,Seattle Seahawks,Arizona Cardinals,Lumen Field,State Farm Stadium,Arizona Cardinals,New Orleans Saints,SoFi Stadium,Mercedes-Benz Stadium,33.7489,-84.388,America/New_York,1938,0,-1938,1938,-3.0,0.0,America/Los_Angeles,America/Denver,-3.0,-2.0,-3.0,0.0,-3.0,0,1.29,-0.71,1.29,-0.71,Los Angeles Rams,2.0,Los Angeles Rams,2.0,1.29,-0.71,Los Angeles Rams,2.0,-0.4499999999999999,0,No,No,No,No,No,0,No,9.47,-1.47,9.337,-1.384,0.9895,-0.993,0.9895,-0.993,9.169500000000005,-1.753,9.036500000000002,-1.6669999999999998,Los Angeles Rams,1.9825,Los Angeles Rams,1.9825,0.9895,-0.993,Los Angeles Rams,1.9825,Los Angeles Rams,10.94,Los Angeles Rams,10.721,9.4035,-1.427,Los Angeles Rams,10.8305,Los Angeles Rams,10.922500000000005,Los Angeles Rams,10.703500000000002,9.103000000000002,-1.71,Los Angeles Rams,10.813000000000002,Same,Same,Same,Same,Same,Same,False,Away Team,Away Team,48.5,300.0,-380.0,Los Angeles Rams,Atlanta Falcons,7.5,-7.5,406,-567,389,-538,10.922500000000005,-10.922500000000005,10.703500000000002,-10.703500000000002,0.7917,0.25,0.8501,0.1976,0.8433,0.2045,0.76,0.24,0.8114,0.1886,0.8048,0.1952,0.76,0.24,0.26,-0.26,0.3934,0.1447,Los Angeles Rams,Atlanta Falcons,0,0,0,0,0,0,0,0,0,0,0,0,0,5.0,3.5,0.036,0.002,4.852499678541732,1.0,0.0,0.0013043537146088,0.0,0.0015190502354025,0.0,0.0048103257454413,0.0,0.0013043537146088,0.0,0.0003130448915061,0.0009913088231026,0.0,0.0,0.0009913088231026,0.0,0.0063293759808439,3.9270833333333335,1.4583333333333333,,,255,,,,,,,,,,,,,,,,,,,,,,,,,,,,0.2079,0.7921,381,-381,,,,,,,,No Bet,,No Bet,,No Bet,,No Bet,,No Bet,,No Bet,,No Bet,,No Bet,,No Bet,,,,,,,,,,,,,,,,,,,,,,,,,,,,,0.3626304972017044,1.3864813880742337
2025_18_CAR_TB,2025,20,2026-01-03,16:30,Carolina Panthers,Tampa Bay Buccaneers,Home,Bryce Young,Baker Mayfield,00-0039150,00-0034855,6,6,0,0,-5,2,Raymond James Stadium,False,-7,7,NFC South,Bank of America Stadium,35.2258,-80.8528,America/New_York,NFC South,Raymond James Stadium,27.9759,-82.5033,America/New_York,Seattle Seahawks,Miami Dolphins,Bank of America Stadium,Hard Rock Stadium,Playoffs?,BYE,Playoffs?,Playoffs?,27.9759,-82.5033,America/New_York,510,0,-510,510,0.0,0.0,America/New_York,America/New_York,0.0,0.0,0.0,0.0,0.0,0,-5.25,1.025,-5.25,1.025,Tampa Bay Buccaneers,6.275,Tampa Bay Buccaneers,6.275,-5.25,1.025,Tampa Bay Buccaneers,6.275,0.0,0,No,No,No,No,No,1,No,-4.91,-1.55,-4.881,-1.764,-7.10966,1.35166,-7.10966,1.35166,-6.79881,-1.19419,-6.77224,-1.40576,Tampa Bay Buccaneers,8.46132,Tampa Bay Buccaneers,8.46132,-7.10966,1.35166,Tampa Bay Buccaneers,8.46132,Tampa Bay Buccaneers,3.3600000000000003,Tampa Bay Buccaneers,3.117,-4.8955,-1.657,Tampa Bay Buccaneers,3.2385,Tampa Bay Buccaneers,5.60462,Tampa Bay Buccaneers,5.36648,-6.785525,-1.299975,Tampa Bay Buccaneers,5.48555,Same,Same,Same,Same,Same,Same,False,Home Team,Home Team,43.5,-155.0,130.0,Tampa Bay Buccaneers,Carolina Panthers,-3.0,3.0,-244,195,-244,195,-5.60462,5.60462,-5.36648,5.36648,0.4348,0.6078,0.339,0.7093,0.339,0.7093,0.417,0.583,0.3234,0.6766,0.3234,0.6766,0.417,0.583,-0.083,0.083,0.0,0.0,Tampa Bay Buccaneers,Carolina Panthers,0,0,0,0,0,0,0,0,0,0,0,0,1,0.0,0.0,,,3.474092882889364,0.6649118481491552,1.0,0.0115909553831492,0.0075504903531176,0.0234762764162498,0.0109383707008038,0.016791779186237,0.0152927340972868,0.0115909553831492,0.0075504903531176,0.0067575269883759,0.0048334283947732,0.00314855447725,0.0044019358758675,0.0092353642706407,0.0262311047980906,0.0402680556024868,2.677419354838709,1.3763440860215057,69.0,11.0,256,,,,,,,,,,,,,,,,,,,,,,,,,,,,0.6454,0.3546,-182,182,,,,,,,,No Bet,,No Bet,,No Bet,,No Bet,,No Bet,,No Bet,,No Bet,,No Bet,,No Bet,,,,,,,,,,,,,,,,,,,,,,,,,,,,,1.2093036850320664,0.6717770602643852
2025_18_SEA_SF,2025,20,2026-01-03,20:00,Seattle Seahawks,San Francisco 49ers,Home,Sam Darnold,Brock Purdy,00-0034869,00-0037834,6,6,0,0,8,9,Levi's Stadium,True,-1,1,NFC West,Lumen Field,47.5952,-122.3316,America/Los_Angeles,NFC West,Levi's Stadium,37.4031,-121.9702,America/Los_Angeles,Carolina Panthers,Chicago Bears,Bank of America Stadium,Levi's Stadium,Playoffs?,BYE,Playoffs?,Playoffs?,37.4031,-121.9702,America/Los_Angeles,704,0,-704,704,0.0,0.0,America/New_York,America/Los_Angeles,3.0,0.0,0.0,0.0,0.0,0,-0.13,3.325,-0.13,3.325,San Francisco 49ers,3.455,San Francisco 49ers,3.455,-0.13,3.325,San Francisco 49ers,3.455,0.0,0,No,No,No,No,No,1,No,9.53,3.99,9.574,4.028,0.2604849999999999,3.248015,0.2604849999999999,3.248015,9.830535,4.0029650000000006,9.874475,4.041024999999999,San Francisco 49ers,2.98753,San Francisco 49ers,2.98753,0.2604849999999999,3.248015,San Francisco 49ers,2.98753,Seattle Seahawks,5.539999999999999,Seattle Seahawks,5.546,9.552,4.009,Seattle Seahawks,5.542999999999999,Seattle Seahawks,5.827569999999999,Seattle Seahawks,5.833449999999999,9.852505,4.021995,Seattle Seahawks,5.830509999999999,Different,Different,Different,Different,Same,Same,False,Away Team,Away Team,47.5,124.0,-148.0,Seattle Seahawks,San Francisco 49ers,2.5,-2.5,208,-261,208,-261,5.827569999999999,-5.827569999999999,5.833449999999999,-5.833449999999999,0.5968,0.4464,0.723,0.3247,0.723,0.3247,0.5721,0.4279,0.6901,0.3099,0.6901,0.3099,0.5721,0.4279,0.0721,-0.0721,0.0,0.0,Seattle Seahawks,San Francisco 49ers,0,0,0,0,0,0,0,0,0,0,0,0,1,0.0,0.0,,,3.474092882889364,0.1648902852438685,0.0,2.8485464359410565e-06,0.0,4.234547565574223e-06,0.0,5.661567334108466e-06,0.0,2.8485464359410565e-06,0.0,1.218893019939178e-06,1.6296534160018783e-06,0.0,0.0,1.6296534160018783e-06,0.0,9.896114899682687e-06,2.677419354838709,1.3763440860215057,57.0,8.0,257,,,,,,,,,,,,,,,,,,,,,,,,,,,,0.3492,0.6508,186,-186,,,,,,,,No Bet,,No Bet,,No Bet,,No Bet,,No Bet,,No Bet,,No Bet,,No Bet,,No Bet,,,,,,,,,,,,,,,,,,,,,,,,,,,,,0.6568700906067839,1.2242106546896547
2025_18_NO_ATL,2025,20,2026-01-04,13:00,New Orleans Saints,Atlanta Falcons,Home,Tyler Shough,Kirk Cousins,00-0040743,00-0029604,7,6,1,-1,-14,-1,Mercedes-Benz Stadium,True,-13,13,NFC South,Caesars Superdome,29.9507,-90.0813,America/Chicago,NFC South,Mercedes-Benz Stadium,33.7489,-84.388,America/New_York,Tennessee Titans,Los Angeles Rams,Nissan Stadium,Mercedes-Benz Stadium,Playoffs?,BYE,Playoffs?,Playoffs?,33.7489,-84.388,America/New_York,424,0,-424,424,-1.0,0.0,America/Chicago,America/New_York,-1.0,0.0,-1.0,0.0,-1.0,0,-6.145,-0.71,-6.145,-0.71,Atlanta Falcons,5.435,Atlanta Falcons,5.435,-6.145,-0.71,Atlanta Falcons,5.435,0.0,0,No,No,No,No,No,1,Yes,-6.16,-1.47,-5.417,-1.384,-6.208435,0.2659350000000001,-6.208435,0.2659350000000001,-6.230885000000001,-0.4866149999999998,-5.494455,-0.3940449999999997,Atlanta Falcons,6.47437,Atlanta Falcons,6.47437,-6.208435,0.2659350000000001,Atlanta Falcons,6.47437,Atlanta Falcons,4.69,Atlanta Falcons,4.033,-5.7885,-1.427,Atlanta Falcons,4.3615,Atlanta Falcons,5.744270000000001,Atlanta Falcons,5.10041,-5.8626700000000005,-0.4403299999999998,Atlanta Falcons,5.422340000000001,Same,Same,Same,Same,Same,Same,False,Home Team,Home Team,43.5,-205.0,170.0,Atlanta Falcons,New Orleans Saints,-4.5,4.5,-244,195,-234,188,-5.744270000000001,5.744270000000001,-5.10041,5.10041,0.3704,0.6721,0.339,0.7093,0.3472,0.7006,0.3553,0.6447,0.3234,0.6766,0.3314,0.6686,0.3553,0.6447,-0.1447,0.1447,0.0,0.0,Atlanta Falcons,New Orleans Saints,0,0,0,0,0,0,0,0,0,0,0,0,1,0.0,0.0,,,3.474092882889364,0.9995627491012448,0.7855522480450513,0.1812614328297262,0.0203260079060413,0.405979873943651,0.0250893103202167,0.2237391797924293,0.0455251290837144,0.1812614328297262,0.0203260079060413,0.1168592457453245,0.0644021870844017,0.0072218306090164,0.0131041772970248,0.0775063643814265,0.0706144394039312,0.6297190537360803,2.677419354838709,1.3763440860215057,,,258,,,,,,,,,,,,,,,,,,,,,,,,,,,,0.6633,0.3367,-197,197,,,,,,,,No Bet,,No Bet,,No Bet,,No Bet,,No Bet,,No Bet,,No Bet,,No Bet,,No Bet,,,,,,,,,,,,,,,,,,,,,,,,,,,,,1.0651236826432227,0.8159570626532228
2025_18_CLE_CIN,2025,20,2026-01-04,13:00,Cleveland Browns,Cincinnati Bengals,Home,Shedeur Sanders,Joe Burrow,00-0040668,00-0036442,7,7,0,0,-7,3,Paycor Stadium,False,-10,10,AFC North,FirstEnergy Stadium,41.5061,-81.6994,America/New_York,AFC North,Paycor Stadium,39.0955,-84.5165,America/New_York,Pittsburgh Steelers,Arizona Cardinals,FirstEnergy Stadium,Paycor Stadium,Playoffs?,BYE,Playoffs?,Playoffs?,39.0955,-84.5165,America/New_York,223,0,-223,223,0.0,0.0,America/New_York,America/New_York,0.0,0.0,0.0,0.0,0.0,0,-4.705,1.31,-4.705,1.31,Cincinnati Bengals,6.015000000000001,Cincinnati Bengals,6.015000000000001,-4.705,1.31,Cincinnati Bengals,6.015000000000001,0.0,0,No,No,No,No,No,1,No,-7.17,-2.52,-7.05,-1.8,-7.39456,1.27256,-7.39456,1.27256,-9.87321,-2.54379,-9.74721,-1.82979,Cincinnati Bengals,8.66712,Cincinnati Bengals,8.66712,-7.39456,1.27256,Cincinnati Bengals,8.66712,Cincinnati Bengals,4.65,Cincinnati Bengals,5.25,-7.109999999999999,-2.16,Cincinnati Bengals,4.949999999999999,Cincinnati Bengals,7.329420000000001,Cincinnati Bengals,7.917419999999999,-9.81021,-2.18679,Cincinnati Bengals,7.623419999999999,Same,Same,Same,Same,Same,Same,False,Home Team,Home Team,47.5,-455.0,350.0,Cincinnati Bengals,Cleveland Browns,-9.5,9.5,-346,268,-366,282,-7.329420000000001,7.329420000000001,-7.917419999999999,7.917419999999999,0.2222,0.8198,0.2717,0.7758,0.2618,0.7854,0.2133,0.7867,0.2594,0.7406,0.25,0.75,0.2133,0.7867,-0.2867,0.2867,0.0,0.0,Cincinnati Bengals,Cleveland Browns,0,0,0,0,0,0,0,0,0,0,0,0,1,0.0,0.0,,,3.474092882889364,0.5701231884621224,0.9999597534092144,0.2960508952842946,0.0064220660775519,0.8091274861240272,0.0047589051696048,0.219380822156165,0.0175519488838635,0.2960508952842946,0.0064220660775519,0.2329032393201545,0.06314765596414,0.0013698266943418,0.00505223938321,0.0681998953473501,0.0223108540534683,1.0285083082801922,2.677419354838709,1.3763440860215057,37.0,0.0,259,,,,,,,,,,,,,,,,,,,,,,,,,,,,0.7591,0.2409,-315,315,,,,,,,,No Bet,,No Bet,,No Bet,,No Bet,,No Bet,,No Bet,,No Bet,,No Bet,,No Bet,,,,,,,,,,,,,,,,,,,,,,,,,,,,,1.1394938802755703,0.7415868650208878
2025_18_IND_HOU,2025,20,2026-01-04,13:00,Indianapolis Colts,Houston Texans,Home,Riley Leonard,C.J. Stroud,00-0040206,00-0039163,7,8,-1,1,2,-1,NRG Stadium,False,3,-3,AFC South,Lucas Oil Stadium,39.7601,-86.1638,America/Indiana/Indianapolis,AFC South,NRG Stadium,29.6847,-95.4093,America/Chicago,Jacksonville Jaguars,Los Angeles Chargers,Lucas Oil Stadium,SoFi Stadium,Playoffs?,BYE,Playoffs?,Playoffs?,29.6847,-95.4093,America/Chicago,870,0,-870,870,1.0,0.0,America/Indiana/Indianapolis,America/Los_Angeles,1.0,-2.0,1.0,0.0,1.0,0,-2.265,0.035,-2.265,0.035,Houston Texans,2.3000000000000003,Houston Texans,2.3000000000000003,-2.265,0.035,Houston Texans,2.3000000000000003,0.0,0,No,No,No,No,No,1,No,0.76,2.43,0.198,4.975,-2.2790600000000003,-0.27594,-2.2790600000000003,-0.27594,0.7396400000000001,2.1253600000000006,0.20871,4.63929,Houston Texans,2.0031200000000005,Houston Texans,2.0031200000000005,-2.2790600000000003,-0.27594,Houston Texans,2.0031200000000005,Houston Texans,1.6700000000000002,Houston Texans,4.776999999999999,0.479,3.7025,Houston Texans,3.2235,Houston Texans,1.3857200000000005,Houston Texans,4.43058,0.474175,3.382325,Houston Texans,2.90815,Same,Same,Same,Same,Same,Same,False,Home Team,Home Team,37.5,-535.0,400.0,Houston Texans,Indianapolis Colts,-9.5,9.5,-128,105,-224,181,-1.3857200000000005,1.3857200000000005,-4.43058,4.43058,0.2,0.8425,0.4878,0.5614,0.3559,0.6914,0.1918,0.8082,0.4649,0.5351,0.3398,0.6602,0.1918,0.8082,-0.3082,0.3082,0.0,0.0,Houston Texans,Indianapolis Colts,0,0,0,0,0,0,0,0,0,0,0,0,1,0.0,0.0,,,3.474092882889364,0.0,0.0,0.0,0.0,0.0,0.0,0.0,0.0,0.0,0.0,0.0,0.0,0.0,0.0,0.0,0.0,0.0,2.677419354838709,1.3763440860215057,,,260,,,,,,,,,,,,,,,,,,,,,,,,,,,,0.6678,0.3322,-201,201,,,,,,,,No Bet,,No Bet,,No Bet,,No Bet,,No Bet,,No Bet,,No Bet,,No Bet,,No Bet,,,,,,,,,,,,,,,,,,,,,,,,,,,,,1.256185721708965,0.6248950235874826
2025_18_TEN_JAX,2025,20,2026-01-04,13:00,Tennessee Titans,Jacksonville Jaguars,Home,Cam Ward,Trevor Lawrence,00-0040676,00-0036971,7,7,0,0,-6,1,TIAA Bank Stadium,False,-7,7,AFC South,Nissan Stadium,36.1664,-86.7716,America/Chicago,AFC South,TIAA Bank Field,30.3239,-81.6554,America/New_York,New Orleans Saints,Indianapolis Colts,Nissan Stadium,Lucas Oil Stadium,Playoffs?,BYE,Playoffs?,Playoffs?,30.3239,-81.6554,America/New_York,500,0,-500,500,-1.0,0.0,America/Chicago,America/Indiana/Indianapolis,-1.0,0.0,-1.0,0.0,-1.0,0,-4.36,-1.825,-4.36,-1.825,Jacksonville Jaguars,2.535,Jacksonville Jaguars,2.535,-4.36,-1.825,Jacksonville Jaguars,2.535,0.0,0,No,No,No,No,No,1,No,-7.65,3.82,-6.95,3.637,-5.21986,-0.8451399999999999,-5.21986,-0.8451399999999999,-8.42051,4.71051,-7.72934,4.53634,Jacksonville Jaguars,4.37472,Jacksonville Jaguars,4.37472,-5.21986,-0.8451399999999999,Jacksonville Jaguars,4.37472,Jacksonville Jaguars,11.47,Jacksonville Jaguars,10.587,-7.300000000000001,3.7285,Jacksonville Jaguars,11.0285,Jacksonville Jaguars,13.13102,Jacksonville Jaguars,12.26568,-8.074925,4.623425,Jacksonville Jaguars,12.69835,Same,Same,Same,Same,Same,Same,False,Home Team,Home Team,46.5,-750.0,525.0,Jacksonville Jaguars,Tennessee Titans,-12.5,12.5,-729,494,-675,466,-13.13102,13.13102,-12.26568,12.26568,0.16,0.8824,0.1684,0.8794,0.1767,0.871,0.1535,0.8465,0.1607,0.8393,0.1686,0.8314,0.1535,0.8465,-0.3465,0.3465,0.0,0.0,Jacksonville Jaguars,Tennessee Titans,0,0,0,0,0,0,0,0,0,0,0,0,1,0.0,0.0,,,3.474092882889364,0.0810733750786777,0.998546970856631,0.0458549659498605,0.0064220660775519,0.1348511837858327,0.0034247160972073,0.0244532270657121,0.0188861379562609,0.0458549659498605,0.0064220660775519,0.0388162286765569,0.0070387372733035,0.0009857871429042,0.0054362789346477,0.0124750162079513,0.0223108540534683,0.1593044108515448,2.677419354838709,1.3763440860215057,55.0,8.0,261,,,,,,,,,,,,,,,,,,,,,,,,,,,,0.8391,0.1609,-522,522,,,,,,,,No Bet,,No Bet,,No Bet,,No Bet,,No Bet,,No Bet,,No Bet,,No Bet,,No Bet,,,,,,,,,,,,,,,,,,,,,,,,,,,,,1.5479813197289918,0.3330994255674545
2025_18_GB_MIN,2025,20,2026-01-04,13:00,Green Bay Packers,Minnesota Vikings,Home,Clayton Tune,J.J. McCarthy,00-0038582,00-0039923,8,10,-2,2,-1,-4,U.S. Bank Stadium,False,3,-3,NFC North,Lambeau Field,44.5013,-88.0622,America/Chicago,NFC North,U.S. Bank Stadium,44.9738,-93.2575,America/Chicago,Baltimore Ravens,Detroit Lions,Lambeau Field,U.S. Bank Stadium,Playoffs?,BYE,Playoffs?,Playoffs?,44.9738,-93.2575,America/Chicago,257,0,-257,257,0.0,0.0,America/Chicago,America/Chicago,0.0,0.0,0.0,0.0,0.0,0,3.535,0.27,3.535,0.27,Green Bay Packers,3.265,Green Bay Packers,3.265,3.535,0.27,Green Bay Packers,3.265,0.0,0,No,No,No,No,No,1,No,3.57,-0.1,2.006,-0.877,2.929385,1.203115,2.929385,1.203115,2.960335,0.8371649999999999,1.4042049999999997,0.0522949999999999,Green Bay Packers,1.72627,Green Bay Packers,1.72627,2.929385,1.203115,Green Bay Packers,1.72627,Green Bay Packers,3.67,Green Bay Packers,2.883,2.788,-0.4885,Green Bay Packers,3.2765,Green Bay Packers,2.12317,Green Bay Packers,1.3519099999999995,2.18227,0.4447299999999999,Green Bay Packers,1.73754,Same,Same,Same,Same,Same,Same,False,Away Team,Away Team,37.5,-650.0,470.0,Minnesota Vikings,Green Bay Packers,-12.5,12.5,108,-131,105,-128,2.12317,-2.12317,1.3519099999999995,-1.3519099999999995,0.1754,0.8667,0.5671,0.4808,0.5614,0.4878,0.1684,0.8316,0.5412,0.4588,0.5351,0.4649,0.1684,0.8316,-0.3316,0.3316,0.0,0.0,Minnesota Vikings,Green Bay Packers,0,0,0,0,0,0,0,0,0,0,0,0,1,0.0,0.0,,,3.474092882889364,0.9089032857456204,0.0,0.3132847187202674,0.0,0.9050969839865828,0.0,0.1832832276374946,0.0,0.3132847187202674,0.0,0.2605275720877744,0.052757146632493,0.0,0.0,0.052757146632493,0.0,1.0883802116240773,2.677419354838709,1.3763440860215057,,,262,,,,,,,,,,,,,,,,,,,,,,,,,,,,0.5851,0.4149,-141,141,,,,,,,,No Bet,,No Bet,,No Bet,,No Bet,,No Bet,,No Bet,,No Bet,,No Bet,,No Bet,,,,,,,,,,,,,,,,,,,,,,,,,,,,,0.7912492311924012,1.0898315141040487
2025_18_DAL_NYG,2025,20,2026-01-04,13:00,Dallas Cowboys,New York Giants,Home,Dak Prescott,Jaxson Dart,00-0033077,00-0040691,10,7,3,-3,5,4,MetLife Stadium,True,1,-1,NFC East,AT&T Stadium,32.7369,-97.0826,America/Chicago,NFC East,MetLife Stadium,40.8136,-74.0744,America/New_York,Washington Commanders,Las Vegas Raiders,FedExField,Allegiant Stadium,Playoffs?,BYE,Playoffs?,Playoffs?,40.8136,-74.0744,America/New_York,1384,0,-1384,1384,-1.0,0.0,America/New_York,America/Los_Angeles,0.0,-3.0,0.0,0.0,0.0,0,-0.615,-2.84,-0.615,-2.84,Dallas Cowboys,2.225,Dallas Cowboys,2.225,-0.615,-2.84,Dallas Cowboys,2.225,0.0,0,No,No,No,No,No,1,No,-0.41,-5.66,-2.312,-6.762,0.549275,-3.980775,0.549275,-3.980775,0.724025,-6.770524999999999,-1.169975,-7.880524999999999,Dallas Cowboys,4.53005,Dallas Cowboys,4.53005,0.549275,-3.980775,Dallas Cowboys,4.53005,Dallas Cowboys,5.25,Dallas Cowboys,4.449999999999999,-1.361,-6.211,Dallas Cowboys,4.8500000000000005,Dallas Cowboys,7.494549999999999,Dallas Cowboys,6.710549999999999,-0.2229749999999999,-7.325524999999999,Dallas Cowboys,7.102549999999999,Same,Same,Same,Same,Same,Same,False,Away Team,Away Team,50.5,140.0,-166.0,Dallas Cowboys,New York Giants,3.0,-3.0,268,-346,224,-282,7.494549999999999,-7.494549999999999,6.710549999999999,-6.710549999999999,0.6241,0.4167,0.7758,0.2717,0.7382,0.3086,0.5996,0.4004,0.7406,0.2594,0.7052,0.2948,0.5996,0.4004,0.0996,-0.0996,0.0,0.0,Dallas Cowboys,New York Giants,0,0,0,0,0,0,0,0,0,0,0,0,1,0.0,0.0,,,3.474092882889364,0.8584096716665468,0.0,0.005265875572024,0.0,0.0073249739951187,0.0,0.0109691668518311,0.0,0.005265875572024,0.0,0.0021084565790384,0.0031574189929856,0.0,0.0,0.0031574189929856,0.0,0.0182941408469498,2.677419354838709,1.3763440860215057,33.0,7.0,263,,,,,,,,,,,,,,,,,,,,,,,,,,,,0.3182,0.6818,214,-214,,,,,,,,No Bet,,No Bet,,No Bet,,No Bet,,No Bet,,No Bet,,No Bet,,No Bet,,No Bet,,,,,,,,,,,,,,,,,,,,,,,,,,,,,0.592777595292438,1.2883031500040327
2025_18_NYJ_BUF,2025,20,2026-01-04,16:25,New York Jets,Buffalo Bills,Home,Brady Cook,Mitchell Trubisky,00-0040398,00-0033869,7,7,0,0,-3,-7,New Era Field,False,4,-4,AFC East,MetLife Stadium,40.8136,-74.0744,America/New_York,AFC East,Highmark Stadium,42.7725,-78.7877,America/New_York,New England Patriots,Philadelphia Eagles,MetLife Stadium,New Era Field,Playoffs?,BYE,Playoffs?,Playoffs?,42.7725,-78.7877,America/New_York,278,0,-278,278,0.0,0.0,America/New_York,America/New_York,0.0,0.0,0.0,0.0,0.0,0,-3.725,4.795,-3.725,4.795,Buffalo Bills,8.52,Buffalo Bills,8.52,-3.725,4.795,Buffalo Bills,8.52,0.0,0,No,No,No,No,No,1,No,-5.51,4.98,-8.059,2.488,-3.18261,5.08761,-3.18261,5.08761,-4.947909999999999,5.25291,-7.496339999999999,2.76034,Buffalo Bills,8.27022,Buffalo Bills,8.27022,-3.18261,5.08761,Buffalo Bills,8.27022,Buffalo Bills,10.49,Buffalo Bills,10.547,-6.7845,3.734,Buffalo Bills,10.5185,Buffalo Bills,10.20082,Buffalo Bills,10.25668,-6.222124999999999,4.006625,Buffalo Bills,10.228749999999998,Same,Same,Same,Same,Same,Same,False,Home Team,Home Team,39.5,-800.0,550.0,Buffalo Bills,New York Jets,-12.5,12.5,-483,356,-538,389,-10.20082,10.20082,-10.25668,10.25668,0.1538,0.8889,0.2193,0.8285,0.2045,0.8433,0.1475,0.8525,0.2093,0.7907,0.1952,0.8048,0.1475,0.8525,-0.3525,0.3525,0.0,0.0,Buffalo Bills,New York Jets,0,0,0,0,0,0,0,0,0,0,0,0,1,0.0,0.0,,,3.474092882889364,0.0,0.9999827847085658,0.0,0.0064215913092034,0.0,0.0032906076879588,0.0,0.0190185969761691,0.0,0.0064215913092034,0.0,0.0,0.0009471847181075,0.0054744065910959,0.0054744065910959,0.022309204664128,0.0,2.677419354838709,1.3763440860215057,27.0,13.0,264,,,,,,,,,,,,,,,,,,,,,,,,,,,,0.816,0.184,-443,443,,,,,,,,No Bet,,No Bet,,No Bet,,No Bet,,No Bet,,No Bet,,No Bet,,No Bet,,No Bet,,,,,,,,,,,,,,,,,,,,,,,,,,,,,1.5397964887829834,0.34128425651346256
2025_18_DET_CHI,2025,20,2026-01-04,16:25,Detroit Lions,Chicago Bears,Home,Jared Goff,Caleb Williams,00-0033106,00-0039918,10,7,3,-3,13,-4,Soldier Field,True,17,-17,NFC North,Ford Field,42.3395,-83.045,America/Detroit,NFC North,Soldier Field,41.8623,-87.6167,America/Chicago,Minnesota Vikings,San Francisco 49ers,U.S. Bank Stadium,Levi's Stadium,Playoffs?,BYE,Playoffs?,Playoffs?,41.8623,-87.6167,America/Chicago,236,0,-236,236,1.0,0.0,America/Chicago,America/Los_Angeles,0.0,-2.0,0.0,0.0,0.0,0,4.305,-1.575,4.305,-1.575,Detroit Lions,5.88,Detroit Lions,5.88,4.305,-1.575,Detroit Lions,5.88,0.0,0,No,No,No,No,No,1,No,3.74,1.34,3.522,2.051,4.992374999999999,-1.438875,4.992374999999999,-1.438875,4.462175,1.4413250000000002,4.253464999999999,2.143035,Detroit Lions,6.431249999999999,Detroit Lions,6.431249999999999,4.992374999999999,-1.438875,Detroit Lions,6.431249999999999,Detroit Lions,2.4000000000000004,Detroit Lions,1.4709999999999996,3.631,1.6955,Detroit Lions,1.9355,Detroit Lions,3.0208500000000003,Detroit Lions,2.110429999999999,4.35782,1.79218,Detroit Lions,2.56564,Same,Same,Same,Same,Same,Same,False,Away Team,Away Team,51.5,-180.0,150.0,Chicago Bears,Detroit Lions,-3.5,3.5,135,-164,108,-131,3.0208500000000003,-3.0208500000000003,2.110429999999999,-2.110429999999999,0.4,0.6429,0.6212,0.4255,0.5671,0.4808,0.3836,0.6164,0.5935,0.4065,0.5412,0.4588,0.3836,0.6164,-0.1164,0.1164,0.0,0.0,Chicago Bears,Detroit Lions,0,0,0,0,0,0,0,0,0,0,0,0,1,0.0,0.0,,,3.474092882889364,0.0999209460311987,0.0,0.0055398643008409,0.0,0.011863236335326,0.0,0.0073827668043982,0.0,0.0055398643008409,0.0,0.0034147723550383,0.0021250919458025,0.0,0.0,0.0021250919458025,0.0,0.0192460031397242,2.677419354838709,1.3763440860215057,33.0,4.0,265,,,,,,,,,,,,,,,,,,,,,,,,,,,,0.4939,0.5061,102,-102,,,,,,,,No Bet,,No Bet,,No Bet,,No Bet,,No Bet,,No Bet,,No Bet,,No Bet,,No Bet,,,,,,,,,,,,,,,,,,,,,,,,,,,,,0.9219999802178025,0.9590807650786535
2025_18_LAC_DEN,2025,20,2026-01-04,16:25,Los Angeles Chargers,Denver Broncos,Home,Trey Lance,Bo Nix,00-0037012,00-0039732,8,10,-2,2,6,-5,Empower Field at Mile High,False,11,-11,AFC West,SoFi Stadium,33.9535,-118.3395,America/Los_Angeles,AFC West,Empower Field at Mile High,39.7648,-105.0076,America/Denver,Houston Texans,Kansas City Chiefs,SoFi Stadium,GEHA Field at Arrowhead Stadium,Playoffs?,BYE,Playoffs?,Playoffs?,39.7648,-105.0076,America/Denver,837,0,-837,837,-1.0,0.0,America/Los_Angeles,America/Chicago,-1.0,1.0,-1.0,0.0,-1.0,0,0.935,2.05,0.935,2.05,Denver Broncos,1.1149999999999998,Denver Broncos,1.1149999999999998,0.935,2.05,Denver Broncos,1.1149999999999998,0.0,0,No,No,No,No,No,1,No,0.79,3.43,1.867,3.758,1.4573650000000002,1.885135,1.4573650000000002,1.885135,1.3276150000000002,3.2498850000000004,2.3971250000000004,3.5853749999999995,Denver Broncos,0.4277699999999995,Denver Broncos,0.4277699999999995,1.4573650000000002,1.885135,Denver Broncos,0.4277699999999995,Denver Broncos,2.64,Denver Broncos,1.891,1.3285,3.5940000000000003,Denver Broncos,2.2655000000000003,Denver Broncos,1.92227,Denver Broncos,1.1882499999999991,1.8623700000000003,3.41763,Denver Broncos,1.5552599999999996,Same,Same,Same,Same,Same,Same,False,Home Team,Home Team,37.5,-1600.0,900.0,Denver Broncos,Los Angeles Chargers,-14.5,14.5,-131,108,-122,101,-1.92227,1.92227,-1.1882499999999991,1.1882499999999991,0.1,0.9412,0.4808,0.5671,0.4975,0.5495,0.096,0.904,0.4588,0.5412,0.4752,0.5248,0.096,0.904,-0.404,0.404,0.0,0.0,Denver Broncos,Los Angeles Chargers,0,0,0,0,0,0,0,0,0,0,0,0,1,0.0,0.0,,,3.474092882889364,0.0,0.0,0.0,0.0,0.0,0.0,0.0,0.0,0.0,0.0,0.0,0.0,0.0,0.0,0.0,0.0,0.0,2.677419354838709,1.3763440860215057,66.0,8.0,266,,,,,,,,,,,,,,,,,,,,,,,,,,,,0.6567,0.3433,-191,191,,,,,,,,No Bet,,No Bet,,No Bet,,No Bet,,No Bet,,No Bet,,No Bet,,No Bet,,No Bet,,,,,,,,,,,,,,,,,,,,,,,,,,,,,1.2353057254361768,0.6457750198602775
2025_18_ARI_LA,2025,20,2026-01-04,16:25,Arizona Cardinals,Los Angeles Rams,Home,Jacoby Brissett,Matthew Stafford,00-0033119,00-0026498,7,6,1,-1,7,10,SoFi Stadium,True,-3,3,NFC West,State Farm Stadium,33.5277,-112.262608,America/Denver,NFC West,SoFi Stadium,33.9535,-118.3395,America/Los_Angeles,Cincinnati Bengals,Atlanta Falcons,Paycor Stadium,Mercedes-Benz Stadium,Playoffs?,BYE,Playoffs?,Playoffs?,33.9535,-118.3395,America/Los_Angeles,350,0,-350,350,1.0,0.0,America/New_York,America/New_York,3.0,3.0,1.0,0.0,1.0,0,0.075,1.29,0.075,1.29,Los Angeles Rams,1.215,Los Angeles Rams,1.215,0.075,1.29,Los Angeles Rams,1.215,0.0,0,No,No,No,No,No,1,Yes,-5.03,9.47,-2.936,9.337,-0.291475,1.7199750000000005,-0.291475,1.7199750000000005,-5.263625,9.767125,-3.191895,9.656395,Los Angeles Rams,2.0114500000000004,Los Angeles Rams,2.0114500000000004,-0.291475,1.7199750000000005,Los Angeles Rams,2.0114500000000004,Los Angeles Rams,14.5,Los Angeles Rams,12.273,-3.983,9.4035,Los Angeles Rams,13.386500000000002,Los Angeles Rams,15.03075,Los Angeles Rams,12.84829,-4.22776,9.71176,Los Angeles Rams,13.93952,Same,Same,Same,Same,Same,Same,False,Home Team,Home Team,49.5,-1350.0,800.0,Los Angeles Rams,Arizona Cardinals,-14.5,14.5,-1134,677,-729,494,-15.03075,15.03075,-12.84829,12.84829,0.1111,0.931,0.1287,0.919,0.1684,0.8794,0.1066,0.8934,0.1228,0.8772,0.1607,0.8393,0.1066,0.8934,-0.3934,0.3934,0.0,0.0,Los Angeles Rams,Arizona Cardinals,0,0,0,0,0,0,0,0,0,0,0,0,1,0.0,0.0,,,3.474092882889364,0.0,0.599864566691219,0.0,8.915603689660963e-07,0.0,3.301789525635759e-07,0.0,2.7671845799277548e-06,0.0,8.915603689660963e-07,0.0,0.0,9.504033533178588e-08,7.965200336343104e-07,7.965200336343104e-07,3.097363532491331e-06,0.0,2.677419354838709,1.3763440860215057,,,267,,,,,,,,,,,,,,,,,,,,,,,,,,,,0.87,0.13,-669,669,,,,,,,,No Bet,,No Bet,,No Bet,,No Bet,,No Bet,,No Bet,,No Bet,,No Bet,,No Bet,,,,,,,,,,,,,,,,,,,,,,,,,,,,,1.6365407633111624,0.24453998198529395
2025_18_KC_LV,2025,20,2026-01-04,16:25,Kansas City Chiefs,Las Vegas Raiders,Home,Chris Oladokun,Kenny Pickett,00-0037324,00-0038102,10,7,3,-3,2,-19,Allegiant Stadium,False,21,-21,AFC West,GEHA Field at Arrowhead Stadium,39.0489,-94.4839,America/Chicago,AFC West,Allegiant Stadium,36.108,-115.1578,America/Los_Angeles,Denver Broncos,New York Giants,GEHA Field at Arrowhead Stadium,Allegiant Stadium,Playoffs?,BYE,Playoffs?,Playoffs?,36.108,-115.1578,America/Los_Angeles,1147,0,-1147,1147,2.0,0.0,America/Chicago,America/Los_Angeles,2.0,0.0,2.0,0.0,2.0,0,4.395,-2.35,4.395,-2.35,Kansas City Chiefs,6.744999999999999,Kansas City Chiefs,6.744999999999999,4.395,-2.35,Kansas City Chiefs,6.744999999999999,-0.15,0,No,No,No,No,No,1,No,-0.19,-7.86,-1.666,-7.265,4.467499999999999,-4.4015,4.467499999999999,-4.4015,-0.1267500000000001,-9.902250000000002,-1.58204,-9.32796,Kansas City Chiefs,8.869,Kansas City Chiefs,8.869,4.467499999999999,-4.4015,Kansas City Chiefs,8.869,Kansas City Chiefs,7.67,Kansas City Chiefs,5.599,-0.928,-7.5625,Kansas City Chiefs,6.6345,Kansas City Chiefs,9.775500000000005,Kansas City Chiefs,7.745920000000001,-0.854395,-9.615105000000002,Kansas City Chiefs,8.760710000000001,Same,Same,Same,Same,Same,Same,False,Away Team,Away Team,36.5,185.0,-225.0,Kansas City Chiefs,Las Vegas Raiders,3.5,-3.5,356,-483,268,-346,9.775500000000005,-9.775500000000005,7.745920000000001,-7.745920000000001,0.6923,0.3509,0.8285,0.2193,0.7758,0.2717,0.6636,0.3364,0.7907,0.2093,0.7406,0.2594,0.6636,0.3364,0.1636,-0.1636,0.0,0.0,Kansas City Chiefs,Las Vegas Raiders,0,0,0,0,0,0,0,0,0,0,0,0,1,0.0,0.0,,,3.474092882889364,0.9999845157203264,0.075270477496237,0.0072714266529021,0.0059874779531977,0.0084980061366219,0.0138035797951735,0.0167636054466774,0.0069974747484876,0.0072714266529021,0.0059874779531977,0.0024461079260362,0.0048253187268658,0.003973290369742,0.0020141875834557,0.0068395063103215,0.0208010545436611,0.0252616115832993,2.677419354838709,1.3763440860215057,,,268,,,,,,,,,,,,,,,,,,,,,,,,,,,,0.2684,0.7316,273,-273,,,,,,,,No Bet,,No Bet,,No Bet,,No Bet,,No Bet,,No Bet,,No Bet,,No Bet,,No Bet,,,,,,,,,,,,,,,,,,,,,,,,,,,,,0.5035981015575193,1.377482643738928
2025_18_MIA_NE,2025,20,2026-01-04,16:25,Miami Dolphins,New England Patriots,Home,Quinn Ewers,Drake Maye,00-0040234,00-0039851,7,7,0,0,11,2,Gillette Stadium,False,9,-9,AFC East,Hard Rock Stadium,25.9602,-80.2384,America/New_York,AFC East,Gillette Stadium,42.0628,-71.2687,America/New_York,Tampa Bay Buccaneers,New York Jets,Hard Rock Stadium,MetLife Stadium,Playoffs?,BYE,Playoffs?,Playoffs?,42.0628,-71.2687,America/New_York,1223,0,-1223,1223,0.0,0.0,America/New_York,America/New_York,0.0,0.0,0.0,0.0,0.0,0,0.66,-1.995,0.66,-1.995,Miami Dolphins,2.655,Miami Dolphins,2.655,0.66,-1.995,Miami Dolphins,2.655,0.0,0,No,No,No,No,No,1,No,-1.2,0.97,-4.268,1.926,0.9738150000000002,-2.4253150000000003,0.9738150000000002,-2.4253150000000003,-0.837935,0.491435,-3.865695,1.407195,Miami Dolphins,3.3991300000000004,Miami Dolphins,3.3991300000000004,0.9738150000000002,-2.4253150000000003,Miami Dolphins,3.3991300000000004,New England Patriots,2.17,New England Patriots,6.194,-2.734,1.448,New England Patriots,4.182,New England Patriots,1.32937,New England Patriots,5.272889999999999,-2.351815,0.949315,New England Patriots,3.30113,Different,Different,Different,Different,Same,Same,False,Home Team,Home Team,44.5,-1000.0,650.0,New England Patriots,Miami Dolphins,-14.0,14.0,-128,105,-244,195,-1.32937,1.32937,-5.272889999999999,5.272889999999999,0.1333,0.9091,0.4878,0.5614,0.339,0.7093,0.1279,0.8721,0.4649,0.5351,0.3234,0.6766,0.1279,0.8721,-0.3721,0.3721,0.0,0.0,New England Patriots,Miami Dolphins,0,0,0,0,0,0,0,0,0,0,0,0,1,0.0,0.0,,,3.474092882889364,0.0583270798803942,0.7901955083907538,0.0326488796153449,0.0191349226207031,0.0989181520708465,0.0085023441570274,0.014507088235135,0.0579741543341959,0.0326488796153449,0.0191349226207031,0.0284730879125423,0.0041757917028026,0.0024473566031879,0.0166875660175151,0.0208633577203178,0.0664764984912234,0.1134252403059815,2.677419354838709,1.3763440860215057,29.0,6.0,269,,,,,,,,,,,,,,,,,,,,,,,,,,,,0.6946,0.3054,-227,227,,,,,,,,No Bet,,No Bet,,No Bet,,No Bet,,No Bet,,No Bet,,No Bet,,No Bet,,No Bet,,,,,,,,,,,,,,,,,,,,,,,,,,,,,1.2916414494946826,0.5894392958017675
2025_18_WAS_PHI,2025,20,2026-01-04,16:25,Washington Commanders,Philadelphia Eagles,Home,Josh Johnson,Tanner McKee,00-0026300,00-0038400,10,7,3,-3,-13,4,Lincoln Financial Field,False,-17,17,NFC East,FedExField,38.9077,-76.8645,America/New_York,NFC East,Lincoln Financial Field,39.9008,-75.1675,America/New_York,Dallas Cowboys,Buffalo Bills,FedExField,New Era Field,Playoffs?,BYE,Playoffs?,Playoffs?,39.9008,-75.1675,America/New_York,114,0,-114,114,0.0,0.0,America/New_York,America/New_York,0.0,0.0,0.0,0.0,0.0,0,1.45,4.905,1.45,4.905,Philadelphia Eagles,3.455,Philadelphia Eagles,3.455,1.45,4.905,Philadelphia Eagles,3.455,0.0,0,No,No,No,No,No,1,No,-2.85,5.49,-4.955,4.243,0.8015599999999997,5.903440000000001,0.8015599999999997,5.903440000000001,-3.44959,6.43959,-5.54601,5.18401,Philadelphia Eagles,5.101880000000001,Philadelphia Eagles,5.101880000000001,0.8015599999999997,5.903440000000001,Philadelphia Eagles,5.101880000000001,Philadelphia Eagles,8.34,Philadelphia Eagles,9.198,-3.9025,4.8665,Philadelphia Eagles,8.769,Philadelphia Eagles,9.88918,Philadelphia Eagles,10.73002,-4.4978,5.8118,Philadelphia Eagles,10.3096,Same,Same,Same,Same,Same,Same,False,Home Team,Home Team,38.5,-180.0,150.0,Philadelphia Eagles,Washington Commanders,-3.0,3.0,-483,356,-538,389,-9.88918,9.88918,-10.73002,10.73002,0.4,0.6429,0.2193,0.8285,0.2045,0.8433,0.3836,0.6164,0.2093,0.7907,0.1952,0.8048,0.3836,0.6164,-0.1164,0.1164,0.0,0.0,Philadelphia Eagles,Washington Commanders,0,0,0,0,0,0,0,0,0,0,0,0,1,0.0,0.0,,,3.474092882889364,0.3999696952792499,0.8401436535502391,0.0203721100025832,0.0085905132848344,0.0436254649005065,0.0114482508718473,0.027149137468907,0.0183959901913626,0.0203721100025832,0.0085905132848344,0.0125573686055923,0.0078147413969909,0.0032953208960625,0.0052951923887719,0.0131099337857629,0.02984424106321,0.0707746023694136,2.677419354838709,1.3763440860215057,35.0,9.0,270,,,,,,,,,,,,,,,,,,,,,,,,,,,,0.7373,0.2627,-281,281,,,,,,,,No Bet,,No Bet,,No Bet,,No Bet,,No Bet,,No Bet,,No Bet,,No Bet,,No Bet,,,,,,,,,,,,,,,,,,,,,,,,,,,,,1.3749869363514553,0.5060938089449929
2025_18_BAL_PIT,2025,20,2026-01-04,20:20,Baltimore Ravens,Pittsburgh Steelers,Home,Lamar Jackson,Aaron Rodgers,00-0034796,00-0023459,8,7,1,-1,6,-5,Acrisure Stadium,True,11,-11,AFC North,M&T Bank Stadium,39.2789,-76.6228,America/New_York,AFC North,Acrisure Stadium,40.4468,-80.0158,America/New_York,Green Bay Packers,Cleveland Browns,Lambeau Field,FirstEnergy Stadium,Playoffs?,BYE,Playoffs?,Playoffs?,40.4468,-80.0158,America/New_York,197,0,-197,197,0.0,0.0,America/Chicago,America/New_York,-1.0,0.0,0.0,0.0,0.0,0,6.69,-0.565,6.69,-0.565,Baltimore Ravens,7.255000000000001,Baltimore Ravens,7.255000000000001,6.69,-0.565,Baltimore Ravens,7.255000000000001,0.0,0,No,No,No,No,No,1,No,4.35,1.6,1.39,1.165,9.901455000000002,-0.441955,9.901455000000002,-0.441955,7.606504999999999,1.677995,4.671755,1.217745,Baltimore Ravens,10.343410000000002,Baltimore Ravens,10.343410000000002,9.901455000000002,-0.441955,Baltimore Ravens,10.343410000000002,Baltimore Ravens,2.75,Baltimore Ravens,0.2249999999999998,2.87,1.3825,Baltimore Ravens,1.4874999999999996,Baltimore Ravens,5.928509999999999,Baltimore Ravens,3.45401,6.13913,1.44787,Baltimore Ravens,4.69126,Same,Same,Same,Same,Same,Same,False,Away Team,Away Team,41.5,185.0,-225.0,Baltimore Ravens,Pittsburgh Steelers,4.5,-4.5,208,-261,156,-191,5.928509999999999,-5.928509999999999,3.45401,-3.45401,0.6923,0.3509,0.723,0.3247,0.6564,0.3906,0.6636,0.3364,0.6901,0.3099,0.6269,0.3731,0.6636,0.3364,0.1636,-0.1636,0.0,0.0,Baltimore Ravens,Pittsburgh Steelers,0,0,0,0,0,0,0,0,0,0,0,0,1,0.0,0.0,,,3.474092882889364,0.42872481328578,0.0,0.0,0.0,0.0,0.0,0.0,0.0,0.0,0.0,0.0,0.0,0.0,0.0,0.0,0.0,0.0,2.677419354838709,1.3763440860215057,25.0,3.0,271,,,,,,,,,,,,,,,,,,,,,,,,,,,,0.3398,0.6602,194,-194,,,,,,,,No Bet,,No Bet,,No Bet,,No Bet,,No Bet,,No Bet,,No Bet,,No Bet,,No Bet,,,,,,,,,,,,,,,,,,,,,,,,,,,,,0.6391912372517375,1.2418895080447092
