Game ID,Season,Week_x,Date_x,Time,Away Team,Home Team,Location,Away QB,Home QB,Away QB ID,Home QB ID,Away Team Weekly Rest,Home Team Weekly Rest,Weekly Away Rest Advantage,Weekly Home Rest Advantage,Away Cumulative Rest Advantage,Home Cumulative Rest Advantage,Actual Stadium,Actual Stadium Latitude,Actual Stadium Longitude,Actual Stadium TimeZone,International Game,Back to Back Away Games,Circa Week,Away Team Current Week Cumulative Rest Advantage,Home Team Current Week Cumulative Rest Advantage,Away Team Division,Away Stadium,Away Stadium Latitude,Away Stadium Longitude,Away Stadium TimeZone,Home Team Division,Home Stadium,Home Stadium Latitude,Home Stadium Longitude,Home Stadium TimeZone,Away Team Previous Opponent,Home Team Previous Opponent,Away Team Previous Location,Home Team Previous Location,Away Team Next Opponent,Home Team Next Opponent,Away Team Next Location,Home Team Next Location,Away Travel Distance,Home Travel Distance,Away Travel Advantage,Home Travel Advantage,Away Timezone Change,Home Timezone Change,Away Previous Game Actual Stadium TimeZone,Home Previous Game Actual Stadium TimeZone,Away Weekly Timezone Difference,Home Weekly Timezone Difference,Adjusted Away Timezone Change,Adjusted Home Timezone Change,Away Timezone Advantage,Home Timezone Advantage,Away Team Massey-Peabody Preseason Rank,Home Team Massey-Peabody Preseason Rank,Away Team Generic Sports Fan Preseason Rank,Home Team Generic Sports Fan Preseason Rank,Massey-Peabody Preseason Winner,Massey-Peabody Preseason Difference,Generic Sports Fan Preseason Winner,Generic Sports Fan Preseason Difference,Away Team MP + GSF Average Preseason Rank,Home Team MP + GSF Average Preseason Rank,MP + GSF Average Preseason Winner,MP + GSF Average Preseason Difference,Away NonLinear TZ,Home NonLinear TZ,Home Team 3 games in 10 days,Away Team 3 games in 10 days,Home Team 4 games in 17 days,Away Team 4 games in 17 days,Away Team Short Rest,Divisional Matchup?,Home Team Short Rest,Away Team Massey-Peabody Current Rank,Home Team Massey-Peabody Current Rank,Away Team Generic Sports Fan Current Rank,Home Team Generic Sports Fan Current Rank,Away Team Adjusted Massey-Peabody Preseason Rank,Home Team Adjusted Massey-Peabody Preseason Rank,Away Team Adjusted Generic Sports Fan Preseason Rank,Home Team Adjusted Generic Sports Fan Preseason Rank,Away Team Adjusted Massey-Peabody Current Rank,Home Team Adjusted Massey-Peabody Current Rank,Away Team Adjusted Generic Sports Fan Current Rank,Home Team Adjusted Generic Sports Fan Current Rank,Adjusted Massey-Peabody Preseason Winner,Adjusted Massey-Peabody Preseason Difference,Adjusted Generic Sports Fan Preseason Winner,Adjusted Generic Sports Fan Preseason Difference,Away Team Adjusted MP + GSF Average Preseason Rank,Home Team Adjusted MP + GSF Average Preseason Rank,Adjusted MP + GSF Average Preseason Winner,Adjusted MP + GSF Average Preseason Difference,Massey-Peabody Current Winner,Massey-Peabody Current Difference,Generic Sports Fan Current Winner,Generic Sports Fan Current Difference,Away Team MP + GSF Average Current Rank,Home Team MP + GSF Average Current Rank,MP + GSF Average Current Winner,MP + GSF Average Current Difference,Adjusted Massey-Peabody Current Winner,Adjusted Massey-Peabody Current Difference,Adjusted Generic Sports Fan Current Winner,Adjusted Generic Sports Fan Current Difference,Away Team Adjusted MP + GSF Average Current Rank,Home Team Adjusted MP + GSF Average Current Rank,Adjusted MP + GSF Average Current Winner,Adjusted MP + GSF Average Current Difference,Massey-Peabody Bayesian Same Winner Across All Metrics,Generic Sports Fan Bayesian Same Adjusted Winner Across All Metrics,Massey-Peabody Bayesian Same Current and Preseason Adjusted Winner,Generic Sports Fan Bayesian Current and Preseason Adjusted Winner,Massey-Peabody Bayesian Same Current and Adjusted Current Winner,Generic Sports Fan Bayesian Same Current and Adjusted Current Winner,Thursday Night Game,Masey-Peabody Home Team Winner?,Generic Sports Fan Home Team Winner?,Total Line,Home Team Sportsbook Moneyline,Away Team Sportsbook Moneyline,Sportsbook Favorite,Sportsbook Underdog,Home Team Sportsbook Spread,Away Team Sportsbook Spread,Massey-Peabody Home Team Moneyline,Massey-Peabody Away Team Moneyline,Generic Sports Fan Home Team Moneyline,Generic Sports Fan Away Team Moneyline,Massey-Peabody Home Team Spread,Massey-Peabody Away Team Spread,Generic Sports Fan Home Team Spread,Generic Sports Fan Away Team Spread,Away Team Sportsbook Implied Odds to Win,Home Team Sportsbook Implied Odds to Win,Away Team Massey-Peabody Implied Odds to Win,Home Team Massey-Peabody Implied Odds to Win,Away Team Generic Sports Fan Implied Odds to Win,Home Team Generic Sports Fan Implied Odds to Win,Away Team Sportsbook Fair Odds,Home Team Sportsbook Fair Odds,Away Team Massey-Peabody Fair Odds,Home Team Massey-Peabody Fair Odds,Away Team Generic Sports Fan Fair Odds,Home Team Generic Sports Fan Fair Odds,Away Team Fair Odds,Home Team Fair Odds,Away Team Expected Win Advantage,Home Team Expected Win Advantage,Away Team Cumulative Win Percentage,Home Team Cumulative Win Percentage,Favorite,Underdog,Away Team Thanksgiving Favorite,Home Team Thanksgiving Favorite,Away Team Thanksgiving Underdog,Home Team Thanksgiving Underdog,Away Team Christmas Favorite,Home Team Christmas Favorite,Away Team Christmas Underdog,Home Team Christmas Underdog,Away Team Pre Thanksgiving,Home Team Pre Thanksgiving,Away Team Pre Christmas,Home Team Pre Christmas,Divisional Matchup Boolean,Away Team Star Rating,Home Team Star Rating,Away Team Public Pick %,Home Team Public Pick %,temp,wind,Matchup_ID,Week_y,Date_y,Matchup,Wind,Temperature,Precipitation,Sim_Weather_Source,Dome,Away_Starting_QB,Home_Starting_QB,Sim_Spread_Mean,Sim_Spread_Median,Sim_Spread_Std,Sim_Spread_Variance,Sim_Spread_Variance_Label,Sim_Spread_25th,Sim_Spread_75th,Sim_Total_Mean,Sim_Total_Median,Sim_Total_Std,Sim_Total_10th_Floor,Sim_Total_90th_Ceiling,Sim_Home_Win_Pct,Sim_Away_Win_Pct,Sim_Prob_Land_3,Sim_Prob_Land_7,Sim_Home_Cover_Prob,Sim_Away_Cover_Prob,Sim_Prob_Over,Sim_Prob_Under,Consensus Home Win Pct,Consensus Away Win Pct,Consensus Home Team Odds,Consensus Away Team Odds,Market Home Team Implied Odds,Market Away Team Implied Odds,Monte Carlo Home Team Spread,Monte Carlo Away Team Spread,Monte Carlo Total,Consensus Home Team Spread,Consensus Away Team Spread,GSF Spread Bet,GSF Spread Edge,Massey-Peabody Spread Bet,Massey-Peabody Spread Edge,Monte Carlo Spread Bet,Monte Carlo Spread Edge,Consensus Spread Bet,Consensus Spread Edge,GSF Moneyline Bet,GSF Moneyline Edge,Massey-Peabody Moneyline Bet,Massey-Peabody Moneyline Edge,Monte Carlo Moneyline Bet,Monte Carlo Moneyline Edge,Consensus Moneyline Bet,Consensus Moneyline Edge,Monte Carlo Total Bet,Monte Carlo Total Edge,MC ML Unit Wager,MC ML Unit to Win,MC ML Kelly Wager,MC ML Kelly To Win,MC Spread Unit Wager,MC Spread Unit to Win,MC Spread Kelly Wager,MC Spread Kelly To Win,MC Total Unit Wager,MC Total Unit to Win,MC Total Kelly Wager,MC Total Kelly To Win,MC Bet Direction,Home Team Offensive Pressure Allowed Rate,Away Team Offensive Pressure Allowed Rate,Home Team Defensive Pressure Generated Rate,Away Team Defensive Pressure Generated Rate,Home Team Zone Rate,Away Team Zone Rate,Home Team Man Rate,Away Team Man Rate,Home Team Offensive EPA vs Pressure,Away Team Offensive EPA vs Pressure,Home Team Offensive EPA vs Zone,Away Team Offensive EPA vs Zone,Home Team Offensive EPA vs Man,Away Team Offensive EPA vs Man,Week,Total Remaining Entries at Start of Week,Home Team Expected Availability,Away Team Expected Availability,Home Pick %,Away Pick %,Expected Home Team Survivors,Expected Away Team Survivors,Expected Home Team Eliminations,Expected Away Team Eliminations,Home Predicted_Pick_Pct,Away Predicted_Pick_Pct,Home Expected Survival Rate,Home Expected Elimination Percent,Away Expected Survival Rate,Away Expected Elimination Percent,Expected Eliminated Entry Percent From Game,Expected Away Team Picks,Expected Home Team Picks,Avg Survivors,Avg Eliminations,Preseason Away Team Sportsbook Fair Odds,Preseason Home Team Sportsbook Fair Odds,Preseason Consensus Away Win Pct,Preseason Consensus Home Win Pct,Preseason Sim_Away_Win_Pct,Preseason Sim_Home_Win_Pct,Preseason Sportsbook Favorite,Preseason Sim Favorite,Preseason Consensus Favorite,Sim Favorite,Consensus Favorite,Sportsbook Bayesian Same Current and Preseason Adjusted Winner,Sim Bayesian Same Current and Preseason Adjusted Winner,Consensus Bayesian Same Current and Preseason Adjusted Winner,Away_Odds_Imputed,Home_Odds_Imputed,sportsbook_Home_EV,sportsbook_Away_EV,mp_Home_EV,mp_Away_EV,gsf_Home_EV,gsf_Away_EV,sim_Home_EV,sim_Away_EV,consensus_Home_EV,consensus_Away_EV,Home Team Points,Away Team Points,Actual Home Team Win %,Actual Away Team Win %,Actual Away Team EV,Actual Home Team EV,GSF Spread Win/Loss,GSF Spread P/L,MP Spread Win/Loss,MP Spread P/L,Sim Spread Win/Loss,Sim Spread P/L,Sim Spread (Kelly) Win/Loss,Sim Spread (Kelly) P/L,Consensus Spread Win/Loss,Consensus Spread P/L,GSF Moneyline Win/Loss,GSF Moneyline P/L,MP Moneyline Win/Loss,MP Moneyline P/L,Sim Moneyline Win/Loss,Sim Moneyline P/L,Sim Moneyline (Kelly) Win/Loss,Sim Moneyline (Kelly) P/L,Consensus Moneyline Win/Loss,Consensus Moneyline P/L,Sim Total Win/Loss,Sim Total P/L,Sim Total (Kelly) Win/Loss,Sim Total (Kelly) P/L,Data_Type,Week_Final,Year_Final
2024_18_CLE_BAL,2024,20,2025-01-04,16:30,Cleveland Browns,Baltimore Ravens,Home,Bailey Zappe,Lamar Jackson,00-0038108,00-0034796,6,10,-4,4,-1,16,M&T Bank Stadium,39.2789,-76.6228,America/New_York,False,False,18,-1,16,AFC North,FirstEnergy Stadium,41.5061,-81.6994,America/New_York,AFC North,M&T Bank Stadium,39.2789,-76.6228,America/New_York,Miami Dolphins,Houston Texans,FirstEnergy Stadium,NRG Stadium,Playoffs?,Playoffs?,Playoffs?,Playoffs?,308,0,-308,308,0.0,0.0,America/New_York,America/Chicago,0.0,-1.0,0.0,0.0,0.0,0,-4.705,6.69,-4.705,6.69,Baltimore Ravens,11.395,Baltimore Ravens,11.395,-4.705,6.69,Baltimore Ravens,11.395,0.0,0,No,No,No,No,Yes,1,No,0.0,0.0,-5.492,9.113,-5.1164,7.8294,-5.1164,7.8294,-0.52535,1.2533500000000002,-5.8713,10.220300000000002,Baltimore Ravens,12.945799999999998,Baltimore Ravens,12.945799999999998,-5.1164,7.8294,Baltimore Ravens,12.945799999999998,Tie,0.0,Baltimore Ravens,14.605,-2.746,4.5565,Baltimore Ravens,7.3025,Baltimore Ravens,1.7787000000000002,Baltimore Ravens,16.0916,-3.198325,5.736825000000001,Baltimore Ravens,8.93515,Different,Same,Same,Same,Different,Same,False,Home Team,Home Team,42.5,-2400.0,1200.0,Baltimore Ravens,Cleveland Browns,19.5,-19.5,-131,108,-1266,728,-1.7787000000000002,1.7787000000000002,-16.0916,16.0916,0.0769,0.96,0.4808,0.5671,0.1208,0.9268,0.0742,0.9258,0.4588,0.5412,0.1153,0.8847,0.0742,0.9258,-0.4258,0.4258,0.0,0.0,Baltimore Ravens,Cleveland Browns,0,0,0,0,0,0,0,0,0,0,0,0,1,0.0,0.0,0.0,0.08,31.0,16.0,0,20,2025-01-04,CLE @ BAL,16.0,31.0,0.0,nfl_read_py Fallback,False,S.Sanders,L.Jackson,-23.46,-23.0,13.18,173.77,Medium,-32.0,-15.0,44.44,44.0,12.910668769417592,29.0,61.0,0.9596,0.0404,0.0196,0.023,0.6308,0.3692,0.5456,0.4544,0.8278,0.1722,-481,481,0.96,0.0769230769230769,-23.23,23.23,44.22,-13.7001,13.7001,Cleveland Browns,3.4084000000000003,Cleveland Browns,17.7213,Baltimore Ravens,3.73,Cleveland Browns,5.799899999999999,Cleveland Browns,0.038376923076923,Cleveland Browns,0.381876923076923,No Bet,0.0,Cleveland Browns,0.095276923076923,Over,1.7199999999999989,,0.0,0.0,0.0,110.0,100.0,561.7,510.64,110.0,100.0,114.4,104.0,No Bet,,,,,,,,,,,,,,,20,18.0,0.0,1.0,0.0,0.0001287037347083,0.0,0.0001718967080765,0.0,0.0021447705166745,0.0,0.0001287037347083,0.0,0.0,9.549817115362822e-06,0.000119153917593,0.000119153917593,0.002316667224751,0.0,17.0,1.0,0.0742,0.9258,0.2037,0.7962,0.0444,0.9554,Baltimore Ravens,Baltimore Ravens,Baltimore Ravens,Baltimore Ravens,Baltimore Ravens,Same,Same,Same,False,False,0.0,0.1076858709958963,0.0,0.9896695306605936,0.0,0.2013381906227319,0.0,0.0685226595199986,0.0,0.2975547332489395,35.0,10.0,1.0,0.0,0.0998,0.0,Loss,-110.0,Loss,-110.0,Win,100.0,Win,510.64,Loss,-110.0,Loss,-110.0,Loss,-110.0,No Bet,0.0,No Bet,0.0,Loss,-110.0,Win,100.0,Win,104.0,Final,20,2024
2024_18_CIN_PIT,2024,20,2025-01-04,20:00,Cincinnati Bengals,Pittsburgh Steelers,Home,Joe Burrow,Russell Wilson,00-0036442,00-0029263,7,10,-3,3,-7,1,Acrisure Stadium,40.4468,-80.0158,America/New_York,False,False,18,-7,1,AFC North,Paycor Stadium,39.0955,-84.5165,America/New_York,AFC North,Acrisure Stadium,40.4468,-80.0158,America/New_York,Denver Broncos,Kansas City Chiefs,Paycor Stadium,Acrisure Stadium,Playoffs?,Playoffs?,Playoffs?,Playoffs?,256,0,-256,256,0.0,0.0,America/New_York,America/New_York,0.0,0.0,0.0,0.0,0.0,0,1.31,-0.565,1.31,-0.565,Cincinnati Bengals,1.875,Cincinnati Bengals,1.875,1.31,-0.565,Cincinnati Bengals,1.875,0.0,0,No,No,No,No,No,1,No,0.0,0.0,1.132,2.276,-0.8357750000000002,0.901275,-0.8357750000000002,0.901275,-2.127025,1.447525,-0.983585,3.712085,Pittsburgh Steelers,1.7370500000000002,Pittsburgh Steelers,1.7370500000000002,-0.8357750000000002,0.901275,Pittsburgh Steelers,1.7370500000000002,Tie,0.0,Pittsburgh Steelers,1.144,0.566,1.138,Pittsburgh Steelers,0.572,Pittsburgh Steelers,3.5745500000000003,Pittsburgh Steelers,4.69567,-1.5553050000000002,2.579805,Pittsburgh Steelers,4.13511,Different,Different,Same,Same,Different,Same,False,Home Team,Home Team,47.5,124.0,-148.0,Cincinnati Bengals,Pittsburgh Steelers,-2.5,2.5,-191,156,-224,181,-3.5745500000000003,3.5745500000000003,-4.69567,4.69567,0.5283,0.5192,0.3906,0.6564,0.3559,0.6914,0.5721,0.4279,0.3731,0.6269,0.3398,0.6602,0.5043,0.4957,0.0043,-0.0043,0.0,0.0,Cincinnati Bengals,Pittsburgh Steelers,0,0,0,0,0,0,0,0,0,0,0,0,1,0.0,0.0,0.017,0.0069999999999999,19.0,10.0,1,20,2025-01-04,CIN @ PIT,10.0,19.0,0.0,nfl_read_py Fallback,False,J.Burrow,A.Rodgers,-2.29,-3.0,12.57,158.04,Low,-11.0,7.0,45.54,45.0,13.41002301949839,29.0,63.10000000000037,0.5718,0.4274,0.0996,0.0992,0.5962,0.4038,0.4154,0.5846,0.5886,0.4112,-143,143,0.5192307692307693,0.5283018867924528,-2.645,2.645,45.27,-3.6384066666666666,3.6384066666666666,Pittsburgh Steelers,6.19567,Pittsburgh Steelers,5.07455,Pittsburgh Steelers,4.145,Pittsburgh Steelers,5.138406666666667,Pittsburgh Steelers,0.1409692307692307,Pittsburgh Steelers,0.1076692307692307,Pittsburgh Steelers,0.0525692307692307,Pittsburgh Steelers,0.0693692307692307,Under,2.230000000000004,108.0,100.0,273.36,253.11,110.0,100.0,380.05,345.5,110.0,100.0,319.15,290.14,Pittsburgh Steelers,,,,,,,,,,,,,,,20,18.0,0.3888888888888889,0.1111111111111111,0.0046838427486206,0.0039593873903572,0.0417920553088427,0.0359409430972292,0.0425171141663291,0.0353280299292019,0.0046838427486206,0.0039593873903572,0.0023217808504912,0.0023620618981293,0.0019967190609571,0.0019626683294001,0.0043247302275295,0.0712689730264312,0.0843091694751718,17.0,1.0,0.5043,0.4957,0.4273,0.5724,0.392,0.6068,Cincinnati Bengals,Pittsburgh Steelers,Pittsburgh Steelers,Pittsburgh Steelers,Pittsburgh Steelers,Same,Same,Same,False,False,0.7194054751033125,0.7318865868359906,1.352275128097485,0.8048075455306614,1.1528488590557473,0.5933626814709829,0.9698330869686932,0.7249154623477081,1.0170773286313928,0.7105372027407896,17.0,19.0,0.0,1.0,0.7691,0.5753,Loss,-110.0,Loss,-110.0,Loss,-110.0,Loss,-380.05,Loss,-110.0,Loss,-110.0,Loss,-110.0,Loss,-108.0,Loss,-273.36,Loss,-110.0,Win,100.0,Win,290.14,Final,20,2024
2024_18_CAR_ATL,2024,20,2025-01-05,13:00,Carolina Panthers,Atlanta Falcons,Home,Bryce Young,Michael Penix Jr.,00-0039150,00-0039917,7,7,0,0,3,5,Mercedes-Benz Stadium,33.7489,-84.388,America/New_York,False,True,18,3,5,NFC South,Bank of America Stadium,35.2258,-80.8528,America/New_York,NFC South,Mercedes-Benz Stadium,33.7489,-84.388,America/New_York,Tampa Bay Buccaneers,Washington Commanders,Raymond James Stadium,FedExField,Playoffs?,Playoffs?,Playoffs?,Playoffs?,226,0,-226,226,0.0,0.0,America/New_York,America/New_York,0.0,0.0,0.0,0.0,0.0,0,-5.25,-0.71,-5.25,-0.71,Atlanta Falcons,4.54,Atlanta Falcons,4.54,-5.25,-0.71,Atlanta Falcons,4.54,0.0,0,No,No,No,No,No,1,No,0.0,0.0,-8.06,-1.618,-3.473075,-1.177425,-3.473075,-1.177425,1.7315249999999998,-0.4220249999999999,-6.264055,-2.104445,Atlanta Falcons,2.29565,Atlanta Falcons,2.29565,-3.473075,-1.177425,Atlanta Falcons,2.29565,Tie,0.0,Atlanta Falcons,6.442,-4.03,-0.809,Atlanta Falcons,3.221,Carolina Panthers,2.15355,Atlanta Falcons,4.15961,-2.266265,-1.263235,Atlanta Falcons,1.00303,Different,Same,Different,Same,Different,Same,False,Away Team,Home Team,43.5,-380.0,300.0,Atlanta Falcons,Carolina Panthers,7.5,-7.5,108,-131,-211,171,2.15355,-2.15355,-4.15961,4.15961,0.5,0.5455,0.5671,0.4808,0.369,0.6785,0.24,0.76,0.5412,0.4588,0.3523,0.6477,0.4783,0.5217,-0.0217,0.0217,0.0,0.0,Atlanta Falcons,Carolina Panthers,0,0,0,0,0,0,0,0,0,0,0,0,1,0.0,0.0,0.001,0.237,,,2,20,2025-01-05,CAR @ ATL,0.0,70.0,0.0,Dome,True,B.Young,M.Penix,-6.83,-8.0,13.22,174.87,Medium,-16.0,3.0,50.71,50.0,13.685107693932077,33.0,68.0,0.7058,0.2924,0.0706,0.0806,0.6858,0.3142,0.6874,0.3126,0.5835,0.416,-140,140,0.5454545454545454,0.5,-7.415,7.415,50.355,-3.1403533333333336,3.1403533333333336,Atlanta Falcons,2.65961,Carolina Panthers,3.65355,Atlanta Falcons,5.915,Atlanta Falcons,1.6403533333333336,Atlanta Falcons,0.1022454545454546,Carolina Panthers,0.0412,Atlanta Falcons,0.1603454545454545,Atlanta Falcons,0.0380454545454546,Over,6.855000000000004,120.0,100.0,881.9,734.92,110.0,100.0,850.45,773.14,110.0,100.0,858.85,780.77,Atlanta Falcons,,,,,,,,,,,,,,,20,18.0,0.7222222222222222,1.0,0.2403212543585882,0.0053055137935601,2.2567607711797595,0.0456772904542767,2.06902180727483,0.0498219578298059,0.2403212543585882,0.0053055137935601,0.1253755983988755,0.1149456559597127,0.0025376272474598,0.0027678865461003,0.117713542505813,0.0954992482840826,4.325782578454589,17.0,1.0,0.4826,0.5174,0.4606,0.5392,0.3434,0.6556,Atlanta Falcons,Atlanta Falcons,Atlanta Falcons,Atlanta Falcons,Atlanta Falcons,Same,Same,Same,False,False,0.7571390687137346,0.6941529932255688,0.9896695306605936,1.167413142967553,1.1310212147991632,0.615190325727567,1.1971112150795795,0.4959412288031582,1.0082647320020688,0.7188314113330945,38.0,44.0,0.0,1.0,0.3226,1.0217,Win,100.0,Loss,-110.0,Win,100.0,Win,773.14,Win,100.0,Loss,-110.0,Win,330.0,Loss,-120.0,Loss,-881.9,Loss,-110.0,Win,100.0,Win,780.77,Final,20,2024
2024_18_WAS_DAL,2024,20,2025-01-05,13:00,Washington Commanders,Dallas Cowboys,Home,Jayden Daniels,Trey Lance,00-0039910,00-0037012,7,7,0,0,-2,2,AT&T Stadium,32.7369,-97.0826,America/Chicago,False,False,18,-2,2,NFC East,FedExField,38.9077,-76.8645,America/New_York,NFC East,AT&T Stadium,32.7369,-97.0826,America/Chicago,Atlanta Falcons,Philadelphia Eagles,FedExField,Lincoln Financial Field,Playoffs?,Playoffs?,Playoffs?,Playoffs?,1206,0,-1206,1206,1.0,0.0,America/New_York,America/New_York,1.0,1.0,1.0,0.0,1.0,0,1.45,-0.615,1.45,-0.615,Washington Commanders,2.065,Washington Commanders,2.065,1.45,-0.615,Washington Commanders,2.065,0.0,0,No,No,No,No,No,1,No,0.0,0.0,2.779,-1.811,1.95297,-0.49997,1.95297,-0.49997,0.52362,0.09438,3.25672,-1.6707199999999998,Washington Commanders,2.45294,Washington Commanders,2.45294,1.95297,-0.49997,Washington Commanders,2.45294,Tie,0.0,Washington Commanders,4.59,1.3895,-0.9055,Washington Commanders,2.295,Washington Commanders,0.4292399999999999,Washington Commanders,4.92744,1.89017,-0.7881699999999999,Washington Commanders,2.67834,Different,Same,Same,Same,Different,Same,False,Away Team,Away Team,51.5,250.0,-310.0,Dallas Cowboys,Washington Commanders,-7.0,7.0,-104,-116,188,-234,0.4292399999999999,-0.4292399999999999,4.92744,-4.92744,0.3704,0.6711,0.537,0.5098,0.7006,0.3472,0.7258,0.2742,0.513,0.487,0.6686,0.3314,0.3556,0.6444,-0.1444,0.1444,0.0,0.0,Dallas Cowboys,Washington Commanders,0,0,0,0,0,0,0,0,0,0,0,0,1,0.0,0.0,0.02,0.001,,,3,20,2025-01-05,WAS @ DAL,0.0,70.0,0.0,Dome,True,J.Daniels,D.Prescott,-0.53,-2.0,13.45,180.94,Med-High,-10.0,9.0,56.98,57.0,14.291550389041229,39.0,75.0,0.5268,0.4724,0.0936,0.0816,0.4024,0.5976,0.6326,0.3674,0.4974,0.5024,101,-101,0.6710526315789473,0.3703703703703703,-1.265,1.265,56.99,1.3638933333333334,-1.3638933333333334,Washington Commanders,9.42744,Washington Commanders,4.92924,Washington Commanders,3.235,Washington Commanders,5.863893333333333,Washington Commanders,0.2982296296296296,Washington Commanders,0.1426296296296296,Washington Commanders,0.1020296296296296,Washington Commanders,0.1320296296296296,Over,5.489999999999995,100.0,170.0,405.12,688.7,110.0,100.0,387.4,352.18,110.0,100.0,571.15,519.23,Washington Commanders,,,,,,,,,,,,,,,20,18.0,0.7222222222222222,0.0,0.0101255105112439,0.0,0.1174478215220207,0.0,0.0648113676803702,0.0,0.0101255105112439,0.0,0.0065248789734455,0.0036006315377983,0.0,0.0,0.0036006315377983,0.0,0.1822591892023909,17.0,1.0,0.3556,0.6444,0.3778,0.6222,0.4474,0.5524,Dallas Cowboys,Dallas Cowboys,Dallas Cowboys,Dallas Cowboys,Washington Commanders,Same,Same,Different,False,False,0.935212604713687,0.0,1.0504992620569074,0.0,0.5786945045305583,0.0,0.8935083424538434,0.0,0.859487365377599,0.0,19.0,23.0,0.0,1.0,0.0,0.3686,Win,100.0,Win,100.0,Win,100.0,Win,352.18,Win,100.0,Win,35.48,Win,35.48,Win,32.26,Win,130.68,Win,35.48,Loss,-110.0,Loss,-571.15,Final,20,2024
2024_18_CHI_GB,2024,20,2025-01-05,13:00,Chicago Bears,Green Bay Packers,Home,Caleb Williams,Jordan Love,00-0039918,00-0036264,10,7,3,-3,5,8,Lambeau Field,44.5013,-88.0622,America/Chicago,False,False,18,5,8,NFC North,Soldier Field,41.8623,-87.6167,America/Chicago,NFC North,Lambeau Field,44.5013,-88.0622,America/Chicago,Seattle Seahawks,Minnesota Vikings,Soldier Field,U.S. Bank Stadium,Playoffs?,Playoffs?,Playoffs?,Playoffs?,184,0,-184,184,0.0,0.0,America/Chicago,America/Chicago,0.0,0.0,0.0,0.0,0.0,0,-1.575,3.535,-1.575,3.535,Green Bay Packers,5.11,Green Bay Packers,5.11,-1.575,3.535,Green Bay Packers,5.11,0.0,0,No,No,No,No,No,1,No,0.0,0.0,-5.03,-0.7,-1.23562,3.94662,-1.23562,3.94662,0.28828,0.46272,-4.6984200000000005,-0.2805799999999999,Green Bay Packers,5.18224,Green Bay Packers,5.18224,-1.23562,3.94662,Green Bay Packers,5.18224,Tie,0.0,Green Bay Packers,4.33,-2.515,-0.35,Green Bay Packers,2.165,Green Bay Packers,0.17444,Green Bay Packers,4.417840000000001,-2.20507,0.09107,Green Bay Packers,2.2961400000000003,Different,Same,Same,Same,Different,Same,False,Home Team,Home Team,41.5,-410.0,320.0,Green Bay Packers,Chicago Bears,10.0,-10.0,-110,-110,-224,181,-0.17444,0.17444,-4.417840000000001,4.417840000000001,0.2381,0.8039,0.5238,0.5238,0.3559,0.6914,0.2285,0.7715,0.5,0.5,0.3398,0.6602,0.2285,0.7715,-0.2715,0.2715,0.0,0.0,Green Bay Packers,Chicago Bears,0,0,0,0,0,0,0,0,0,0,0,0,1,0.0,0.0,0.002,0.1119999999999999,16.0,13.0,4,20,2025-01-05,CHI @ GB,13.0,16.0,0.0,nfl_read_py Fallback,False,C.Williams,J.Love,-10.94,-11.0,13.43,180.29,Med-High,-20.0,-3.0,47.17,47.0,13.460940443502626,30.0,65.0,0.7916,0.2076,0.067,0.0726,0.5256,0.429,0.6478,0.3522,0.6808,0.319,-213,213,0.803921568627451,0.238095238095238,-10.97,10.97,47.085,-5.187426666666666,5.187426666666666,Chicago Bears,5.582159999999999,Chicago Bears,9.82556,Green Bay Packers,0.9699999999999988,Chicago Bears,4.812573333333334,Chicago Bears,0.1017047619047619,Chicago Bears,0.2619047619047619,No Bet,0.0,Chicago Bears,0.0809047619047619,Over,5.585000000000001,,0.0,0.0,0.0,110.0,100.0,9.4,8.55,110.0,100.0,650.95,591.77,No Bet,,,,,,,,,,,,,,,20,18.0,0.1111111111111111,0.6666666666666666,0.1111111111111111,0.0001287037347083,1.543,0.0005293584608556,0.4570000000000001,0.0017873087638954,0.1111111111111111,0.0001287037347083,0.0857222222222222,0.0253888888888888,2.940880338086799e-05,9.929493132752584e-05,0.0254881838202164,0.002316667224751,2.0,17.0,1.0,0.2285,0.7715,0.3516,0.6481,0.219,0.7796,Green Bay Packers,Green Bay Packers,Green Bay Packers,Green Bay Packers,Green Bay Packers,Same,Same,Same,False,False,1.1196718257861724,0.3316202361531308,1.0785413368140733,1.0785413368140733,1.1528488590557473,0.5933626814709829,1.3426370612878935,0.3521114880285077,1.1763952520085834,0.5512192793635989,22.0,24.0,0.0,1.0,0.3072,1.0372,Loss,-110.0,Loss,-110.0,Win,100.0,Win,8.55,Loss,-110.0,Win,352.0,Win,352.0,No Bet,0.0,No Bet,0.0,Win,352.0,Win,100.0,Win,591.77,Final,20,2024
2024_18_JAX_IND,2024,20,2025-01-05,13:00,Jacksonville Jaguars,Indianapolis Colts,Home,Mac Jones,Joe Flacco,00-0036972,00-0026158,7,7,0,0,4,-17,Lucas Oil Stadium,39.7601,-86.1638,America/Indiana/Indianapolis,False,False,18,4,-17,AFC South,TIAA Bank Field,30.3239,-81.6554,America/New_York,AFC South,Lucas Oil Stadium,39.7601,-86.1638,America/Indiana/Indianapolis,Tennessee Titans,New York Giants,TIAA Bank Field,MetLife Stadium,Playoffs?,Playoffs?,Playoffs?,Playoffs?,699,0,-699,699,0.0,0.0,America/New_York,America/New_York,0.0,0.0,0.0,0.0,0.0,0,-1.825,-2.265,-1.825,-2.265,Jacksonville Jaguars,0.4400000000000001,Jacksonville Jaguars,0.4400000000000001,-1.825,-2.265,Jacksonville Jaguars,0.4400000000000001,0.0,0,No,No,No,No,No,1,No,0.0,0.0,-3.927,-4.027,-0.798085,-3.746415,-0.798085,-3.746415,1.031315,-1.485815,-2.896685,-5.511815000000001,Jacksonville Jaguars,2.9483300000000003,Jacksonville Jaguars,2.9483300000000003,-0.798085,-3.746415,Jacksonville Jaguars,2.9483300000000003,Tie,0.0,Jacksonville Jaguars,0.1,-1.9635,-2.0135,Jacksonville Jaguars,0.05,Jacksonville Jaguars,2.51713,Jacksonville Jaguars,2.615130000000001,-0.932685,-3.4988150000000005,Jacksonville Jaguars,2.56613,Different,Same,Same,Same,Different,Same,False,Away Team,Away Team,45.5,-180.0,150.0,Indianapolis Colts,Jacksonville Jaguars,3.5,-3.5,117,-142,117,-142,2.51713,-2.51713,2.615130000000001,-2.615130000000001,0.4,0.6429,0.5868,0.4608,0.5868,0.4608,0.3836,0.6164,0.5601,0.4399,0.5601,0.4399,0.3836,0.6164,-0.1164,0.1164,0.0,0.0,Indianapolis Colts,Jacksonville Jaguars,0,0,0,0,0,0,0,0,0,0,0,0,1,0.0,0.0,0.003,0.05,,,5,20,2025-01-05,JAX @ IND,0.0,70.0,0.0,Dome,True,T.Lawrence,D.Jones,0.27,1.0,14.24,202.79,High,-10.0,10.0,52.6,52.0,13.847722914832792,35.0,71.0,0.4878,0.5118,0.0894,0.0866,0.4148,0.5852,0.693,0.307,0.496,0.5039,102,-102,0.6428571428571429,0.4,0.635,-0.635,52.3,1.92242,-1.92242,Jacksonville Jaguars,6.115130000000001,Jacksonville Jaguars,6.01713,Jacksonville Jaguars,4.135,Jacksonville Jaguars,5.42242,Jacksonville Jaguars,0.1601,Jacksonville Jaguars,0.1601,Jacksonville Jaguars,0.1118,Jacksonville Jaguars,0.1038999999999999,Over,6.799999999999997,100.0,150.0,465.83,698.75,110.0,100.0,322.3,293.0,110.0,100.0,888.25,807.5,Jacksonville Jaguars,,,,,,,,,,,,,,,20,18.0,0.9444444444444444,0.7777777777777778,0.1476559871389006,0.0025778636699396,1.6382727085035305,0.0177996330681991,1.0195350599966817,0.0286019129907141,0.1476559871389006,0.0025778636699396,0.0910151504724183,0.0566408366664823,0.0009888685037888,0.0015889951661507,0.058229831832633,0.0464015460589133,2.657807768500212,17.0,1.0,0.3836,0.6164,0.5286,0.4712,0.5022,0.497,Indianapolis Colts,Jacksonville Jaguars,Jacksonville Jaguars,Jacksonville Jaguars,Jacksonville Jaguars,Same,Same,Same,False,False,0.8945764269793864,0.5567156349599167,0.9489006681290216,1.2081820054991248,0.7681584566777085,0.9780530838490216,0.8273602305409733,0.8680667609488933,0.8570682212048434,0.8707191061796786,26.0,23.0,1.0,0.0,0.5157,0.8287,Loss,-110.0,Loss,-110.0,Loss,-110.0,Loss,-322.3,Loss,-110.0,Loss,-110.0,Loss,-110.0,Loss,-100.0,Loss,-465.83,Loss,-110.0,Win,100.0,Win,807.5,Final,20,2024
2024_18_BUF_NE,2024,20,2025-01-05,13:00,Buffalo Bills,New England Patriots,Home,Mitchell Trubisky,Joe Milton III,00-0033869,00-0039398,7,8,-1,1,4,10,Gillette Stadium,42.0628,-71.2687,America/New_York,False,False,18,4,10,AFC East,Highmark Stadium,42.7725,-78.7877,America/New_York,AFC East,Gillette Stadium,42.0628,-71.2687,America/New_York,New York Jets,Los Angeles Chargers,Highmark Stadium,Gillette Stadium,Playoffs?,Playoffs?,Playoffs?,Playoffs?,386,0,-386,386,0.0,0.0,America/New_York,America/New_York,0.0,0.0,0.0,0.0,0.0,0,4.795,-1.995,4.795,-1.995,Buffalo Bills,6.79,Buffalo Bills,6.79,4.795,-1.995,Buffalo Bills,6.79,0.0,0,No,No,No,No,No,1,No,0.0,0.0,3.121,-5.274,5.25498,-1.3619800000000002,5.25498,-1.3619800000000002,0.5278800000000001,0.56512,3.56493,-4.62493,Buffalo Bills,6.61696,Buffalo Bills,6.61696,5.25498,-1.3619800000000002,Buffalo Bills,6.61696,Tie,0.0,Buffalo Bills,8.395,1.5605,-2.637,Buffalo Bills,4.1975,New England Patriots,0.0372399999999998,Buffalo Bills,8.18986,2.046405,-2.029905,Buffalo Bills,4.076309999999999,Different,Same,Different,Same,Different,Same,False,Home Team,Away Team,36.5,140.0,-166.0,Buffalo Bills,New England Patriots,-3.0,3.0,-110,-110,282,-366,-0.0372399999999998,0.0372399999999998,8.18986,-8.18986,0.6241,0.4167,0.5238,0.5238,0.7854,0.2618,0.5996,0.4004,0.5,0.5,0.75,0.25,0.5996,0.4004,0.0996,-0.0996,0.0,0.0,Buffalo Bills,New England Patriots,0,0,0,0,0,0,0,0,0,0,0,0,1,0.0,0.0,0.01,0.003,33.0,14.0,6,20,2025-01-05,BUF @ NE,14.0,33.0,0.0,nfl_read_py Fallback,False,J.Allen,D.Maye,9.35,10.0,13.26,175.74,Medium,1.0,18.0,46.06,46.0,13.018724699392015,30.0,63.0,0.2402,0.7586,0.075,0.0746,0.2728,0.68,0.754,0.246,0.3476,0.652,188,-187,0.4166666666666667,0.6240601503759399,9.675,-9.675,46.03,5.94254,-5.94254,Buffalo Bills,5.18986,New England Patriots,3.03724,Buffalo Bills,6.675000000000001,Buffalo Bills,2.94254,Buffalo Bills,0.1259398496240601,New England Patriots,0.0833333333333333,Buffalo Bills,0.1345398496240601,Buffalo Bills,0.0279398496240601,Over,9.53,166.0,100.0,894.69,538.97,110.0,100.0,820.0,745.45,110.0,100.0,1208.5,1098.64,Buffalo Bills,,,,,,,,,,,,,,,20,18.0,1.0,0.0,0.0025835940198257,0.0,0.0186204788196884,0.0,0.0278842135371758,0.0,0.0025835940198257,0.0,0.0010344710455382,0.0015491229742875,0.0,0.0,0.0015491229742875,0.0,0.0465046923568643,17.0,1.0,0.5996,0.4004,0.677,0.3227,0.8036,0.1952,Buffalo Bills,Buffalo Bills,Buffalo Bills,Buffalo Bills,Buffalo Bills,Same,Same,Same,False,False,0.581097341600497,0.0,1.0785413368140733,0.0,0.4365528851316825,0.0,0.4074045251659323,0.0,0.6006389388927491,0.0,23.0,16.0,1.0,0.0,0.0,0.5383,Loss,-110.0,Win,100.0,Loss,-110.0,Loss,-820.0,Loss,-110.0,Loss,-110.0,Win,154.0,Loss,-166.0,Loss,-894.69,Loss,-110.0,Win,100.0,Win,1098.64,Final,20,2024
2024_18_NYG_PHI,2024,20,2025-01-05,13:00,New York Giants,Philadelphia Eagles,Home,Drew Lock,Tanner McKee,00-0035704,00-0038400,7,7,0,0,0,12,Lincoln Financial Field,39.9008,-75.1675,America/New_York,False,False,18,0,12,NFC East,MetLife Stadium,40.8136,-74.0744,America/New_York,NFC East,Lincoln Financial Field,39.9008,-75.1675,America/New_York,Indianapolis Colts,Dallas Cowboys,MetLife Stadium,Lincoln Financial Field,Playoffs?,Playoffs?,Playoffs?,Playoffs?,85,0,-85,85,0.0,0.0,America/New_York,America/New_York,0.0,0.0,0.0,0.0,0.0,0,-2.84,4.905,-2.84,4.905,Philadelphia Eagles,7.745,Philadelphia Eagles,7.745,-2.84,4.905,Philadelphia Eagles,7.745,0.0,0,No,No,No,No,No,1,No,0.0,0.0,-6.581,4.347,-1.7112499999999995,6.79025,-1.7112499999999995,6.79025,1.0513,1.9627,-5.420420000000001,6.200420000000001,Philadelphia Eagles,8.5015,Philadelphia Eagles,8.5015,-1.7112499999999995,6.79025,Philadelphia Eagles,8.5015,Tie,0.0,Philadelphia Eagles,10.928,-3.2905,2.1735,Philadelphia Eagles,5.464,Philadelphia Eagles,0.9114,Philadelphia Eagles,11.62084,-2.1845600000000003,4.0815600000000005,Philadelphia Eagles,6.266120000000001,Different,Same,Same,Same,Different,Same,False,Home Team,Home Team,36.5,-155.0,130.0,Philadelphia Eagles,New York Giants,3.0,-3.0,-122,101,-646,450,-0.9114,0.9114,-11.62084,11.62084,0.4348,0.6078,0.4975,0.5495,0.1818,0.866,0.417,0.583,0.4752,0.5248,0.1735,0.8265,0.417,0.583,-0.083,0.083,0.0,0.0,Philadelphia Eagles,New York Giants,0,0,0,0,0,0,0,0,0,0,0,0,1,0.0,0.0,0.005,0.013,31.0,19.0,7,20,2025-01-05,NYG @ PHI,19.0,31.0,0.0,nfl_read_py Fallback,False,J.Dart,J.Hurts,-18.9,-19.0,12.52,156.81,Low,-27.0,-11.0,37.46,37.0,12.051746784599816,22.0,53.0,0.932,0.0676,0.0354,0.0374,0.897,0.0788,0.5256,0.4744,0.7166,0.2833,-253,253,0.6078431372549019,0.4347826086956521,-18.95,18.95,37.23,-10.49408,10.49408,Philadelphia Eagles,8.620840000000001,New York Giants,2.0886,Philadelphia Eagles,15.95,Philadelphia Eagles,7.49408,Philadelphia Eagles,0.2186568627450981,New York Giants,0.0404173913043478,Philadelphia Eagles,0.3241568627450981,Philadelphia Eagles,0.1087568627450981,Over,0.730000000000004,155.0,100.0,2066.5,1333.23,110.0,100.0,1959.25,1781.14,110.0,100.0,9.4,8.55,Philadelphia Eagles,,,,,,,,,,,,,,,20,18.0,0.0,1.0,0.0,0.0026753166699208,0.0,0.0200809269244259,0.0,0.0280747731341494,0.0,0.0026753166699208,0.0,0.0,0.0011156070513569,0.0015597096185638,0.0015597096185638,0.0481557000585754,0.0,17.0,1.0,0.417,0.583,0.3227,0.677,0.0886,0.9102,Philadelphia Eagles,Philadelphia Eagles,Philadelphia Eagles,Philadelphia Eagles,Philadelphia Eagles,Same,Same,Same,False,False,0.0,0.6051887898286894,0.0,1.0250456865080952,0.0,0.3029677022813876,0.0,0.1146567273156412,0.0,0.4895311029583309,20.0,13.0,1.0,0.0,0.5606,0.0,Win,100.0,Loss,-110.0,Win,100.0,Win,1781.14,Win,100.0,Win,70.97,Loss,-110.0,Win,100.0,Win,1333.23,Win,70.97,Loss,-110.0,Loss,-9.4,Final,20,2024
2024_18_NO_TB,2024,20,2025-01-05,13:00,New Orleans Saints,Tampa Bay Buccaneers,Home,Spencer Rattler,Baker Mayfield,00-0039376,00-0034855,7,7,0,0,-10,-7,Raymond James Stadium,27.9759,-82.5033,America/New_York,False,False,18,-10,-7,NFC South,Caesars Superdome,29.9507,-90.0813,America/Chicago,NFC South,Raymond James Stadium,27.9759,-82.5033,America/New_York,Las Vegas Raiders,Carolina Panthers,Caesars Superdome,Raymond James Stadium,Playoffs?,Playoffs?,Playoffs?,Playoffs?,478,0,-478,478,-1.0,0.0,America/Chicago,America/New_York,-1.0,0.0,-1.0,0.0,-1.0,0,-6.145,1.025,-6.145,1.025,Tampa Bay Buccaneers,7.17,Tampa Bay Buccaneers,7.17,-6.145,1.025,Tampa Bay Buccaneers,7.17,0.0,0,No,No,No,No,No,1,No,0.0,0.0,-4.34,2.575,-5.695505,-1.2369950000000005,-5.695505,-1.2369950000000005,0.377795,-2.190295,-3.893055,0.315555,Tampa Bay Buccaneers,4.45851,Tampa Bay Buccaneers,4.45851,-5.695505,-1.2369950000000005,Tampa Bay Buccaneers,4.45851,Tie,0.0,Tampa Bay Buccaneers,6.915,-2.17,1.2875,Tampa Bay Buccaneers,3.4575,New Orleans Saints,2.56809,Tampa Bay Buccaneers,4.20861,-1.75763,-0.93737,Tampa Bay Buccaneers,0.8202600000000001,Different,Same,Different,Same,Different,Same,False,Away Team,Home Team,44.5,-1050.0,675.0,Tampa Bay Buccaneers,New Orleans Saints,14.5,-14.5,117,-142,-211,171,2.56809,-2.56809,-4.20861,4.20861,0.129,0.913,0.5868,0.4608,0.369,0.6785,0.1238,0.8762,0.5601,0.4399,0.3523,0.6477,0.1238,0.8762,-0.3762,0.3762,0.0,0.0,Tampa Bay Buccaneers,New Orleans Saints,0,0,0,0,0,0,0,0,0,0,0,0,1,0.0,0.0,0.0,0.1119999999999999,68.0,6.0,8,20,2025-01-05,NO @ TB,6.0,68.0,0.0,nfl_read_py Fallback,False,T.Shough,B.Mayfield,-3.92,-5.0,13.69,187.39,Med-High,-14.0,6.0,53.35,53.0,13.198753728287985,36.0,70.0,0.609,0.3902,0.0844,0.0778,0.218,0.782,0.7432,0.2568,0.6432,0.3566,-180,180,0.9130434782608696,0.1290322580645161,-4.46,4.46,53.175,-2.033506666666667,2.033506666666667,New Orleans Saints,10.29139,New Orleans Saints,17.068089999999998,New Orleans Saints,10.04,New Orleans Saints,12.466493333333332,New Orleans Saints,0.2232677419354838,New Orleans Saints,0.4310677419354839,New Orleans Saints,0.2611677419354838,New Orleans Saints,0.2275677419354838,Over,8.674999999999997,100.0,675.0,749.65,5060.12,110.0,100.0,1355.5,1232.27,110.0,100.0,1151.8,1047.09,New Orleans Saints,,,,,,,,,,,,,,,20,18.0,0.2777777777777778,0.8333333333333334,0.2776647326772266,0.0001287037347083,4.3792170978921465,0.0002868034024241,0.6187480902979319,0.0020298638223269,0.2776647326772266,0.0001287037347083,0.2432898387717859,0.0343748939054406,1.5933522356899154e-05,0.0001127702123514,0.0344876641177921,0.002316667224751,4.997965188190078,17.0,1.0,0.1238,0.8762,0.4415,0.5582,0.4134,0.5854,Tampa Bay Buccaneers,Tampa Bay Buccaneers,Tampa Bay Buccaneers,Tampa Bay Buccaneers,Tampa Bay Buccaneers,Same,Same,Same,False,False,1.2716221046712175,0.1796699572680857,0.9489006681290216,1.2081820054991248,1.1310212147991632,0.615190325727567,1.032928209100969,0.6618203402154321,1.1114239513688615,0.6161905800033208,27.0,19.0,1.0,0.0,0.1664,1.1779,Loss,-110.0,Loss,-110.0,Loss,-110.0,Loss,-1355.5,Loss,-110.0,Loss,-110.0,Loss,-110.0,Loss,-100.0,Loss,-749.65,Loss,-110.0,Win,100.0,Win,1047.09,Final,20,2024
2024_18_HOU_TEN,2024,20,2025-01-05,13:00,Houston Texans,Tennessee Titans,Home,Davis Mills,Mason Rudolph,00-0036898,00-0034771,11,7,4,-4,7,6,Nissan Stadium,36.1664,-86.7716,America/Chicago,False,False,18,7,6,AFC South,NRG Stadium,29.6847,-95.4093,America/Chicago,AFC South,Nissan Stadium,36.1664,-86.7716,America/Chicago,Baltimore Ravens,Jacksonville Jaguars,NRG Stadium,TIAA Bank Field,Playoffs?,Playoffs?,Playoffs?,Playoffs?,671,0,-671,671,0.0,0.0,America/Chicago,America/New_York,0.0,1.0,0.0,0.0,0.0,0,0.035,-4.36,0.035,-4.36,Houston Texans,4.3950000000000005,Houston Texans,4.3950000000000005,0.035,-4.36,Houston Texans,4.3950000000000005,0.0,0,No,No,No,No,No,1,No,0.0,0.0,-0.076,-7.368,0.8589550000000001,-5.956455,0.8589550000000001,-5.956455,0.8679049999999999,-1.640405,0.7189850000000001,-8.935485,Houston Texans,6.81541,Houston Texans,6.81541,0.8589550000000001,-5.956455,Houston Texans,6.81541,Tie,0.0,Houston Texans,7.292000000000001,-0.038,-3.684,Houston Texans,3.646,Houston Texans,2.50831,Houston Texans,9.65447,0.793445,-5.287945,Houston Texans,6.08139,Different,Same,Same,Same,Different,Same,False,Away Team,Away Team,43.5,-142.0,120.0,Houston Texans,Tennessee Titans,2.5,-2.5,117,-142,327,-436,2.50831,-2.50831,9.65447,-9.65447,0.6575,0.3846,0.5868,0.4608,0.8134,0.2342,0.4365,0.5635,0.5601,0.4399,0.7765,0.2235,0.6309,0.3691,0.1309,-0.1309,0.0,0.0,Houston Texans,Tennessee Titans,0,0,0,0,0,0,0,0,0,0,0,0,1,0.0,0.0,0.017,0.018,35.0,10.0,9,20,2025-01-05,HOU @ TEN,10.0,35.0,0.0,nfl_read_py Fallback,False,C.Stroud,C.Ward,11.69,12.0,13.78,189.85,Med-High,3.0,21.0,46.2,46.0,13.038350153103842,30.0,63.0,0.1918,0.807,0.0594,0.0638,0.2572,0.7428,0.5664,0.4336,0.3061,0.6936,227,-226,0.3846153846153846,0.6575342465753424,11.845,-11.845,46.1,8.002593333333332,-8.002593333333332,Houston Texans,6.15447,Tennessee Titans,0.9916900000000002,Houston Texans,8.344999999999999,Houston Texans,4.502593333333332,Houston Texans,0.1189657534246575,Tennessee Titans,0.0552846153846153,Houston Texans,0.1494657534246576,Houston Texans,0.0360657534246575,Over,2.6000000000000014,192.0,100.0,1091.1,568.28,110.0,100.0,1149.7,1045.18,110.0,100.0,223.6,203.27,Houston Texans,,,,,,,,,,,,,,,20,18.0,1.0,0.0,0.0133680082934283,0.0,0.088814373499879,0.0,0.1518097757818305,0.0,0.0133680082934283,0.0,0.0049341318611043,0.0084338764323239,0.0,0.0,0.0084338764323239,0.0,0.2406241492817095,17.0,1.0,0.6309,0.3691,0.6832,0.3167,0.8152,0.1846,Houston Texans,Houston Texans,Houston Texans,Houston Texans,Houston Texans,Same,Same,Same,False,False,0.5356719000617968,0.0,0.9489006681290216,0.0,0.3902782793077242,0.0,0.325313022176627,0.0,0.5289285937717794,0.0,14.0,23.0,0.0,1.0,0.0,0.7575,Win,100.0,Loss,-110.0,Win,100.0,Win,1045.18,Win,100.0,Win,132.0,Loss,-110.0,Win,230.4,Win,1309.32,Win,132.0,Loss,-110.0,Loss,-223.6,Final,20,2024
2024_18_SF_ARI,2024,20,2025-01-05,16:25,San Francisco 49ers,Arizona Cardinals,Home,Joshua Dobbs,Kyler Murray,00-0033949,00-0035228,6,8,-2,2,-22,-1,State Farm Stadium,33.5277,-112.262608,America/Denver,False,False,18,-22,-1,NFC West,Levi's Stadium,37.4031,-121.9702,America/Los_Angeles,NFC West,State Farm Stadium,33.5277,-112.262608,America/Denver,Detroit Lions,Los Angeles Rams,Levi's Stadium,SoFi Stadium,Playoffs?,Playoffs?,Playoffs?,Playoffs?,608,0,-608,608,-1.0,0.0,America/Los_Angeles,America/Los_Angeles,-1.0,-1.0,-1.0,0.0,-1.0,0,3.325,0.075,3.325,0.075,San Francisco 49ers,3.25,San Francisco 49ers,3.25,3.325,0.075,San Francisco 49ers,3.25,0.0,0,No,No,No,No,Yes,1,No,0.0,0.0,3.151,-1.695,3.56598,-0.6989799999999999,3.56598,-0.6989799999999999,0.27348,-0.80648,3.37602,-2.45302,San Francisco 49ers,4.26496,San Francisco 49ers,4.26496,3.56598,-0.6989799999999999,San Francisco 49ers,4.26496,Tie,0.0,San Francisco 49ers,4.846,1.5755,-0.8475,San Francisco 49ers,2.423,San Francisco 49ers,1.07996,San Francisco 49ers,5.829039999999999,1.82475,-1.62975,San Francisco 49ers,3.4545,Different,Same,Same,Same,Different,Same,False,Away Team,Away Team,42.5,-192.0,160.0,Arizona Cardinals,San Francisco 49ers,4.5,-4.5,101,-122,208,-261,1.07996,-1.07996,5.829039999999999,-5.829039999999999,0.3846,0.6575,0.5495,0.4975,0.723,0.3247,0.3691,0.6309,0.5248,0.4752,0.6901,0.3099,0.3691,0.6309,-0.1309,0.1309,0.0,0.0,Arizona Cardinals,San Francisco 49ers,0,0,0,0,0,0,0,0,0,0,0,0,1,0.0,0.0,0.008,0.037,,,10,20,2025-01-05,SF @ ARI,0.0,70.0,0.0,Dome,True,B.Purdy,K.Murray,7.71,8.0,13.67,186.96,Med-High,-3.0,17.0,57.18,57.0,13.640975713037566,40.0,75.0,0.2794,0.7204,0.077,0.0706,0.2084,0.7916,0.8608,0.1392,0.4239,0.5761,136,-136,0.6575342465753424,0.3846153846153846,7.855,-7.855,57.09,4.921333333333333,-4.921333333333333,San Francisco 49ers,10.32904,San Francisco 49ers,5.57996,San Francisco 49ers,12.355,San Francisco 49ers,9.421333333333331,San Francisco 49ers,0.3054846153846154,San Francisco 49ers,0.1401846153846154,San Francisco 49ers,0.3357846153846154,San Francisco 49ers,0.1914846153846153,Over,14.590000000000003,100.0,160.0,1364.13,2182.6,110.0,100.0,1405.9,1278.09,110.0,100.0,1769.2,1608.36,San Francisco 49ers,,,,,,,,,,,,,,,20,18.0,0.7222222222222222,0.2777777777777778,0.0575252526888017,0.0025778636699396,0.6532682745845699,0.0171268106503449,0.3821862738138608,0.0292747354085684,0.0575252526888017,0.0025778636699396,0.036292681921365,0.0212325707674367,0.0009514894805747,0.0016263741893649,0.0228589449568016,0.0464015460589133,1.0354545483984308,17.0,1.0,0.3691,0.6309,0.6244,0.3755,0.753,0.2466,Arizona Cardinals,San Francisco 49ers,San Francisco 49ers,San Francisco 49ers,San Francisco 49ers,Same,Same,Same,False,False,0.9156201618775064,0.5356719000617968,1.0250456865080952,1.1320369871200513,0.5411509564092337,1.2050605841174966,0.4738918581655349,1.2218743544110644,0.7324822963079297,0.995477827088932,47.0,24.0,1.0,0.0,0.4962,0.8482,Loss,-110.0,Loss,-110.0,Loss,-110.0,Loss,-1405.9,Loss,-110.0,Loss,-110.0,Loss,-110.0,Loss,-100.0,Loss,-1364.13,Loss,-110.0,Win,100.0,Win,1608.36,Final,20,2024
2024_18_KC_DEN,2024,20,2025-01-05,16:25,Kansas City Chiefs,Denver Broncos,Home,Carson Wentz,Bo Nix,00-0032950,00-0039732,11,8,3,-3,4,-10,Empower Field at Mile High,39.7648,-105.0076,America/Denver,False,True,18,4,-10,AFC West,GEHA Field at Arrowhead Stadium,39.0489,-94.4839,America/Chicago,AFC West,Empower Field at Mile High,39.7648,-105.0076,America/Denver,Pittsburgh Steelers,Cincinnati Bengals,Acrisure Stadium,Paycor Stadium,Playoffs?,Playoffs?,Playoffs?,Playoffs?,563,0,-563,563,1.0,0.0,America/New_York,America/New_York,2.0,2.0,1.0,0.0,1.0,0,4.395,2.05,4.395,2.05,Kansas City Chiefs,2.345,Kansas City Chiefs,2.345,4.395,2.05,Kansas City Chiefs,2.345,0.0,0,No,No,No,No,No,1,No,0.0,0.0,4.198,1.438,7.020109999999999,0.8078899999999998,7.020109999999999,0.8078899999999998,2.64856,-1.2655599999999998,6.81896,0.20004,Kansas City Chiefs,6.212219999999999,Kansas City Chiefs,6.212219999999999,7.020109999999999,0.8078899999999998,Kansas City Chiefs,6.212219999999999,Tie,0.0,Kansas City Chiefs,2.7600000000000007,2.099,0.719,Kansas City Chiefs,1.3800000000000003,Kansas City Chiefs,3.91412,Kansas City Chiefs,6.618919999999999,4.73376,-0.5327599999999999,Kansas City Chiefs,5.26652,Different,Same,Same,Same,Different,Same,False,Away Team,Away Team,40.5,-485.0,370.0,Denver Broncos,Kansas City Chiefs,10.5,-10.5,171,-211,224,-282,3.91412,-3.91412,6.618919999999999,-6.618919999999999,0.2128,0.8291,0.6785,0.369,0.7382,0.3086,0.2042,0.7958,0.6477,0.3523,0.7052,0.2948,0.2042,0.7958,-0.2958,0.2958,0.0,0.0,Denver Broncos,Kansas City Chiefs,0,0,0,0,0,0,0,0,0,0,0,0,1,0.0,0.0,0.002,0.111,28.0,5.0,11,20,2025-01-05,KC @ DEN,5.0,28.0,0.0,nfl_read_py Fallback,False,P.Mahomes,B.Nix,2.73,3.0,13.21,174.6,Medium,-7.0,12.0,45.49,45.0,13.131943525166015,29.0,63.0,0.4138,0.5848,0.0906,0.082,0.1544,0.8456,0.6298,0.3702,0.4642,0.5355,115,-115,0.8290598290598291,0.2127659574468085,2.865,-2.865,45.245000000000005,4.466013333333334,-4.466013333333334,Kansas City Chiefs,17.11892,Kansas City Chiefs,14.41412,Kansas City Chiefs,13.365,Kansas City Chiefs,14.966013333333333,Kansas City Chiefs,0.4924340425531915,Kansas City Chiefs,0.4349340425531915,Kansas City Chiefs,0.3720340425531915,Kansas City Chiefs,0.3227340425531915,Over,4.7450000000000045,100.0,370.0,1181.46,4371.4,110.0,100.0,1689.4,1535.82,110.0,100.0,556.45,505.86,Kansas City Chiefs,,,,,,,,,,,,,,,20,18.0,0.0,0.0,0.0,0.0,0.0,0.0,0.0,0.0,0.0,0.0,0.0,0.0,0.0,0.0,0.0,0.0,0.0,17.0,1.0,0.2042,0.7958,0.5871,0.4125,0.6382,0.3602,Denver Broncos,Kansas City Chiefs,Kansas City Chiefs,Kansas City Chiefs,Kansas City Chiefs,Same,Same,Same,False,False,0.0,0.0,0.0,0.0,0.0,0.0,0.0,0.0,0.0,0.0,38.0,0.0,1.0,0.0,0.0,0.0,Loss,-110.0,Loss,-110.0,Loss,-110.0,Loss,-1689.4,Loss,-110.0,Loss,-110.0,Loss,-110.0,Loss,-100.0,Loss,-1181.46,Loss,-110.0,Loss,-110.0,Loss,-556.45,Final,20,2024
2024_18_SEA_LA,2024,20,2025-01-05,16:25,Seattle Seahawks,Los Angeles Rams,Home,Geno Smith,Jimmy Garoppolo,00-0030565,00-0031345,10,8,2,-2,-14,0,SoFi Stadium,33.9535,-118.3395,America/Los_Angeles,False,True,18,-14,0,NFC West,Lumen Field,47.5952,-122.3316,America/Los_Angeles,NFC West,SoFi Stadium,33.9535,-118.3395,America/Los_Angeles,Chicago Bears,Arizona Cardinals,Soldier Field,SoFi Stadium,Playoffs?,Playoffs?,Playoffs?,Playoffs?,964,0,-964,964,0.0,0.0,America/Chicago,America/Los_Angeles,2.0,0.0,0.0,0.0,0.0,0,-0.13,1.29,-0.13,1.29,Los Angeles Rams,1.42,Los Angeles Rams,1.42,-0.13,1.29,Los Angeles Rams,1.42,0.0,0,No,No,No,No,No,1,No,0.0,0.0,-1.269,0.647,-0.69664,0.4166400000000002,-0.69664,0.4166400000000002,-0.58084,-0.85916,-1.83068,-0.2313199999999999,Los Angeles Rams,1.1132800000000005,Los Angeles Rams,1.1132800000000005,-0.69664,0.4166400000000002,Los Angeles Rams,1.1132800000000005,Tie,0.0,Los Angeles Rams,1.916,-0.6345,0.3235,Los Angeles Rams,0.958,Seattle Seahawks,0.27832,Los Angeles Rams,1.59936,-1.2057600000000002,-0.54524,Los Angeles Rams,0.6605200000000002,Different,Same,Different,Same,Different,Same,False,Away Team,Home Team,38.5,285.0,-360.0,Seattle Seahawks,Los Angeles Rams,-7.5,7.5,-104,-116,-128,105,0.27832,-0.27832,-1.59936,1.59936,0.7826,0.2597,0.537,0.5098,0.4878,0.5614,0.7508,0.2492,0.513,0.487,0.4649,0.5351,0.7508,0.2492,0.2508,-0.2508,0.0,0.0,Seattle Seahawks,Los Angeles Rams,0,0,0,0,0,0,0,0,0,0,0,0,1,0.0,0.0,0.036,0.008,,,12,20,2025-01-05,SEA @ LA,0.0,70.0,0.0,Dome,True,S.Darnold,M.Stafford,-4.64,-5.0,13.17,173.33,Medium,-14.0,5.0,47.78,47.0,13.3465579038783,31.0,65.0,0.6428,0.3562,0.093,0.079,0.8206,0.1794,0.7564,0.2436,0.4785,0.5212,109,-109,0.2597402597402597,0.782608695652174,-4.82,4.82,47.39,-2.0470133333333336,2.0470133333333336,Los Angeles Rams,9.09936,Los Angeles Rams,7.22168,Los Angeles Rams,12.32,Los Angeles Rams,9.547013333333334,Los Angeles Rams,0.2753597402597403,Los Angeles Rams,0.2272597402597402,Los Angeles Rams,0.3830597402597403,Los Angeles Rams,0.2187597402597402,Over,8.89,100.0,285.0,1293.67,3686.95,110.0,100.0,1558.15,1416.5,110.0,100.0,1221.1,1110.09,Los Angeles Rams,,,,,,,,,,,,,,,20,18.0,0.1666666666666666,0.0555555555555555,0.0001287037347083,0.0512512354095568,0.0005773134724079,0.6926296958189144,0.0017393537523431,0.2298925415531079,0.0001287037347083,0.0512512354095568,3.207297068933174e-05,9.663076401906207e-05,0.0384794275454952,0.0127718078640615,0.0128684386280806,0.9225222373720224,0.002316667224751,17.0,1.0,0.7508,0.2492,0.4856,0.5142,0.3054,0.6938,Seattle Seahawks,Los Angeles Rams,Los Angeles Rams,Los Angeles Rams,Seattle Seahawks,Same,Same,Different,False,False,0.3616619818352743,1.0896300801040288,1.0504992620569074,1.1065834115712392,0.9343977953358532,0.8118137451908768,1.0902565727587898,0.6041527554708789,0.8268289190453982,0.9006128163144443,25.0,30.0,0.0,1.0,1.0093,0.335,Loss,-110.0,Loss,-110.0,Loss,-110.0,Loss,-1558.15,Loss,-110.0,Loss,-110.0,Loss,-110.0,Loss,-100.0,Loss,-1293.67,Loss,-110.0,Win,100.0,Win,1110.09,Final,20,2024
2024_18_LAC_LV,2024,20,2025-01-05,16:25,Los Angeles Chargers,Las Vegas Raiders,Home,Justin Herbert,Aidan O'Connell,00-0036355,00-0038579,8,7,1,-1,-6,-1,Allegiant Stadium,36.108,-115.1578,America/Los_Angeles,False,True,18,-6,-1,AFC West,SoFi Stadium,33.9535,-118.3395,America/Los_Angeles,AFC West,Allegiant Stadium,36.108,-115.1578,America/Los_Angeles,New England Patriots,New Orleans Saints,Gillette Stadium,Caesars Superdome,Playoffs?,Playoffs?,Playoffs?,Playoffs?,233,0,-233,233,0.0,0.0,America/New_York,America/Chicago,3.0,2.0,0.0,0.0,0.0,0,0.935,-2.35,0.935,-2.35,Los Angeles Chargers,3.285,Los Angeles Chargers,3.285,0.935,-2.35,Los Angeles Chargers,3.285,0.0,0,No,No,No,No,No,1,No,0.0,0.0,0.53,-3.196,0.6878399999999999,-2.41484,0.6878399999999999,-2.41484,-0.21431,-0.09769,0.2784299999999999,-3.25643,Los Angeles Chargers,3.10268,Los Angeles Chargers,3.10268,0.6878399999999999,-2.41484,Los Angeles Chargers,3.10268,Tie,0.0,Los Angeles Chargers,3.726,0.265,-1.598,Los Angeles Chargers,1.863,Las Vegas Raiders,0.11662,Los Angeles Chargers,3.53486,0.0320599999999999,-1.67706,Los Angeles Chargers,1.70912,Different,Same,Different,Same,Different,Same,False,Home Team,Away Team,42.5,275.0,-345.0,Los Angeles Chargers,Las Vegas Raiders,-7.0,7.0,-110,-110,156,-191,-0.11662,0.11662,3.53486,-3.53486,0.7753,0.2667,0.5238,0.5238,0.6564,0.3906,0.7441,0.2559,0.5,0.5,0.6269,0.3731,0.7441,0.2559,0.2441,-0.2441,0.0,0.0,Los Angeles Chargers,Las Vegas Raiders,0,0,0,0,0,0,0,0,0,0,0,0,1,0.0,0.0,0.052,0.002,,,13,20,2025-01-05,LAC @ LV,0.0,70.0,0.0,Dome,True,J.Herbert,G.Smith,3.16,3.0,12.26,150.21,Low,-6.0,12.0,46.24,46.0,12.521857882317825,30.90000000000004,63.0,0.3966,0.6028,0.0968,0.0836,0.5898,0.366,0.6008,0.3992,0.3814,0.6184,162,-162,0.2666666666666666,0.7752808988764045,3.08,-3.08,46.120000000000005,2.16608,-2.16608,Las Vegas Raiders,3.46514,Las Vegas Raiders,7.11662,Las Vegas Raiders,3.92,Las Vegas Raiders,4.83392,Las Vegas Raiders,0.1064333333333333,Las Vegas Raiders,0.2333333333333333,Las Vegas Raiders,0.1299333333333333,Las Vegas Raiders,0.1147333333333333,Over,3.620000000000005,100.0,275.0,442.95,1218.13,110.0,100.0,346.45,314.95,110.0,100.0,404.2,367.45,Las Vegas Raiders,,,,,,,,,,,,,,,20,18.0,1.0,0.0555555555555555,0.0001287037347083,0.0555555555555555,0.0005928351428138,0.7440999999999999,0.0017238320819372,0.2559,0.0001287037347083,0.0555555555555555,3.293528571187798e-05,9.576844899651584e-05,0.0413388888888888,0.0142166666666666,0.0143124351156631,1.0,0.002316667224751,17.0,1.0,0.7441,0.2559,0.5937,0.4062,0.6436,0.3558,Los Angeles Chargers,Los Angeles Chargers,Los Angeles Chargers,Los Angeles Chargers,Los Angeles Chargers,Same,Same,Same,False,False,0.3713856386502677,1.0799064232890356,1.0785413368140733,1.0785413368140733,0.651511525770523,1.0947000147562072,0.6726754149908775,1.0224123554122564,0.659043991063563,1.0685705403086192,20.0,34.0,0.0,1.0,1.0003,0.344,Loss,-110.0,Loss,-110.0,Loss,-110.0,Loss,-346.45,Loss,-110.0,Loss,-110.0,Loss,-110.0,Loss,-100.0,Loss,-442.95,Loss,-110.0,Win,100.0,Win,367.45,Final,20,2024
2024_18_MIA_NYJ,2024,20,2025-01-05,16:25,Miami Dolphins,New York Jets,Home,Tua Tagovailoa,Aaron Rodgers,00-0036212,00-0023459,7,7,0,0,-5,5,MetLife Stadium,40.8136,-74.0744,America/New_York,False,True,18,-5,5,AFC East,Hard Rock Stadium,25.9602,-80.2384,America/New_York,AFC East,MetLife Stadium,40.8136,-74.0744,America/New_York,Cleveland Browns,Buffalo Bills,FirstEnergy Stadium,Highmark Stadium,Playoffs?,Playoffs?,Playoffs?,Playoffs?,1085,0,-1085,1085,0.0,0.0,America/New_York,America/New_York,0.0,0.0,0.0,0.0,0.0,0,0.66,-3.725,0.66,-3.725,Miami Dolphins,4.385,Miami Dolphins,4.385,0.66,-3.725,Miami Dolphins,4.385,0.0,0,No,No,No,No,No,1,No,0.0,0.0,-1.239,-2.949,-0.762885,-2.5646150000000003,-0.762885,-2.5646150000000003,-1.379035,1.1165349999999998,-2.6351350000000004,-1.815365,Miami Dolphins,1.8017300000000005,Miami Dolphins,1.8017300000000005,-0.762885,-2.5646150000000003,Miami Dolphins,1.8017300000000005,Tie,0.0,Miami Dolphins,1.7099999999999995,-0.6195,-1.4745,Miami Dolphins,0.8549999999999999,New York Jets,2.49557,New York Jets,0.8197700000000006,-2.007085,-0.349415,New York Jets,1.65767,Different,Different,Different,Different,Different,Different,False,Home Team,Home Team,39.5,-122.0,102.0,New York Jets,Miami Dolphins,1.5,-1.5,-142,117,-122,101,-2.49557,2.49557,-0.8197700000000006,0.8197700000000006,0.495,0.5495,0.4608,0.5868,0.4975,0.5495,0.4739,0.5261,0.4399,0.5601,0.4752,0.5248,0.4739,0.5261,-0.0261,0.0261,0.0,0.0,New York Jets,Miami Dolphins,0,0,0,0,0,0,0,0,0,0,0,0,1,0.0,0.0,0.0139999999999999,0.009,34.0,10.0,14,20,2025-01-05,MIA @ NYJ,10.0,34.0,0.0,nfl_read_py Fallback,False,T.Tagovailoa,B.Cook,5.88,6.0,12.68,160.83,Med-Low,-4.0,14.25,41.07,40.0,12.467936422990356,26.0,57.0,0.317,0.6812,0.0928,0.0812,0.3012,0.6988,0.5292,0.4708,0.482,0.5176,107,-107,0.5495495495495496,0.495049504950495,5.94,-5.94,40.535,0.8748866666666664,-0.8748866666666664,Miami Dolphins,0.6802299999999994,New York Jets,0.9955699999999998,Miami Dolphins,7.439999999999999,Miami Dolphins,2.3748866666666664,No Bet,0.0,New York Jets,0.0105504504504504,Miami Dolphins,0.1861504950495049,Miami Dolphins,0.0225504950495049,Over,1.0349999999999966,100.0,102.0,921.63,940.06,110.0,100.0,918.7,835.18,110.0,100.0,28.3,25.73,Miami Dolphins,,,,,,,,,,,,,,,20,18.0,0.0555555555555555,0.0555555555555555,0.0038425975833456,0.0036568239080404,0.0363886305947662,0.0311934393003668,0.0327781259054547,0.0346293910443617,0.0038425975833456,0.0036568239080404,0.0020215905885981,0.0018210069947474,0.0017329688500203,0.00192385505802,0.0037448620527675,0.0658228303447285,0.0691667565002209,17.0,1.0,0.4739,0.5261,0.5432,0.4565,0.632,0.3668,New York Jets,Miami Dolphins,Miami Dolphins,Miami Dolphins,Miami Dolphins,Same,Same,Same,False,False,0.7635247537862675,0.6877673081530358,1.2081820054991248,0.9489006681290216,0.916411816468428,0.8297997240583022,0.5376654224712762,1.1553870214114617,0.8328767794772873,0.8943921598702155,32.0,20.0,1.0,0.0,0.6371,0.7073,Loss,-110.0,Win,100.0,Loss,-110.0,Loss,-918.7,Loss,-110.0,No Bet,0.0,Win,90.16,Loss,-100.0,Loss,-921.63,Loss,-110.0,Win,100.0,Win,25.73,Final,20,2024
2024_18_MIN_DET,2024,20,2025-01-05,20:20,Minnesota Vikings,Detroit Lions,Home,Sam Darnold,Jared Goff,00-0034869,00-0033106,7,6,1,-1,12,-1,Ford Field,42.3395,-83.045,America/Detroit,False,False,18,12,-1,NFC North,U.S. Bank Stadium,44.9738,-93.2575,America/Chicago,NFC North,Ford Field,42.3395,-83.045,America/Detroit,Green Bay Packers,San Francisco 49ers,U.S. Bank Stadium,Levi's Stadium,Playoffs?,Playoffs?,Playoffs?,Playoffs?,541,0,-541,541,-1.0,0.0,America/Chicago,America/Los_Angeles,-1.0,-3.0,-1.0,0.0,-1.0,0,0.27,4.305,0.27,4.305,Detroit Lions,4.035,Detroit Lions,4.035,0.27,4.305,Detroit Lions,4.035,0.0,0,No,No,No,No,No,1,Yes,0.0,0.0,3.594,7.207,2.29041,3.3105899999999995,2.29041,3.3105899999999995,1.98006,-0.95406,5.61019,6.21681,Detroit Lions,1.0201799999999994,Detroit Lions,1.0201799999999994,2.29041,3.3105899999999995,Detroit Lions,1.0201799999999994,Tie,0.0,Detroit Lions,3.613,1.797,3.6035,Detroit Lions,1.8065,Minnesota Vikings,2.93412,Detroit Lions,0.6066199999999995,3.795125,2.631375,Minnesota Vikings,1.1637500000000005,Different,Same,Different,Same,Different,Same,False,Away Team,Home Team,56.5,-148.0,124.0,Detroit Lions,Minnesota Vikings,3.0,-3.0,135,-164,-116,-104,2.93412,-2.93412,-0.6066199999999995,0.6066199999999995,0.4464,0.5968,0.6212,0.4255,0.5098,0.537,0.4279,0.5721,0.5935,0.4065,0.487,0.513,0.4279,0.5721,-0.0721,0.0721,0.0,0.0,Detroit Lions,Minnesota Vikings,0,0,0,0,0,0,0,0,0,0,0,0,1,0.0,0.0,0.005,0.008,,,15,20,2025-01-05,MIN @ DET,0.0,70.0,0.0,Dome,True,J.McCarthy,J.Goff,-1.38,-3.0,14.41,207.51,High,-11.0,9.0,61.06,61.0,14.606810512314745,43.0,80.0,0.5374,0.4622,0.0868,0.0732,0.4602,0.4978,0.6158,0.3842,0.5072,0.4926,-103,103,0.5967741935483871,0.4464285714285714,-2.19,2.19,61.03,0.0458333333333333,-0.0458333333333333,Minnesota Vikings,2.3933800000000005,Minnesota Vikings,5.93412,Minnesota Vikings,0.81,Minnesota Vikings,3.0458333333333334,Minnesota Vikings,0.0405714285714285,Minnesota Vikings,0.1470714285714285,Minnesota Vikings,0.0157714285714285,Minnesota Vikings,0.0461714285714285,Over,4.530000000000001,100.0,124.0,71.23,88.32,110.0,100.0,0.0,0.0,110.0,100.0,482.95,439.05,Minnesota Vikings,,,,,,,,,,,,,,,20,18.0,0.0,0.0555555555555555,0.0,0.0029150301284949,0.0,0.0224521450556941,0.0,0.0300183972572156,0.0,0.0029150301284949,0.0,0.0,0.001247341391983,0.0016676887365119,0.0016676887365119,0.0524705423129097,0.0,17.0,1.0,0.4279,0.5721,0.4826,0.5171,0.5026,0.4964,Detroit Lions,Minnesota Vikings,Detroit Lions,Detroit Lions,Detroit Lions,Same,Different,Same,False,False,0.0,0.6210078733038279,0.0,1.2802285667983049,0.0,0.8504050202365175,0.0,0.7839399314391919,0.0,0.8511931567852941,31.0,9.0,1.0,0.0,0.5753,0.0,Loss,-110.0,Loss,-110.0,Loss,-110.0,Loss,-0.0,Loss,-110.0,Loss,-110.0,Loss,-110.0,Loss,-100.0,Loss,-71.23,Loss,-110.0,Loss,-110.0,Loss,-482.95,Final,20,2024
