Team,HFA (Points),Home Rating (Adj),Away Rating (Adj),Global Rating,HFA EPA,HFA SR
CAR,5.35,-0.806,-11.506,-5.952,5.088,0.072
CLE,4.956,-0.942,-10.854,-6.074,6.675,0.049
MIN,3.749,3.173,-4.326,-0.965,3.748,0.049
GB,2.698,8.796,3.399,5.754,3.603,0.027
WAS,2.681,4.456,-0.905,1.194,3.302,0.029
ATL,2.519,-0.498,-5.536,-2.763,2.961,0.029
CHI,2.505,1.946,-3.064,-0.791,3.333,0.025
KC,2.422,7.701,2.857,5.694,1.882,0.037
CIN,1.948,-2.349,-6.245,-4.289,0.243,0.042
ARI,1.861,1.866,-1.855,0.213,0.772,0.035
DEN,1.73,4.668,1.207,2.901,-0.095,0.04
SF,1.572,2.997,-0.146,1.199,0.758,0.028
MIA,1.392,-0.914,-3.699,-2.58,2.003,0.012
NO,1.385,-5.766,-8.536,-6.909,1.113,0.021
DAL,1.225,-0.515,-2.964,-1.909,1.285,0.015
PIT,1.129,0.782,-1.475,-0.276,1.375,0.012
JAX,1.088,-0.4,-2.577,-1.202,0.008,0.024
TEN,1.013,-6.784,-8.809,-7.982,0.424,0.019
NE,1.01,0.662,-1.358,-0.366,-0.0,0.023
IND,0.996,3.768,1.776,2.917,2.397,-0.0
DET,0.583,9.36,8.194,8.756,-0.013,0.013
LV,0.529,-4.165,-5.223,-4.744,-0.95,0.021
NYJ,0.311,-4.967,-5.59,-5.233,1.041,-0.003
NYG,0.221,-3.759,-4.2,-4.013,0.706,-0.002
PHI,0.209,4.323,3.906,4.136,0.645,-0.001
HOU,-0.098,3.807,4.002,3.914,1.799,-0.019
SEA,-0.193,4.389,4.775,4.564,-2.169,0.016
LAC,-0.536,1.36,2.432,1.828,-2.648,0.013
BUF,-0.649,1.702,3.001,2.3,-1.554,0.0
TB,-0.985,0.114,2.083,1.225,-0.681,-0.016
LA,-2.099,3.466,7.665,5.731,-3.024,-0.019
BAL,-3.577,0.706,7.859,3.318,-4.011,-0.043
