Team,Origin_TZ,General Away Rating,EST Diff,CST Diff,MST Diff,PST Diff
BUF,EST,8.69,-1.46,-1.23,-0.48,8.51
KC,CST,7.54,-0.84,-9.58,5.62,1.34
TB,EST,6.49,-0.91,0.9,5.99,0.24
DAL,CST,5.45,-0.47,-2.73,-10.48,4.0
LA,PST,4.86,2.77,-3.88,6.25,-5.27
BAL,EST,4.66,-0.51,0.81,7.9,-1.38
SF,PST,3.88,4.25,-1.61,-1.96,-2.8
ARI,MST,3.8,-1.28,4.91,,-1.07
NO,CST,3.26,-0.22,-2.16,14.89,0.59
NE,EST,2.3,-0.32,-0.72,5.95,3.22
CIN,EST,1.52,-1.51,1.65,1.66,5.42
PHI,EST,1.48,1.26,-10.91,5.6,-6.9
LAC,PST,1.28,0.21,1.68,-6.33,-2.14
TEN,CST,1.26,0.14,-5.44,-4.91,7.9
SEA,PST,0.16,1.71,-3.85,4.49,-0.1
GB,CST,0.05,1.3,-1.71,1.72,1.52
IND,EST,-0.31,-4.09,4.37,-0.01,6.14
LV,PST,-0.82,1.69,-0.61,4.47,-4.32
CLE,EST,-1.52,-2.19,6.32,-5.45,2.29
CAR,EST,-1.67,-3.51,2.14,20.72,-2.1
ATL,EST,-2.8,0.5,-0.86,5.49,-0.33
DEN,MST,-2.98,2.26,6.91,,-4.66
MIN,CST,-3.3,0.19,-2.59,0.14,5.42
PIT,EST,-3.36,1.32,-2.5,5.42,-5.36
MIA,EST,-3.48,-0.73,1.48,0.1,3.79
WAS,EST,-3.95,0.27,-0.84,-4.84,5.5
NYG,EST,-4.33,-3.98,3.78,2.78,-3.98
JAX,EST,-5.23,-1.17,-4.09,5.76,5.97
HOU,CST,-5.31,0.43,1.97,-3.79,-1.82
CHI,CST,-5.69,0.71,-2.82,7.28,4.88
NYJ,EST,-6.1,0.11,5.99,-15.41,2.33
DET,EST,-7.48,0.2,1.02,-4.56,-0.32
