EV,Win %,Pick %,Team,Opponent,Future Value (Stars),Year,Week,Public Pick %,Team Division,Opponent Division,Divisional Matchup?,Away Team,Availability,Calculated Current Week Alive Entries,Calculated Current Week Picks,Winning Team,Calendar Date,Week_Mean_WinPct,Week_Max_WinPct,Week_Min_WinPct,Week_Std_WinPct,Week_Mean_FV,Week_Max_FV,Week_Min_FV,Week_Std_FV,Team_WinPct_RelativeToWeekMean,Team_FV_RelativeToWeekMean,Team_WinPct_RelativeToTopTeam,Team_FV_RelativeToTopTeam,Win % Rank,Star Rating Rank,Num_Teams_This_Week,Rank_Density,FV_Rank_Density,Is_Top_In_Week,WinPct_Diff_From_Top,Future_Weeks_Top_Team,Future_Weeks_Over_80,Future_Weeks_70_80,Future_Weeks_60_70,christmas_week,thanksgiving_week,Thanksgiving Favorite,Thanksgiving Underdog,Christmas Favorite,Christmas Underdog,Pre Thanksgiving,Pre Christmas,Calculated Prior Week Picks by Alive Entries,Entry Remaining Percent,Thursday Night Game,Thursday_Home,Thursday_Away,Thursday_Favorite,Thursday_Underdog,Week_Mean_80,Week_Max_80,Week_Min_80,Week_Std_80,Team_80_RelativeToWeekMean,Team_80_RelativeToTopTeam,80_Rank,80_Rank_Density,Week_Mean_70_80,Week_Max_70_80,Week_Min_70_80,Week_Std_70_80,Team_70_80_RelativeToWeekMean,Team_70_80_RelativeToTopTeam,70_80_Rank,70_80_Rank_Density,Week_Mean_60_70,Week_Max_60_70,Week_Min_60_70,Week_Std_60_70,Team_60_70_RelativeToWeekMean,Team_60_70_RelativeToTopTeam,60_70_Rank,60_70_Rank_Density,Week_Mean_Top_Team,Week_Max_Top_Team,Week_Min_Top_Team,Week_Std_Top_Team,Team_Top_Team_RelativeToWeekMean,Team_Top_Team_RelativeToTopTeam,Top_Team_Rank,Top_Team_Rank_Density,Week_Mean_Availability,Week_Max_Availability,Week_Min_Availability,Week_Std_Availability,Team_Availability_RelativeToWeekMean,Team_Availability_RelativeToTopTeam,Availability_Rank,Availability_Rank_Density,christmas_win_pct,thanksgiving_win_pct,Holiday Strength
1.03505831799752,0.7979999999999999,0.22491588560442202,LAC,ARI,2.0,2026,1,0.268,AFC West,NFC West,0,0,1.0,25017,7487,0,2026-09-13,0.5,0.7979999999999999,0.2019999999999999,0.162462104762529,1.84375,5.0,0.0,1.515710735021054,0.2979999999999999,0.15625,1.0,0.4,1.0,13.0,32,0.03125,0.40625,1,0.0,0.0,0.0,0.0526315789473684,0.0,0,0,0,0,0,0,0.0,0.0,0.0,1.0,0,0,0,0,0,0.0032894736842105,0.0526315789473684,0.0,0.0129439309694201,-0.0032894736842105,0.0,3.0,0.09375,0.0164473684210526,0.0526315789473684,0.0,0.0247857407820992,0.0361842105263157,1.0,1.0,0.03125,0.0180921052631578,0.1052631578947368,0.0,0.0287013001847269,-0.0180921052631578,0.0,11.0,0.34375,0.0032894736842105,0.0526315789473684,0.0,0.0129439309694201,-0.0032894736842105,0.0,3.0,0.09375,1.0,1.0,1.0,0.0,0.0,1.0,1.0,0.03125,0.0,0.0,0.0
0.9995106375853212,0.785,0.27520427781783224,JAX,CLE,1.0,2026,1,0.228,AFC South,AFC North,0,0,1.0,25017,9161,1,2026-09-13,0.5,0.7979999999999999,0.2019999999999999,0.162462104762529,1.84375,5.0,0.0,1.515710735021054,0.285,-0.84375,0.9837092731829576,0.2,2.0,19.0,32,0.0625,0.59375,0,-0.0129999999999999,0.0,0.0,0.0,0.0,0,0,0,0,0,0,0.0,0.0,0.0,1.0,0,0,0,0,0,0.0032894736842105,0.0526315789473684,0.0,0.0129439309694201,-0.0032894736842105,0.0,3.0,0.09375,0.0164473684210526,0.0526315789473684,0.0,0.0247857407820992,-0.0164473684210526,0.0,11.0,0.34375,0.0180921052631578,0.1052631578947368,0.0,0.0287013001847269,-0.0180921052631578,0.0,11.0,0.34375,0.0032894736842105,0.0526315789473684,0.0,0.0129439309694201,-0.0032894736842105,0.0,3.0,0.09375,1.0,1.0,1.0,0.0,0.0,1.0,1.0,0.03125,0.0,0.0,0.0
1.0786710438136395,0.7390000000000001,0.06843306897380437,DET,NO,3.5,2026,1,0.126,NFC North,NFC South,0,0,1.0,25017,2278,0,2026-09-13,0.5,0.7979999999999999,0.2019999999999999,0.162462104762529,1.84375,5.0,0.0,1.515710735021054,0.2390000000000001,1.65625,0.9260651629072684,0.7,3.0,5.0,32,0.09375,0.15625,0,-0.0589999999999998,0.0,0.0,0.0526315789473684,0.0,0,0,1,0,0,0,0.0,0.0,0.0,1.0,0,0,0,0,0,0.0032894736842105,0.0526315789473684,0.0,0.0129439309694201,-0.0032894736842105,0.0,3.0,0.09375,0.0164473684210526,0.0526315789473684,0.0,0.0247857407820992,0.0361842105263157,1.0,1.0,0.03125,0.0180921052631578,0.1052631578947368,0.0,0.0287013001847269,-0.0180921052631578,0.0,11.0,0.34375,0.0032894736842105,0.0526315789473684,0.0,0.0129439309694201,-0.0032894736842105,0.0,3.0,0.09375,1.0,1.0,1.0,0.0,0.0,1.0,1.0,0.03125,0.0,0.0,0.0
0.9834963531393324,0.718,0.21746575342465754,PIT,ATL,1.0,2026,1,0.077,AFC North,NFC South,0,0,1.0,25017,7239,0,2026-09-13,0.5,0.7979999999999999,0.2019999999999999,0.162462104762529,1.84375,5.0,0.0,1.515710735021054,0.2179999999999999,-0.84375,0.899749373433584,0.2,4.0,19.0,32,0.125,0.59375,0,-0.0799999999999999,0.0,0.0,0.0,0.0,0,0,0,1,0,0,0.0,0.0,0.0,1.0,0,0,0,0,0,0.0032894736842105,0.0526315789473684,0.0,0.0129439309694201,-0.0032894736842105,0.0,3.0,0.09375,0.0164473684210526,0.0526315789473684,0.0,0.0247857407820992,-0.0164473684210526,0.0,11.0,0.34375,0.0180921052631578,0.1052631578947368,0.0,0.0287013001847269,-0.0180921052631578,0.0,11.0,0.34375,0.0032894736842105,0.0526315789473684,0.0,0.0129439309694201,-0.0032894736842105,0.0,3.0,0.09375,1.0,1.0,1.0,0.0,0.0,1.0,1.0,0.03125,0.0,0.0,0.0
1.0380894330898989,0.695,0.04533165104542177,PHI,WAS,2.5,2026,1,0.034,NFC East,NFC East,1,1,1.0,25017,1509,0,2026-09-13,0.5,0.7979999999999999,0.2019999999999999,0.162462104762529,1.84375,5.0,0.0,1.515710735021054,0.1949999999999999,0.65625,0.8709273182957393,0.5,5.0,10.0,32,0.15625,0.3125,0,-0.1029999999999999,0.0,0.0,0.0526315789473684,0.0526315789473684,0,0,0,1,1,0,0.0,0.0,0.0,1.0,0,0,0,0,0,0.0032894736842105,0.0526315789473684,0.0,0.0129439309694201,-0.0032894736842105,0.0,3.0,0.09375,0.0164473684210526,0.0526315789473684,0.0,0.0247857407820992,0.0361842105263157,1.0,1.0,0.03125,0.0180921052631578,0.1052631578947368,0.0,0.0287013001847269,0.0345394736842105,0.5,2.0,0.0625,0.0032894736842105,0.0526315789473684,0.0,0.0129439309694201,-0.0032894736842105,0.0,3.0,0.09375,1.0,1.0,1.0,0.0,0.0,1.0,1.0,0.03125,0.0,0.0,0.0
0.96547871122207,0.639,0.016702715693342945,CIN,TB,2.5,2026,1,0.012,AFC North,NFC South,0,1,1.0,25017,556,0,2026-09-13,0.5,0.7979999999999999,0.2019999999999999,0.162462104762529,1.84375,5.0,0.0,1.515710735021054,0.139,0.65625,0.8007518796992482,0.5,7.0,10.0,32,0.21875,0.3125,0,-0.1589999999999999,0.0,0.0,0.0,0.0526315789473684,0,0,0,0,0,0,0.0,0.0,0.0,1.0,0,0,0,0,0,0.0032894736842105,0.0526315789473684,0.0,0.0129439309694201,-0.0032894736842105,0.0,3.0,0.09375,0.0164473684210526,0.0526315789473684,0.0,0.0247857407820992,-0.0164473684210526,0.0,11.0,0.34375,0.0180921052631578,0.1052631578947368,0.0,0.0287013001847269,0.0345394736842105,0.5,2.0,0.0625,0.0032894736842105,0.0526315789473684,0.0,0.0129439309694201,-0.0032894736842105,0.0,3.0,0.09375,1.0,1.0,1.0,0.0,0.0,1.0,1.0,0.03125,0.0,0.0,0.0
0.978965525876072,0.6409999999999999,0.0,LAR,SF,5.0,2026,1,0.018,NFC West,NFC West,1,1,1.0,25017,0,0,2026-09-10,0.5,0.7979999999999999,0.2019999999999999,0.162462104762529,1.84375,5.0,0.0,1.515710735021054,0.1409999999999999,3.15625,0.8032581453634084,1.0,6.0,1.0,32,0.1875,0.03125,0,-0.157,0.0,0.0,0.0526315789473684,0.0,0,0,1,0,1,0,0.0,0.0,0.0,1.0,1,0,1,1,0,0.0032894736842105,0.0526315789473684,0.0,0.0129439309694201,-0.0032894736842105,0.0,3.0,0.09375,0.0164473684210526,0.0526315789473684,0.0,0.0247857407820992,0.0361842105263157,1.0,1.0,0.03125,0.0180921052631578,0.1052631578947368,0.0,0.0287013001847269,-0.0180921052631578,0.0,11.0,0.34375,0.0032894736842105,0.0526315789473684,0.0,0.0129439309694201,-0.0032894736842105,0.0,3.0,0.09375,1.0,1.0,1.0,0.0,0.0,1.0,1.0,0.03125,0.0,0.0,0.0
0.9307479206111294,0.612,0.0,SEA,NE,3.5,2026,1,0.02,NFC West,AFC East,0,1,1.0,25017,0,1,2026-09-09,0.5,0.7979999999999999,0.2019999999999999,0.162462104762529,1.84375,5.0,0.0,1.515710735021054,0.1119999999999999,1.65625,0.7669172932330828,0.7,8.0,5.0,32,0.25,0.15625,0,-0.1859999999999999,0.0,0.0,0.0526315789473684,0.0526315789473684,0,0,0,0,0,1,0.0,0.0,0.0,1.0,0,0,0,0,0,0.0032894736842105,0.0526315789473684,0.0,0.0129439309694201,-0.0032894736842105,0.0,3.0,0.09375,0.0164473684210526,0.0526315789473684,0.0,0.0247857407820992,0.0361842105263157,1.0,1.0,0.03125,0.0180921052631578,0.1052631578947368,0.0,0.0287013001847269,0.0345394736842105,0.5,2.0,0.0625,0.0032894736842105,0.0526315789473684,0.0,0.0129439309694201,-0.0032894736842105,0.0,3.0,0.09375,1.0,1.0,1.0,0.0,0.0,1.0,1.0,0.03125,0.0,0.0,0.0
0.9288698309968269,0.609,0.011205239125210285,DAL,NYG,2.0,2026,1,0.019,NFC East,NFC East,1,0,1.0,25017,373,0,2026-09-13,0.5,0.7979999999999999,0.2019999999999999,0.162462104762529,1.84375,5.0,0.0,1.515710735021054,0.1089999999999999,0.15625,0.7631578947368421,0.4,9.0,13.0,32,0.28125,0.40625,0,-0.1889999999999999,0.0,0.0,0.0,0.0526315789473684,0,0,1,0,0,0,0.0,0.0,0.0,1.0,0,0,0,0,0,0.0032894736842105,0.0526315789473684,0.0,0.0129439309694201,-0.0032894736842105,0.0,3.0,0.09375,0.0164473684210526,0.0526315789473684,0.0,0.0247857407820992,-0.0164473684210526,0.0,11.0,0.34375,0.0180921052631578,0.1052631578947368,0.0,0.0287013001847269,0.0345394736842105,0.5,2.0,0.0625,0.0032894736842105,0.0526315789473684,0.0,0.0129439309694201,-0.0032894736842105,0.0,3.0,0.09375,1.0,1.0,1.0,0.0,0.0,1.0,1.0,0.03125,0.0,0.0,0.0
0.903205316144674,0.593,0.005978130257149723,BAL,IND,4.0,2026,1,0.016,AFC North,AFC South,0,0,1.0,25017,199,0,2026-09-13,0.5,0.7979999999999999,0.2019999999999999,0.162462104762529,1.84375,5.0,0.0,1.515710735021054,0.0929999999999999,2.15625,0.7431077694235589,0.8,11.0,3.0,32,0.34375,0.09375,0,-0.2049999999999999,0.0,0.0,0.0526315789473684,0.0526315789473684,0,0,0,0,0,0,0.0,0.0,0.0,1.0,0,0,0,0,0,0.0032894736842105,0.0526315789473684,0.0,0.0129439309694201,-0.0032894736842105,0.0,3.0,0.09375,0.0164473684210526,0.0526315789473684,0.0,0.0247857407820992,0.0361842105263157,1.0,1.0,0.03125,0.0180921052631578,0.1052631578947368,0.0,0.0287013001847269,0.0345394736842105,0.5,2.0,0.0625,0.0032894736842105,0.0526315789473684,0.0,0.0129439309694201,-0.0032894736842105,0.0,3.0,0.09375,1.0,1.0,1.0,0.0,0.0,1.0,1.0,0.03125,0.0,0.0,0.0
0.902499438348924,0.593,0.009462869502523431,CHI,CAR,2.5,2026,1,0.031,NFC North,NFC South,0,0,1.0,25017,315,1,2026-09-13,0.5,0.7979999999999999,0.2019999999999999,0.162462104762529,1.84375,5.0,0.0,1.515710735021054,0.0929999999999999,0.65625,0.7431077694235589,0.5,11.0,10.0,32,0.34375,0.3125,0,-0.2049999999999999,0.0,0.0,0.0,0.0526315789473684,0,0,0,1,1,0,0.0,0.0,0.0,1.0,0,0,0,0,0,0.0032894736842105,0.0526315789473684,0.0,0.0129439309694201,-0.0032894736842105,0.0,3.0,0.09375,0.0164473684210526,0.0526315789473684,0.0,0.0247857407820992,-0.0164473684210526,0.0,11.0,0.34375,0.0180921052631578,0.1052631578947368,0.0,0.0287013001847269,0.0345394736842105,0.5,2.0,0.0625,0.0032894736842105,0.0526315789473684,0.0,0.0129439309694201,-0.0032894736842105,0.0,3.0,0.09375,1.0,1.0,1.0,0.0,0.0,1.0,1.0,0.03125,0.0,0.0,0.0
0.873114458556544,0.599,0.08483537611151165,LV,MIA,0.0,2026,1,0.049,AFC West,AFC East,0,1,1.0,25017,2824,0,2026-09-13,0.5,0.7979999999999999,0.2019999999999999,0.162462104762529,1.84375,5.0,0.0,1.515710735021054,0.0989999999999999,-1.84375,0.7506265664160401,0.0,10.0,27.0,32,0.3125,0.84375,0,-0.1989999999999999,0.0,0.0,0.0,0.0,0,0,0,0,0,0,0.0,0.0,0.0,1.0,0,0,0,0,0,0.0032894736842105,0.0526315789473684,0.0,0.0129439309694201,-0.0032894736842105,0.0,3.0,0.09375,0.0164473684210526,0.0526315789473684,0.0,0.0247857407820992,-0.0164473684210526,0.0,11.0,0.34375,0.0180921052631578,0.1052631578947368,0.0,0.0287013001847269,-0.0180921052631578,0.0,11.0,0.34375,0.0032894736842105,0.0526315789473684,0.0,0.0129439309694201,-0.0032894736842105,0.0,3.0,0.09375,1.0,1.0,1.0,0.0,0.0,1.0,1.0,0.03125,0.0,0.0,0.0
0.8568445972394056,0.562,0.006278538812785388,MIN,GB,1.5,2026,1,0.004,NFC North,NFC North,1,1,1.0,25017,209,0,2026-09-13,0.5,0.7979999999999999,0.2019999999999999,0.162462104762529,1.84375,5.0,0.0,1.515710735021054,0.062,-0.34375,0.7042606516290728,0.3,13.0,16.0,32,0.40625,0.5,0,-0.2359999999999998,0.0,0.0,0.0,0.0,0,0,0,0,0,0,0.0,0.0,0.0,1.0,0,0,0,0,0,0.0032894736842105,0.0526315789473684,0.0,0.0129439309694201,-0.0032894736842105,0.0,3.0,0.09375,0.0164473684210526,0.0526315789473684,0.0,0.0247857407820992,-0.0164473684210526,0.0,11.0,0.34375,0.0180921052631578,0.1052631578947368,0.0,0.0287013001847269,-0.0180921052631578,0.0,11.0,0.34375,0.0032894736842105,0.0526315789473684,0.0,0.0129439309694201,-0.0032894736842105,0.0,3.0,0.09375,1.0,1.0,1.0,0.0,0.0,1.0,1.0,0.03125,0.0,0.0,0.0
0.8206499457353748,0.537,0.0018324921893775534,KC,DEN,4.0,2026,1,0.009,AFC West,AFC West,1,0,1.0,25017,61,0,2026-09-14,0.5,0.7979999999999999,0.2019999999999999,0.162462104762529,1.84375,5.0,0.0,1.515710735021054,0.037,2.15625,0.6729323308270677,0.8,14.0,3.0,32,0.4375,0.09375,0,-0.2609999999999999,0.0526315789473684,0.0526315789473684,0.0526315789473684,0.0,0,0,0,1,0,0,0.0,0.0,0.0,1.0,0,0,0,0,0,0.0032894736842105,0.0526315789473684,0.0,0.0129439309694201,0.0493421052631578,1.0,1.0,0.03125,0.0164473684210526,0.0526315789473684,0.0,0.0247857407820992,0.0361842105263157,1.0,1.0,0.03125,0.0180921052631578,0.1052631578947368,0.0,0.0287013001847269,-0.0180921052631578,0.0,11.0,0.34375,0.0032894736842105,0.0526315789473684,0.0,0.0129439309694201,0.0493421052631578,1.0,1.0,0.03125,1.0,1.0,1.0,0.0,0.0,1.0,1.0,0.03125,0.0,0.0,0.0
0.7876820832234466,0.518,0.013788752703677,TEN,NYJ,0.0,2026,1,0.026,AFC South,AFC East,0,0,1.0,25017,459,1,2026-09-13,0.5,0.7979999999999999,0.2019999999999999,0.162462104762529,1.84375,5.0,0.0,1.515710735021054,0.018,-1.84375,0.649122807017544,0.0,15.0,27.0,32,0.46875,0.84375,0,-0.2799999999999999,0.0,0.0,0.0,0.0,0,0,0,0,0,0,0.0,0.0,0.0,1.0,0,0,0,0,0,0.0032894736842105,0.0526315789473684,0.0,0.0129439309694201,-0.0032894736842105,0.0,3.0,0.09375,0.0164473684210526,0.0526315789473684,0.0,0.0247857407820992,-0.0164473684210526,0.0,11.0,0.34375,0.0180921052631578,0.1052631578947368,0.0,0.0287013001847269,-0.0180921052631578,0.0,11.0,0.34375,0.0032894736842105,0.0526315789473684,0.0,0.0129439309694201,-0.0032894736842105,0.0,3.0,0.09375,1.0,1.0,1.0,0.0,0.0,1.0,1.0,0.03125,0.0,0.0,0.0
0.783286159178943,0.512,0.0004806536890170632,BUF,HOU,3.0,2026,1,0.011,AFC East,AFC South,0,1,1.0,25017,16,0,2026-09-13,0.5,0.7979999999999999,0.2019999999999999,0.162462104762529,1.84375,5.0,0.0,1.515710735021054,0.012,1.15625,0.6416040100250627,0.6,16.0,8.0,32,0.5,0.25,0,-0.2859999999999999,0.0,0.0,0.0526315789473684,0.0526315789473684,0,0,1,0,1,0,0.0,0.0,0.0,1.0,0,0,0,0,0,0.0032894736842105,0.0526315789473684,0.0,0.0129439309694201,-0.0032894736842105,0.0,3.0,0.09375,0.0164473684210526,0.0526315789473684,0.0,0.0247857407820992,0.0361842105263157,1.0,1.0,0.03125,0.0180921052631578,0.1052631578947368,0.0,0.0287013001847269,0.0345394736842105,0.5,2.0,0.0625,0.0032894736842105,0.0526315789473684,0.0,0.0129439309694201,-0.0032894736842105,0.0,3.0,0.09375,1.0,1.0,1.0,0.0,0.0,1.0,1.0,0.03125,0.0,0.0,0.0
0.7460025537917874,0.488,0.0005707762557077625,HOU,BUF,1.5,2026,1,0.002,AFC South,AFC East,0,1,1.0,25017,19,1,2026-09-13,0.5,0.7979999999999999,0.2019999999999999,0.162462104762529,1.84375,5.0,0.0,1.515710735021054,-0.012,-0.34375,0.6115288220551379,0.3,17.0,16.0,32,0.53125,0.5,0,-0.3099999999999999,0.0,0.0,0.0,0.0,0,0,0,0,0,1,0.0,0.0,0.0,1.0,0,0,0,0,0,0.0032894736842105,0.0526315789473684,0.0,0.0129439309694201,-0.0032894736842105,0.0,3.0,0.09375,0.0164473684210526,0.0526315789473684,0.0,0.0247857407820992,-0.0164473684210526,0.0,11.0,0.34375,0.0180921052631578,0.1052631578947368,0.0,0.0287013001847269,-0.0180921052631578,0.0,11.0,0.34375,0.0032894736842105,0.0526315789473684,0.0,0.0129439309694201,-0.0032894736842105,0.0,3.0,0.09375,1.0,1.0,1.0,0.0,0.0,1.0,1.0,0.03125,0.0,0.0,0.0
0.7416066297472829,0.482,0.010364095169430425,NYJ,TEN,0.5,2026,1,0.009,AFC East,AFC South,0,1,1.0,25017,345,0,2026-09-13,0.5,0.7979999999999999,0.2019999999999999,0.162462104762529,1.84375,5.0,0.0,1.515710735021054,-0.0179999999999999,-1.34375,0.6040100250626568,0.1,18.0,24.0,32,0.5625,0.75,0,-0.3159999999999999,0.0,0.0,0.0,0.0,0,0,0,0,0,0,0.0,0.0,0.0,1.0,0,0,0,0,0,0.0032894736842105,0.0526315789473684,0.0,0.0129439309694201,-0.0032894736842105,0.0,3.0,0.09375,0.0164473684210526,0.0526315789473684,0.0,0.0247857407820992,-0.0164473684210526,0.0,11.0,0.34375,0.0180921052631578,0.1052631578947368,0.0,0.0287013001847269,-0.0180921052631578,0.0,11.0,0.34375,0.0032894736842105,0.0526315789473684,0.0,0.0129439309694201,-0.0032894736842105,0.0,3.0,0.09375,1.0,1.0,1.0,0.0,0.0,1.0,1.0,0.03125,0.0,0.0,0.0
0.7086387672353538,0.4629999999999999,0.0005106945445806296,DEN,KC,2.0,2026,1,0.011,AFC West,AFC West,1,1,1.0,25017,17,0,2026-09-14,0.5,0.7979999999999999,0.2019999999999999,0.162462104762529,1.84375,5.0,0.0,1.515710735021054,-0.037,0.15625,0.5802005012531328,0.4,19.0,13.0,32,0.59375,0.40625,0,-0.3349999999999999,0.0,0.0,0.0,0.0,0,0,1,0,0,1,0.0,0.0,0.0,1.0,0,0,0,0,0,0.0032894736842105,0.0526315789473684,0.0,0.0129439309694201,-0.0032894736842105,0.0,3.0,0.09375,0.0164473684210526,0.0526315789473684,0.0,0.0247857407820992,-0.0164473684210526,0.0,11.0,0.34375,0.0180921052631578,0.1052631578947368,0.0,0.0287013001847269,-0.0180921052631578,0.0,11.0,0.34375,0.0032894736842105,0.0526315789473684,0.0,0.0129439309694201,-0.0032894736842105,0.0,3.0,0.09375,1.0,1.0,1.0,0.0,0.0,1.0,1.0,0.03125,0.0,0.0,0.0
0.6724441157313259,0.4379999999999999,0.0010814708002883922,GB,MIN,3.0,2026,1,0.005,NFC North,NFC North,1,1,1.0,25017,36,0,2026-09-13,0.5,0.7979999999999999,0.2019999999999999,0.162462104762529,1.84375,5.0,0.0,1.515710735021054,-0.062,1.15625,0.5488721804511278,0.6,20.0,8.0,32,0.625,0.25,0,-0.36,0.0,0.0,0.0,0.1052631578947368,0,0,0,1,0,1,0.0,0.0,0.0,1.0,0,0,0,0,0,0.0032894736842105,0.0526315789473684,0.0,0.0129439309694201,-0.0032894736842105,0.0,3.0,0.09375,0.0164473684210526,0.0526315789473684,0.0,0.0247857407820992,-0.0164473684210526,0.0,11.0,0.34375,0.0180921052631578,0.1052631578947368,0.0,0.0287013001847269,0.0871710526315789,1.0,1.0,0.03125,0.0032894736842105,0.0526315789473684,0.0,0.0129439309694201,-0.0032894736842105,0.0,3.0,0.09375,1.0,1.0,1.0,0.0,0.0,1.0,1.0,0.03125,0.0,0.0,0.0
0.6561742544141907,0.401,0.0036649843787551067,MIA,LV,0.0,2026,1,0.004,AFC East,AFC West,0,1,1.0,25017,122,0,2026-09-13,0.5,0.7979999999999999,0.2019999999999999,0.162462104762529,1.84375,5.0,0.0,1.515710735021054,-0.0989999999999999,-1.84375,0.5025062656641605,0.0,23.0,27.0,32,0.71875,0.84375,0,-0.3969999999999999,0.0,0.0,0.0,0.0,0,0,0,0,0,0,0.0,0.0,0.0,1.0,0,0,0,0,0,0.0032894736842105,0.0526315789473684,0.0,0.0129439309694201,-0.0032894736842105,0.0,3.0,0.09375,0.0164473684210526,0.0526315789473684,0.0,0.0247857407820992,-0.0164473684210526,0.0,11.0,0.34375,0.0180921052631578,0.1052631578947368,0.0,0.0287013001847269,-0.0180921052631578,0.0,11.0,0.34375,0.0032894736842105,0.0526315789473684,0.0,0.0129439309694201,-0.0032894736842105,0.0,3.0,0.09375,1.0,1.0,1.0,0.0,0.0,1.0,1.0,0.03125,0.0,0.0,0.0
0.6267892746218107,0.407,0.000600817111271329,CAR,CHI,0.5,2026,1,0.002,NFC South,NFC North,0,1,1.0,25017,20,0,2026-09-13,0.5,0.7979999999999999,0.2019999999999999,0.162462104762529,1.84375,5.0,0.0,1.515710735021054,-0.0929999999999999,-1.34375,0.5100250626566417,0.1,21.0,24.0,32,0.65625,0.75,0,-0.3909999999999999,0.0,0.0,0.0,0.0,0,0,0,0,0,0,0.0,0.0,0.0,1.0,0,0,0,0,0,0.0032894736842105,0.0526315789473684,0.0,0.0129439309694201,-0.0032894736842105,0.0,3.0,0.09375,0.0164473684210526,0.0526315789473684,0.0,0.0247857407820992,-0.0164473684210526,0.0,11.0,0.34375,0.0180921052631578,0.1052631578947368,0.0,0.0287013001847269,-0.0180921052631578,0.0,11.0,0.34375,0.0032894736842105,0.0526315789473684,0.0,0.0129439309694201,-0.0032894736842105,0.0,3.0,0.09375,1.0,1.0,1.0,0.0,0.0,1.0,1.0,0.03125,0.0,0.0,0.0
0.6260833968260553,0.407,0.0001802451333813987,IND,BAL,1.0,2026,1,0.002,AFC South,AFC North,0,1,1.0,25017,6,0,2026-09-13,0.5,0.7979999999999999,0.2019999999999999,0.162462104762529,1.84375,5.0,0.0,1.515710735021054,-0.0929999999999999,-0.84375,0.5100250626566417,0.2,21.0,19.0,32,0.65625,0.59375,0,-0.3909999999999999,0.0,0.0,0.0,0.0,0,0,0,0,0,0,0.0,0.0,0.0,1.0,0,0,0,0,0,0.0032894736842105,0.0526315789473684,0.0,0.0129439309694201,-0.0032894736842105,0.0,3.0,0.09375,0.0164473684210526,0.0526315789473684,0.0,0.0247857407820992,-0.0164473684210526,0.0,11.0,0.34375,0.0180921052631578,0.1052631578947368,0.0,0.0287013001847269,-0.0180921052631578,0.0,11.0,0.34375,0.0032894736842105,0.0526315789473684,0.0,0.0129439309694201,-0.0032894736842105,0.0,3.0,0.09375,1.0,1.0,1.0,0.0,0.0,1.0,1.0,0.03125,0.0,0.0,0.0
0.6004188819739081,0.391,0.00033044941119923094,NYG,DAL,1.0,2026,1,0.003,NFC East,NFC East,1,1,1.0,25017,11,0,2026-09-13,0.5,0.7979999999999999,0.2019999999999999,0.162462104762529,1.84375,5.0,0.0,1.515710735021054,-0.1089999999999999,-0.84375,0.4899749373433584,0.2,24.0,19.0,32,0.75,0.59375,0,-0.4069999999999999,0.0,0.0,0.0,0.0,0,0,0,0,0,0,0.0,0.0,0.0,1.0,0,0,0,0,0,0.0032894736842105,0.0526315789473684,0.0,0.0129439309694201,-0.0032894736842105,0.0,3.0,0.09375,0.0164473684210526,0.0526315789473684,0.0,0.0247857407820992,-0.0164473684210526,0.0,11.0,0.34375,0.0180921052631578,0.1052631578947368,0.0,0.0287013001847269,-0.0180921052631578,0.0,11.0,0.34375,0.0032894736842105,0.0526315789473684,0.0,0.0129439309694201,-0.0032894736842105,0.0,3.0,0.09375,1.0,1.0,1.0,0.0,0.0,1.0,1.0,0.03125,0.0,0.0,0.0
0.598540792359608,0.3879999999999999,0.0,NE,SEA,3.5,2026,1,0.004,AFC East,NFC West,0,1,1.0,25017,0,0,2026-09-09,0.5,0.7979999999999999,0.2019999999999999,0.162462104762529,1.84375,5.0,0.0,1.515710735021054,-0.112,1.65625,0.4862155388471177,0.7,25.0,5.0,32,0.78125,0.15625,0,-0.41,0.0,0.0,0.0,0.0526315789473684,0,0,0,0,0,0,0.0,0.0,0.0,1.0,0,0,0,0,0,0.0032894736842105,0.0526315789473684,0.0,0.0129439309694201,-0.0032894736842105,0.0,3.0,0.09375,0.0164473684210526,0.0526315789473684,0.0,0.0247857407820992,-0.0164473684210526,0.0,11.0,0.34375,0.0180921052631578,0.1052631578947368,0.0,0.0287013001847269,0.0345394736842105,0.5,2.0,0.0625,0.0032894736842105,0.0526315789473684,0.0,0.0129439309694201,-0.0032894736842105,0.0,3.0,0.09375,1.0,1.0,1.0,0.0,0.0,1.0,1.0,0.03125,0.0,0.0,0.0
0.5503231870946567,0.359,0.0,SF,LAR,5.0,2026,1,0.003,NFC West,NFC West,1,1,1.0,25017,0,0,2026-09-10,0.5,0.7979999999999999,0.2019999999999999,0.162462104762529,1.84375,5.0,0.0,1.515710735021054,-0.141,3.15625,0.449874686716792,1.0,27.0,1.0,32,0.84375,0.03125,0,-0.4389999999999999,0.0526315789473684,0.0526315789473684,0.0526315789473684,0.0,0,0,0,0,0,0,0.0,0.0,0.0,1.0,1,0,1,0,1,0.0032894736842105,0.0526315789473684,0.0,0.0129439309694201,0.0493421052631578,1.0,1.0,0.03125,0.0164473684210526,0.0526315789473684,0.0,0.0247857407820992,0.0361842105263157,1.0,1.0,0.03125,0.0180921052631578,0.1052631578947368,0.0,0.0287013001847269,-0.0180921052631578,0.0,11.0,0.34375,0.0032894736842105,0.0526315789473684,0.0,0.0129439309694201,0.0493421052631578,1.0,1.0,0.03125,1.0,1.0,1.0,0.0,0.0,1.0,1.0,0.03125,0.0,0.0,0.0
0.5638100017486547,0.361,0.00015020427781783224,TB,CIN,1.5,2026,1,0.003,NFC South,AFC North,0,1,1.0,25017,5,0,2026-09-13,0.5,0.7979999999999999,0.2019999999999999,0.162462104762529,1.84375,5.0,0.0,1.515710735021054,-0.139,-0.34375,0.4523809523809524,0.3,26.0,16.0,32,0.8125,0.5,0,-0.4369999999999999,0.0,0.0,0.0526315789473684,0.0,0,0,0,0,0,0,0.0,0.0,0.0,1.0,0,0,0,0,0,0.0032894736842105,0.0526315789473684,0.0,0.0129439309694201,-0.0032894736842105,0.0,3.0,0.09375,0.0164473684210526,0.0526315789473684,0.0,0.0247857407820992,0.0361842105263157,1.0,1.0,0.03125,0.0180921052631578,0.1052631578947368,0.0,0.0287013001847269,-0.0180921052631578,0.0,11.0,0.34375,0.0032894736842105,0.0526315789473684,0.0,0.0129439309694201,-0.0032894736842105,0.0,3.0,0.09375,1.0,1.0,1.0,0.0,0.0,1.0,1.0,0.03125,0.0,0.0,0.0
0.4911992798808311,0.305,0.0001802451333813987,WAS,PHI,0.5,2026,1,0.001,NFC East,NFC East,1,1,1.0,25017,6,0,2026-09-13,0.5,0.7979999999999999,0.2019999999999999,0.162462104762529,1.84375,5.0,0.0,1.515710735021054,-0.195,-1.34375,0.3822055137844611,0.1,28.0,24.0,32,0.875,0.75,0,-0.4929999999999999,0.0,0.0,0.0,0.0,0,0,0,0,0,0,0.0,0.0,0.0,1.0,0,0,0,0,0,0.0032894736842105,0.0526315789473684,0.0,0.0129439309694201,-0.0032894736842105,0.0,3.0,0.09375,0.0164473684210526,0.0526315789473684,0.0,0.0247857407820992,-0.0164473684210526,0.0,11.0,0.34375,0.0180921052631578,0.1052631578947368,0.0,0.0287013001847269,-0.0180921052631578,0.0,11.0,0.34375,0.0032894736842105,0.0526315789473684,0.0,0.0129439309694201,-0.0032894736842105,0.0,3.0,0.09375,1.0,1.0,1.0,0.0,0.0,1.0,1.0,0.03125,0.0,0.0,0.0
0.5457923598313982,0.282,0.0002403268445085316,ATL,PIT,0.0,2026,1,0.002,NFC South,AFC North,0,1,1.0,25017,8,0,2026-09-13,0.5,0.7979999999999999,0.2019999999999999,0.162462104762529,1.84375,5.0,0.0,1.515710735021054,-0.218,-1.84375,0.3533834586466165,0.0,29.0,27.0,32,0.90625,0.84375,0,-0.516,0.0,0.0,0.0,0.0,0,0,0,0,0,0,0.0,0.0,0.0,1.0,0,0,0,0,0,0.0032894736842105,0.0526315789473684,0.0,0.0129439309694201,-0.0032894736842105,0.0,3.0,0.09375,0.0164473684210526,0.0526315789473684,0.0,0.0247857407820992,-0.0164473684210526,0.0,11.0,0.34375,0.0180921052631578,0.1052631578947368,0.0,0.0287013001847269,-0.0180921052631578,0.0,11.0,0.34375,0.0032894736842105,0.0526315789473684,0.0,0.0129439309694201,-0.0032894736842105,0.0,3.0,0.09375,1.0,1.0,1.0,0.0,0.0,1.0,1.0,0.03125,0.0,0.0,0.0
0.4506176691571015,0.261,6.00817111271329e-05,NO,DET,1.0,2026,1,0.001,NFC South,NFC North,0,1,1.0,25017,2,0,2026-09-13,0.5,0.7979999999999999,0.2019999999999999,0.162462104762529,1.84375,5.0,0.0,1.515710735021054,-0.239,-0.84375,0.3270676691729324,0.2,30.0,19.0,32,0.9375,0.59375,0,-0.5369999999999999,0.0,0.0,0.0,0.0526315789473684,0,0,0,0,0,0,0.0,0.0,0.0,1.0,0,0,0,0,0,0.0032894736842105,0.0526315789473684,0.0,0.0129439309694201,-0.0032894736842105,0.0,3.0,0.09375,0.0164473684210526,0.0526315789473684,0.0,0.0247857407820992,-0.0164473684210526,0.0,11.0,0.34375,0.0180921052631578,0.1052631578947368,0.0,0.0287013001847269,0.0345394736842105,0.5,2.0,0.0625,0.0032894736842105,0.0526315789473684,0.0,0.0129439309694201,-0.0032894736842105,0.0,3.0,0.09375,1.0,1.0,1.0,0.0,0.0,1.0,1.0,0.03125,0.0,0.0,0.0
0.5297780753854132,0.215,0.0001201634222542658,CLE,JAX,0.0,2026,1,0.001,AFC North,AFC South,0,1,1.0,25017,4,0,2026-09-13,0.5,0.7979999999999999,0.2019999999999999,0.162462104762529,1.84375,5.0,0.0,1.515710735021054,-0.285,-1.84375,0.2694235588972431,0.0,31.0,27.0,32,0.96875,0.84375,0,-0.583,0.0,0.0,0.0,0.0,0,0,0,0,0,0,0.0,0.0,0.0,1.0,0,0,0,0,0,0.0032894736842105,0.0526315789473684,0.0,0.0129439309694201,-0.0032894736842105,0.0,3.0,0.09375,0.0164473684210526,0.0526315789473684,0.0,0.0247857407820992,-0.0164473684210526,0.0,11.0,0.34375,0.0180921052631578,0.1052631578947368,0.0,0.0287013001847269,-0.0180921052631578,0.0,11.0,0.34375,0.0032894736842105,0.0526315789473684,0.0,0.0129439309694201,-0.0032894736842105,0.0,3.0,0.09375,1.0,1.0,1.0,0.0,0.0,1.0,1.0,0.03125,0.0,0.0,0.0
0.4942303949732173,0.2019999999999999,3.004085556356645e-05,ARI,LAC,0.0,2026,1,0.001,NFC West,AFC West,0,0,1.0,25017,1,0,2026-09-13,0.5,0.7979999999999999,0.2019999999999999,0.162462104762529,1.84375,5.0,0.0,1.515710735021054,-0.298,-1.84375,0.2531328320802005,0.0,32.0,27.0,32,1.0,0.84375,0,-0.596,0.0,0.0,0.0,0.0,0,0,0,0,0,0,0.0,0.0,0.0,1.0,0,0,0,0,0,0.0032894736842105,0.0526315789473684,0.0,0.0129439309694201,-0.0032894736842105,0.0,3.0,0.09375,0.0164473684210526,0.0526315789473684,0.0,0.0247857407820992,-0.0164473684210526,0.0,11.0,0.34375,0.0180921052631578,0.1052631578947368,0.0,0.0287013001847269,-0.0180921052631578,0.0,11.0,0.34375,0.0032894736842105,0.0526315789473684,0.0,0.0129439309694201,-0.0032894736842105,0.0,3.0,0.09375,1.0,1.0,1.0,0.0,0.0,1.0,1.0,0.03125,0.0,0.0,0.0
1.077218426818079,0.8740000000000001,0.27237986828197414,SF,MIA,3.5,2026,2,0.293,NFC West,AFC East,0,0,0.9994110024737896,16978,6700,1,2026-09-20,0.5,0.8740000000000001,0.126,0.2041733924720564,1.859375,5.0,0.0,1.530519493294626,0.3740000000000001,1.640625,1.0,0.7,1.0,6.0,32,0.03125,0.1875,1,0.0,0.0,0.0,0.0555555555555555,0.0,0,0,0,0,0,0,0.0,0.0,10.0,0.678658512211696,0,0,0,0,0,0.0017361111111111,0.0555555555555555,0.0,0.0098209275164798,-0.0017361111111111,0.0,2.0,0.0625,0.0069444444444444,0.0555555555555555,0.0,0.0186672640286735,0.0486111111111111,1.0,1.0,0.03125,0.0086805555555555,0.0555555555555555,0.0,0.0204945573682485,-0.0086805555555555,0.0,6.0,0.1875,0.0017361111111111,0.0555555555555555,0.0,0.0098209275164798,-0.0017361111111111,0.0,2.0,0.0625,0.96875,1.0,0.5213217104488161,0.0939082055056254,0.0306610024737895,0.9994110024737896,19.0,0.59375,0.0,0.0,0.0
1.086976688817115,0.773,0.0449223514106838,BAL,NO,3.5,2026,2,0.071,AFC North,NFC South,0,0,0.9934621274590648,16978,1105,1,2026-09-20,0.5,0.8740000000000001,0.126,0.2041733924720564,1.859375,5.0,0.0,1.530519493294626,0.273,1.640625,0.8844393592677344,0.7,3.0,6.0,32,0.09375,0.1875,0,-0.101,0.0,0.0,0.0,0.0555555555555555,0,0,0,0,0,0,0.0,0.0,111.0,0.678658512211696,0,0,0,0,0,0.0017361111111111,0.0555555555555555,0.0,0.0098209275164798,-0.0017361111111111,0.0,2.0,0.0625,0.0069444444444444,0.0555555555555555,0.0,0.0186672640286735,-0.0069444444444444,0.0,5.0,0.15625,0.0086805555555555,0.0555555555555555,0.0,0.0204945573682485,0.046875,1.0,1.0,0.03125,0.0017361111111111,0.0555555555555555,0.0,0.0098209275164798,-0.0017361111111111,0.0,2.0,0.0625,0.96875,1.0,0.5213217104488161,0.0939082055056254,0.0247121274590648,0.9934621274590648,24.0,0.75,0.0,0.0,0.0
0.9966956525809464,0.727,0.1352548987722579,LAC,LV,1.5,2026,2,0.0289999999999999,AFC West,AFC West,1,0,1.0,16978,3327,1,2026-09-20,0.5,0.8740000000000001,0.126,0.2041733924720564,1.859375,5.0,0.0,1.530519493294626,0.2269999999999999,-0.359375,0.831807780320366,0.3,5.0,15.0,32,0.15625,0.46875,0,-0.1470000000000001,0.0,0.0,0.0,0.0,0,0,0,0,0,0,0.0,0.0,0.0,0.678658512211696,0,0,0,0,0,0.0017361111111111,0.0555555555555555,0.0,0.0098209275164798,-0.0017361111111111,0.0,2.0,0.0625,0.0069444444444444,0.0555555555555555,0.0,0.0186672640286735,-0.0069444444444444,0.0,5.0,0.15625,0.0086805555555555,0.0555555555555555,0.0,0.0204945573682485,-0.0086805555555555,0.0,6.0,0.1875,0.0017361111111111,0.0555555555555555,0.0,0.0098209275164798,-0.0017361111111111,0.0,2.0,0.0625,0.96875,1.0,0.5213217104488161,0.0939082055056254,0.03125,1.0,1.0,0.03125,0.0,0.0,0.0
1.032768236735564,0.718,0.011179770713066103,LAR,NYG,5.0,2026,2,0.015,NFC West,NFC East,0,0,1.0,16978,275,1,2026-09-21,0.5,0.8740000000000001,0.126,0.2041733924720564,1.859375,5.0,0.0,1.530519493294626,0.2179999999999999,3.140625,0.8215102974828374,1.0,6.0,1.0,32,0.1875,0.03125,0,-0.1560000000000001,0.0,0.0,0.0,0.0,0,0,1,0,1,0,0.0,0.0,0.0,0.678658512211696,0,0,0,0,0,0.0017361111111111,0.0555555555555555,0.0,0.0098209275164798,-0.0017361111111111,0.0,2.0,0.0625,0.0069444444444444,0.0555555555555555,0.0,0.0186672640286735,-0.0069444444444444,0.0,5.0,0.15625,0.0086805555555555,0.0555555555555555,0.0,0.0204945573682485,-0.0086805555555555,0.0,6.0,0.1875,0.0017361111111111,0.0555555555555555,0.0,0.0098209275164798,-0.0017361111111111,0.0,2.0,0.0625,0.96875,1.0,0.5213217104488161,0.0939082055056254,0.03125,1.0,1.0,0.03125,0.0,0.0,0.0
1.0338107684717694,0.74,0.0908610456134645,PHI,TEN,2.5,2026,2,0.125,NFC East,AFC South,0,0,0.9538225939451054,16978,2235,1,2026-09-20,0.5,0.8740000000000001,0.126,0.2041733924720564,1.859375,5.0,0.0,1.530519493294626,0.24,0.640625,0.8466819221967963,0.5,4.0,11.0,32,0.125,0.34375,0,-0.1340000000000001,0.0,0.0,0.0,0.0555555555555555,0,0,0,1,1,0,0.0,0.0,784.0,0.678658512211696,0,0,0,0,0,0.0017361111111111,0.0555555555555555,0.0,0.0098209275164798,-0.0017361111111111,0.0,2.0,0.0625,0.0069444444444444,0.0555555555555555,0.0,0.0186672640286735,-0.0069444444444444,0.0,5.0,0.15625,0.0086805555555555,0.0555555555555555,0.0,0.0204945573682485,0.046875,1.0,1.0,0.03125,0.0017361111111111,0.0555555555555555,0.0,0.0098209275164798,-0.0017361111111111,0.0,2.0,0.0625,0.96875,1.0,0.5213217104488161,0.0939082055056254,-0.0149274060548946,0.9538225939451054,28.0,0.875,0.0,0.0,0.0
1.0126565586178162,0.7070000000000001,0.01544841043987316,KC,IND,4.5,2026,2,0.0289999999999999,AFC West,AFC South,0,0,0.998645305689716,16978,380,0,2026-09-20,0.5,0.8740000000000001,0.126,0.2041733924720564,1.859375,5.0,0.0,1.530519493294626,0.207,2.640625,0.8089244851258581,0.9,7.0,2.0,32,0.21875,0.0625,0,-0.167,0.0555555555555555,0.0555555555555555,0.0,0.0,0,0,0,1,0,0,0.0,0.0,23.0,0.678658512211696,0,0,0,0,0,0.0017361111111111,0.0555555555555555,0.0,0.0098209275164798,0.0538194444444444,1.0,1.0,0.03125,0.0069444444444444,0.0555555555555555,0.0,0.0186672640286735,-0.0069444444444444,0.0,5.0,0.15625,0.0086805555555555,0.0555555555555555,0.0,0.0204945573682485,-0.0086805555555555,0.0,6.0,0.1875,0.0017361111111111,0.0555555555555555,0.0,0.0098209275164798,0.0538194444444444,1.0,1.0,0.03125,0.96875,1.0,0.5213217104488161,0.0939082055056254,0.0298953056897159,0.998645305689716,21.0,0.65625,0.0,0.0,0.0
0.9880247047432152,0.684,0.0036588340515489063,BUF,DET,4.0,2026,2,0.0139999999999999,AFC East,NFC North,0,0,0.999882200494758,16978,90,1,2026-09-17,0.5,0.8740000000000001,0.126,0.2041733924720564,1.859375,5.0,0.0,1.530519493294626,0.184,2.140625,0.7826086956521738,0.8,8.0,3.0,32,0.25,0.09375,0,-0.19,0.0,0.0,0.0555555555555555,0.0,0,0,1,0,1,0,0.0,0.0,2.0,0.678658512211696,1,1,0,1,0,0.0017361111111111,0.0555555555555555,0.0,0.0098209275164798,-0.0017361111111111,0.0,2.0,0.0625,0.0069444444444444,0.0555555555555555,0.0,0.0186672640286735,0.0486111111111111,1.0,1.0,0.03125,0.0086805555555555,0.0555555555555555,0.0,0.0204945573682485,-0.0086805555555555,0.0,6.0,0.1875,0.0017361111111111,0.0555555555555555,0.0,0.0098209275164798,-0.0017361111111111,0.0,2.0,0.0625,0.96875,1.0,0.5213217104488161,0.0939082055056254,0.0311322004947579,0.999882200494758,17.0,0.53125,0.0,0.0,0.0
0.9144015689996308,0.774,0.35242702658752745,TB,CLE,1.0,2026,2,0.295,NFC South,AFC North,0,1,1.0,16978,8669,0,2026-09-20,0.5,0.8740000000000001,0.126,0.2041733924720564,1.859375,5.0,0.0,1.530519493294626,0.274,-0.859375,0.8855835240274599,0.2,2.0,19.0,32,0.0625,0.59375,0,-0.1,0.0,0.0,0.0,0.0,0,0,0,0,0,0,0.0,0.0,0.0,0.678658512211696,0,0,0,0,0,0.0017361111111111,0.0555555555555555,0.0,0.0098209275164798,-0.0017361111111111,0.0,2.0,0.0625,0.0069444444444444,0.0555555555555555,0.0,0.0186672640286735,-0.0069444444444444,0.0,5.0,0.15625,0.0086805555555555,0.0555555555555555,0.0,0.0204945573682485,-0.0086805555555555,0.0,6.0,0.1875,0.0017361111111111,0.0555555555555555,0.0,0.0098209275164798,-0.0017361111111111,0.0,2.0,0.0625,0.96875,1.0,0.5213217104488161,0.0939082055056254,0.03125,1.0,1.0,0.03125,0.0,0.0,0.0
0.9498697961138932,0.664,0.011505000406537116,NE,PIT,3.5,2026,2,0.01,AFC East,AFC North,0,1,1.0,16978,283,1,2026-09-20,0.5,0.8740000000000001,0.126,0.2041733924720564,1.859375,5.0,0.0,1.530519493294626,0.164,1.640625,0.7597254004576659,0.7,9.0,6.0,32,0.28125,0.1875,0,-0.21,0.0,0.0,0.0,0.0,0,0,0,0,0,0,0.0,0.0,0.0,0.678658512211696,0,0,0,0,0,0.0017361111111111,0.0555555555555555,0.0,0.0098209275164798,-0.0017361111111111,0.0,2.0,0.0625,0.0069444444444444,0.0555555555555555,0.0,0.0186672640286735,-0.0069444444444444,0.0,5.0,0.15625,0.0086805555555555,0.0555555555555555,0.0,0.0204945573682485,-0.0086805555555555,0.0,6.0,0.1875,0.0017361111111111,0.0555555555555555,0.0,0.0098209275164798,-0.0017361111111111,0.0,2.0,0.0625,0.96875,1.0,0.5213217104488161,0.0939082055056254,0.03125,1.0,1.0,0.03125,0.0,0.0,0.0
0.9497488240931174,0.6579999999999999,0.00971623709244654,CHI,MIN,2.0,2026,2,0.015,NFC North,NFC North,1,1,0.992460831664507,16978,239,1,2026-09-20,0.5,0.8740000000000001,0.126,0.2041733924720564,1.859375,5.0,0.0,1.530519493294626,0.1579999999999999,0.140625,0.7528604118993133,0.4,10.0,13.0,32,0.3125,0.40625,0,-0.2160000000000002,0.0,0.0,0.0,0.0,0,0,0,1,1,0,0.0,0.0,128.0,0.678658512211696,0,0,0,0,0,0.0017361111111111,0.0555555555555555,0.0,0.0098209275164798,-0.0017361111111111,0.0,2.0,0.0625,0.0069444444444444,0.0555555555555555,0.0,0.0186672640286735,-0.0069444444444444,0.0,5.0,0.15625,0.0086805555555555,0.0555555555555555,0.0,0.0204945573682485,-0.0086805555555555,0.0,6.0,0.1875,0.0017361111111111,0.0555555555555555,0.0,0.0098209275164798,-0.0017361111111111,0.0,2.0,0.0625,0.96875,1.0,0.5213217104488161,0.0939082055056254,0.023710831664507,0.992460831664507,25.0,0.78125,0.0,0.0,0.0
0.9469865301249164,0.6559999999999999,0.01906659077973819,DAL,WAS,2.0,2026,2,0.012,NFC East,NFC East,1,0,1.0,16978,469,1,2026-09-20,0.5,0.8740000000000001,0.126,0.2041733924720564,1.859375,5.0,0.0,1.530519493294626,0.1559999999999999,0.140625,0.7505720823798625,0.4,11.0,13.0,32,0.34375,0.40625,0,-0.2180000000000002,0.0,0.0,0.0,0.0,0,0,1,0,0,0,0.0,0.0,0.0,0.678658512211696,0,0,0,0,0,0.0017361111111111,0.0555555555555555,0.0,0.0098209275164798,-0.0017361111111111,0.0,2.0,0.0625,0.0069444444444444,0.0555555555555555,0.0,0.0186672640286735,-0.0069444444444444,0.0,5.0,0.15625,0.0086805555555555,0.0555555555555555,0.0,0.0204945573682485,-0.0086805555555555,0.0,6.0,0.1875,0.0017361111111111,0.0555555555555555,0.0,0.0098209275164798,-0.0017361111111111,0.0,2.0,0.0625,0.96875,1.0,0.5213217104488161,0.0939082055056254,0.03125,1.0,1.0,0.03125,0.0,0.0,0.0
0.9377624744526332,0.649,0.002642491259451988,SEA,ARI,4.0,2026,2,0.0139999999999999,NFC West,NFC West,1,0,0.9897514430439392,16978,65,1,2026-09-20,0.5,0.8740000000000001,0.126,0.2041733924720564,1.859375,5.0,0.0,1.530519493294626,0.149,2.140625,0.7425629290617848,0.8,12.0,3.0,32,0.375,0.09375,0,-0.2250000000000001,0.0,0.0,0.0555555555555555,0.0,0,0,0,0,0,1,0.0,0.0,174.0,0.678658512211696,0,0,0,0,0,0.0017361111111111,0.0555555555555555,0.0,0.0098209275164798,-0.0017361111111111,0.0,2.0,0.0625,0.0069444444444444,0.0555555555555555,0.0,0.0186672640286735,0.0486111111111111,1.0,1.0,0.03125,0.0086805555555555,0.0555555555555555,0.0,0.0204945573682485,-0.0086805555555555,0.0,6.0,0.1875,0.0017361111111111,0.0555555555555555,0.0,0.0098209275164798,-0.0017361111111111,0.0,2.0,0.0625,0.96875,1.0,0.5213217104488161,0.0939082055056254,0.0210014430439392,0.9897514430439392,26.0,0.8125,0.0,0.0,0.0
0.8685875880987116,0.602,0.006138710464265388,GB,NYJ,3.0,2026,2,0.03,NFC North,AFC East,0,0,1.0,16978,151,1,2026-09-20,0.5,0.8740000000000001,0.126,0.2041733924720564,1.859375,5.0,0.0,1.530519493294626,0.1019999999999999,1.140625,0.688787185354691,0.6,13.0,9.0,32,0.40625,0.28125,0,-0.2720000000000001,0.0,0.0,0.0,0.0555555555555555,0,0,0,1,0,1,0.0,0.0,0.0,0.678658512211696,0,0,0,0,0,0.0017361111111111,0.0555555555555555,0.0,0.0098209275164798,-0.0017361111111111,0.0,2.0,0.0625,0.0069444444444444,0.0555555555555555,0.0,0.0186672640286735,-0.0069444444444444,0.0,5.0,0.15625,0.0086805555555555,0.0555555555555555,0.0,0.0204945573682485,0.046875,1.0,1.0,0.03125,0.0017361111111111,0.0555555555555555,0.0,0.0098209275164798,-0.0017361111111111,0.0,2.0,0.0625,0.96875,1.0,0.5213217104488161,0.0939082055056254,0.03125,1.0,1.0,0.03125,0.0,0.0,0.0
0.8375287586747863,0.579,0.0009756890804130417,HOU,CIN,1.5,2026,2,0.004,AFC South,AFC North,0,0,1.0,16978,24,0,2026-09-20,0.5,0.8740000000000001,0.126,0.2041733924720564,1.859375,5.0,0.0,1.530519493294626,0.0789999999999999,-0.359375,0.6624713958810068,0.3,14.0,15.0,32,0.4375,0.46875,0,-0.2950000000000001,0.0,0.0,0.0,0.0,0,0,0,0,0,1,0.0,0.0,0.0,0.678658512211696,0,0,0,0,0,0.0017361111111111,0.0555555555555555,0.0,0.0098209275164798,-0.0017361111111111,0.0,2.0,0.0625,0.0069444444444444,0.0555555555555555,0.0,0.0186672640286735,-0.0069444444444444,0.0,5.0,0.15625,0.0086805555555555,0.0555555555555555,0.0,0.0204945573682485,-0.0086805555555555,0.0,6.0,0.1875,0.0017361111111111,0.0555555555555555,0.0,0.0098209275164798,-0.0017361111111111,0.0,2.0,0.0625,0.96875,1.0,0.5213217104488161,0.0939082055056254,0.03125,1.0,1.0,0.03125,0.0,0.0,0.0
0.8243087528964096,0.57,0.0013415724855679323,DEN,JAX,2.5,2026,2,0.002,AFC West,AFC South,0,1,1.0,16978,33,1,2026-09-20,0.5,0.8740000000000001,0.126,0.2041733924720564,1.859375,5.0,0.0,1.530519493294626,0.0699999999999999,0.640625,0.6521739130434782,0.5,15.0,11.0,32,0.46875,0.34375,0,-0.3040000000000001,0.0,0.0,0.0,0.0,0,0,1,0,0,1,0.0,0.0,0.0,0.678658512211696,0,0,0,0,0,0.0017361111111111,0.0555555555555555,0.0,0.0098209275164798,-0.0017361111111111,0.0,2.0,0.0625,0.0069444444444444,0.0555555555555555,0.0,0.0186672640286735,-0.0069444444444444,0.0,5.0,0.15625,0.0086805555555555,0.0555555555555555,0.0,0.0204945573682485,-0.0086805555555555,0.0,6.0,0.1875,0.0017361111111111,0.0555555555555555,0.0,0.0098209275164798,-0.0017361111111111,0.0,2.0,0.0625,0.96875,1.0,0.5213217104488161,0.0939082055056254,0.03125,1.0,1.0,0.03125,0.0,0.0,0.0
0.8005876952205023,0.5579999999999999,0.020367509553622244,CAR,ATL,0.5,2026,2,0.0279999999999999,NFC South,NFC South,1,0,1.0,16978,501,0,2026-09-20,0.5,0.8740000000000001,0.126,0.2041733924720564,1.859375,5.0,0.0,1.530519493294626,0.0579999999999999,-1.359375,0.6384439359267733,0.1,16.0,24.0,32,0.5,0.75,0,-0.3160000000000001,0.0,0.0,0.0,0.0,0,0,0,0,0,0,0.0,0.0,0.0,0.678658512211696,0,0,0,0,0,0.0017361111111111,0.0555555555555555,0.0,0.0098209275164798,-0.0017361111111111,0.0,2.0,0.0625,0.0069444444444444,0.0555555555555555,0.0,0.0186672640286735,-0.0069444444444444,0.0,5.0,0.15625,0.0086805555555555,0.0555555555555555,0.0,0.0204945573682485,-0.0086805555555555,0.0,6.0,0.1875,0.0017361111111111,0.0555555555555555,0.0,0.0098209275164798,-0.0017361111111111,0.0,2.0,0.0625,0.96875,1.0,0.5213217104488161,0.0939082055056254,0.03125,1.0,1.0,0.03125,0.0,0.0,0.0
0.6462601432189683,0.442,0.0008943816570452883,ATL,CAR,0.0,2026,2,0.002,NFC South,NFC South,1,1,1.0,16978,22,1,2026-09-20,0.5,0.8740000000000001,0.126,0.2041733924720564,1.859375,5.0,0.0,1.530519493294626,-0.0579999999999999,-1.859375,0.5057208237986269,0.0,17.0,27.0,32,0.53125,0.84375,0,-0.4320000000000001,0.0,0.0,0.0,0.0,0,0,0,0,0,0,0.0,0.0,0.0,0.678658512211696,0,0,0,0,0,0.0017361111111111,0.0555555555555555,0.0,0.0098209275164798,-0.0017361111111111,0.0,2.0,0.0625,0.0069444444444444,0.0555555555555555,0.0,0.0186672640286735,-0.0069444444444444,0.0,5.0,0.15625,0.0086805555555555,0.0555555555555555,0.0,0.0204945573682485,-0.0086805555555555,0.0,6.0,0.1875,0.0017361111111111,0.0555555555555555,0.0,0.0098209275164798,-0.0017361111111111,0.0,2.0,0.0625,0.96875,1.0,0.5213217104488161,0.0939082055056254,0.03125,1.0,1.0,0.03125,0.0,0.0,0.0
0.6225390855430605,0.43,0.00012196113505163022,JAX,DEN,1.0,2026,2,0.002,AFC South,AFC West,0,1,0.5213217104488161,16978,3,0,2026-09-20,0.5,0.8740000000000001,0.126,0.2041733924720564,1.859375,5.0,0.0,1.530519493294626,-0.07,-0.859375,0.4919908466819221,0.2,18.0,19.0,32,0.5625,0.59375,0,-0.4440000000000001,0.0,0.0,0.0,0.0,0,0,0,0,0,0,0.0,0.0,8127.0,0.678658512211696,0,0,0,0,0,0.0017361111111111,0.0555555555555555,0.0,0.0098209275164798,-0.0017361111111111,0.0,2.0,0.0625,0.0069444444444444,0.0555555555555555,0.0,0.0186672640286735,-0.0069444444444444,0.0,5.0,0.15625,0.0086805555555555,0.0555555555555555,0.0,0.0204945573682485,-0.0086805555555555,0.0,6.0,0.1875,0.0017361111111111,0.0555555555555555,0.0,0.0098209275164798,-0.0017361111111111,0.0,2.0,0.0625,0.96875,1.0,0.5213217104488161,0.0939082055056254,-0.4474282895511838,0.5213217104488161,32.0,1.0,0.0,0.0,0.0
0.6093190797646829,0.421,0.0002032685584193837,CIN,HOU,3.0,2026,2,0.002,AFC North,AFC South,0,1,0.9793261868300152,16978,5,0,2026-09-20,0.5,0.8740000000000001,0.126,0.2041733924720564,1.859375,5.0,0.0,1.530519493294626,-0.0789999999999999,1.140625,0.4816933638443936,0.6,19.0,9.0,32,0.59375,0.28125,0,-0.453,0.0,0.0,0.0,0.0555555555555555,0,0,0,0,0,0,0.0,0.0,351.0,0.678658512211696,0,0,0,0,0,0.0017361111111111,0.0555555555555555,0.0,0.0098209275164798,-0.0017361111111111,0.0,2.0,0.0625,0.0069444444444444,0.0555555555555555,0.0,0.0186672640286735,-0.0069444444444444,0.0,5.0,0.15625,0.0086805555555555,0.0555555555555555,0.0,0.0204945573682485,0.046875,1.0,1.0,0.03125,0.0017361111111111,0.0555555555555555,0.0,0.0098209275164798,-0.0017361111111111,0.0,2.0,0.0625,0.96875,1.0,0.5213217104488161,0.0939082055056254,0.0105761868300151,0.9793261868300152,27.0,0.84375,0.0,0.0,0.0
0.5782602503407496,0.3979999999999999,0.0002032685584193837,NYJ,GB,0.5,2026,2,0.001,AFC East,NFC North,0,1,0.9947579220167276,16978,5,0,2026-09-20,0.5,0.8740000000000001,0.126,0.2041733924720564,1.859375,5.0,0.0,1.530519493294626,-0.102,-1.359375,0.4553775743707093,0.1,20.0,24.0,32,0.625,0.75,0,-0.4760000000000001,0.0,0.0,0.0,0.0,0,0,0,0,0,0,0.0,0.0,89.0,0.678658512211696,0,0,0,0,0,0.0017361111111111,0.0555555555555555,0.0,0.0098209275164798,-0.0017361111111111,0.0,2.0,0.0625,0.0069444444444444,0.0555555555555555,0.0,0.0186672640286735,-0.0069444444444444,0.0,5.0,0.15625,0.0086805555555555,0.0555555555555555,0.0,0.0204945573682485,-0.0086805555555555,0.0,6.0,0.1875,0.0017361111111111,0.0555555555555555,0.0,0.0098209275164798,-0.0017361111111111,0.0,2.0,0.0625,0.96875,1.0,0.5213217104488161,0.0939082055056254,0.0260079220167276,0.9947579220167276,23.0,0.71875,0.0,0.0,0.0
0.5090853639868288,0.351,0.00036588340515489066,ARI,SEA,0.0,2026,2,0.001,NFC West,NFC West,1,0,0.999882200494758,16978,9,0,2026-09-20,0.5,0.8740000000000001,0.126,0.2041733924720564,1.859375,5.0,0.0,1.530519493294626,-0.1489999999999999,-1.859375,0.4016018306636155,0.0,21.0,27.0,32,0.65625,0.84375,0,-0.5230000000000001,0.0,0.0,0.0,0.0,0,0,0,0,0,0,0.0,0.0,2.0,0.678658512211696,0,0,0,0,0,0.0017361111111111,0.0555555555555555,0.0,0.0098209275164798,-0.0017361111111111,0.0,2.0,0.0625,0.0069444444444444,0.0555555555555555,0.0,0.0186672640286735,-0.0069444444444444,0.0,5.0,0.15625,0.0086805555555555,0.0555555555555555,0.0,0.0204945573682485,-0.0086805555555555,0.0,6.0,0.1875,0.0017361111111111,0.0555555555555555,0.0,0.0098209275164798,-0.0017361111111111,0.0,2.0,0.0625,0.96875,1.0,0.5213217104488161,0.0939082055056254,0.0311322004947579,0.999882200494758,17.0,0.53125,0.0,0.0,0.0
0.4998613083145506,0.344,0.0,WAS,DAL,0.5,2026,2,0.001,NFC East,NFC East,1,0,1.0,16978,0,0,2026-09-20,0.5,0.8740000000000001,0.126,0.2041733924720564,1.859375,5.0,0.0,1.530519493294626,-0.156,-1.359375,0.3935926773455376,0.1,22.0,24.0,32,0.6875,0.75,0,-0.5300000000000001,0.0,0.0,0.0,0.0,0,0,0,0,0,0,0.0,0.0,0.0,0.678658512211696,0,0,0,0,0,0.0017361111111111,0.0555555555555555,0.0,0.0098209275164798,-0.0017361111111111,0.0,2.0,0.0625,0.0069444444444444,0.0555555555555555,0.0,0.0186672640286735,-0.0069444444444444,0.0,5.0,0.15625,0.0086805555555555,0.0555555555555555,0.0,0.0204945573682485,-0.0086805555555555,0.0,6.0,0.1875,0.0017361111111111,0.0555555555555555,0.0,0.0098209275164798,-0.0017361111111111,0.0,2.0,0.0625,0.96875,1.0,0.5213217104488161,0.0939082055056254,0.03125,1.0,1.0,0.03125,0.0,0.0,0.0
0.4970990143463586,0.342,0.0,MIN,CHI,1.5,2026,2,0.001,NFC North,NFC North,1,0,0.995582518553422,16978,0,1,2026-09-20,0.5,0.8740000000000001,0.126,0.2041733924720564,1.859375,5.0,0.0,1.530519493294626,-0.1579999999999999,-0.359375,0.3913043478260869,0.3,23.0,15.0,32,0.71875,0.46875,0,-0.532,0.0,0.0,0.0,0.0,0,0,0,0,0,0,0.0,0.0,75.0,0.678658512211696,0,0,0,0,0,0.0017361111111111,0.0555555555555555,0.0,0.0098209275164798,-0.0017361111111111,0.0,2.0,0.0625,0.0069444444444444,0.0555555555555555,0.0,0.0186672640286735,-0.0069444444444444,0.0,5.0,0.15625,0.0086805555555555,0.0555555555555555,0.0,0.0204945573682485,-0.0086805555555555,0.0,6.0,0.1875,0.0017361111111111,0.0555555555555555,0.0,0.0098209275164798,-0.0017361111111111,0.0,2.0,0.0625,0.96875,1.0,0.5213217104488161,0.0939082055056254,0.0268325185534219,0.995582518553422,22.0,0.6875,0.0,0.0,0.0
0.4969780423255723,0.336,4.065371168387674e-05,PIT,NE,1.0,2026,2,0.001,AFC North,AFC East,0,1,0.7636352927317706,16978,1,0,2026-09-20,0.5,0.8740000000000001,0.126,0.2041733924720564,1.859375,5.0,0.0,1.530519493294626,-0.1639999999999999,-0.859375,0.3844393592677345,0.2,24.0,19.0,32,0.75,0.59375,0,-0.538,0.0,0.0,0.0,0.0,0,0,0,1,0,0,0.0,0.0,4013.0,0.678658512211696,0,0,0,0,0,0.0017361111111111,0.0555555555555555,0.0,0.0098209275164798,-0.0017361111111111,0.0,2.0,0.0625,0.0069444444444444,0.0555555555555555,0.0,0.0186672640286735,-0.0069444444444444,0.0,5.0,0.15625,0.0086805555555555,0.0555555555555555,0.0,0.0204945573682485,-0.0086805555555555,0.0,6.0,0.1875,0.0017361111111111,0.0555555555555555,0.0,0.0098209275164798,-0.0017361111111111,0.0,2.0,0.0625,0.96875,1.0,0.5213217104488161,0.0939082055056254,-0.2051147072682294,0.7636352927317706,31.0,0.96875,0.0,0.0,0.0
0.5324462694398356,0.226,4.065371168387674e-05,CLE,TB,0.0,2026,2,0.0,AFC North,NFC South,0,1,1.0,16978,1,1,2026-09-20,0.5,0.8740000000000001,0.126,0.2041733924720564,1.859375,5.0,0.0,1.530519493294626,-0.274,-1.859375,0.2585812356979405,0.0,31.0,27.0,32,0.96875,0.84375,0,-0.6480000000000001,0.0,0.0,0.0,0.0,0,0,0,0,0,0,0.0,0.0,0.0,0.678658512211696,0,0,0,0,0,0.0017361111111111,0.0555555555555555,0.0,0.0098209275164798,-0.0017361111111111,0.0,2.0,0.0625,0.0069444444444444,0.0555555555555555,0.0,0.0186672640286735,-0.0069444444444444,0.0,5.0,0.15625,0.0086805555555555,0.0555555555555555,0.0,0.0204945573682485,-0.0086805555555555,0.0,6.0,0.1875,0.0017361111111111,0.0555555555555555,0.0,0.0098209275164798,-0.0017361111111111,0.0,2.0,0.0625,0.96875,1.0,0.5213217104488161,0.0939082055056254,0.03125,1.0,1.0,0.03125,0.0,0.0,0.0
0.4588231336962494,0.316,4.065371168387674e-05,DET,BUF,4.0,2026,2,0.001,NFC North,AFC East,0,1,0.89568853810814,16978,1,0,2026-09-17,0.5,0.8740000000000001,0.126,0.2041733924720564,1.859375,5.0,0.0,1.530519493294626,-0.184,2.140625,0.3615560640732265,0.8,25.0,3.0,32,0.78125,0.09375,0,-0.558,0.0,0.0,0.0555555555555555,0.0,0,0,1,0,0,0,0.0,0.0,1771.0,0.678658512211696,1,0,1,0,1,0.0017361111111111,0.0555555555555555,0.0,0.0098209275164798,-0.0017361111111111,0.0,2.0,0.0625,0.0069444444444444,0.0555555555555555,0.0,0.0186672640286735,0.0486111111111111,1.0,1.0,0.03125,0.0086805555555555,0.0555555555555555,0.0,0.0204945573682485,-0.0086805555555555,0.0,6.0,0.1875,0.0017361111111111,0.0555555555555555,0.0,0.0098209275164798,-0.0017361111111111,0.0,2.0,0.0625,0.96875,1.0,0.5213217104488161,0.0939082055056254,-0.07306146189186,0.89568853810814,30.0,0.9375,0.0,0.0,0.0
0.4341912798216506,0.293,4.065371168387674e-05,IND,KC,1.0,2026,2,0.0,AFC South,AFC West,0,0,1.0,16978,1,0,2026-09-20,0.5,0.8740000000000001,0.126,0.2041733924720564,1.859375,5.0,0.0,1.530519493294626,-0.207,-0.859375,0.3352402745995422,0.2,26.0,19.0,32,0.8125,0.59375,0,-0.5810000000000002,0.0,0.0,0.0,0.0,0,0,0,0,0,0,0.0,0.0,0.0,0.678658512211696,0,0,0,0,0,0.0017361111111111,0.0555555555555555,0.0,0.0098209275164798,-0.0017361111111111,0.0,2.0,0.0625,0.0069444444444444,0.0555555555555555,0.0,0.0186672640286735,-0.0069444444444444,0.0,5.0,0.15625,0.0086805555555555,0.0555555555555555,0.0,0.0204945573682485,-0.0086805555555555,0.0,6.0,0.1875,0.0017361111111111,0.0555555555555555,0.0,0.0098209275164798,-0.0017361111111111,0.0,2.0,0.0625,0.96875,1.0,0.5213217104488161,0.0939082055056254,0.03125,1.0,1.0,0.03125,0.0,0.0,0.0
0.4130370699676943,0.26,0.0,TEN,PHI,0.0,2026,2,0.0,AFC South,NFC East,0,1,1.0,16978,0,0,2026-09-20,0.5,0.8740000000000001,0.126,0.2041733924720564,1.859375,5.0,0.0,1.530519493294626,-0.24,-1.859375,0.2974828375286041,0.0,29.0,27.0,32,0.90625,0.84375,0,-0.6140000000000001,0.0,0.0,0.0,0.0,0,0,0,0,0,0,0.0,0.0,0.0,0.678658512211696,0,0,0,0,0,0.0017361111111111,0.0555555555555555,0.0,0.0098209275164798,-0.0017361111111111,0.0,2.0,0.0625,0.0069444444444444,0.0555555555555555,0.0,0.0186672640286735,-0.0069444444444444,0.0,5.0,0.15625,0.0086805555555555,0.0555555555555555,0.0,0.0204945573682485,-0.0086805555555555,0.0,6.0,0.1875,0.0017361111111111,0.0555555555555555,0.0,0.0098209275164798,-0.0017361111111111,0.0,2.0,0.0625,0.96875,1.0,0.5213217104488161,0.0939082055056254,0.03125,1.0,1.0,0.03125,0.0,0.0,0.0
0.4140796017039137,0.282,8.130742336775348e-05,NYG,LAR,1.5,2026,2,0.002,NFC East,NFC West,0,1,0.9994110024737896,16978,2,0,2026-09-21,0.5,0.8740000000000001,0.126,0.2041733924720564,1.859375,5.0,0.0,1.530519493294626,-0.218,-0.359375,0.3226544622425628,0.3,27.0,15.0,32,0.84375,0.46875,0,-0.5920000000000001,0.0,0.0,0.0,0.0,0,0,0,0,0,0,0.0,0.0,10.0,0.678658512211696,0,0,0,0,0,0.0017361111111111,0.0555555555555555,0.0,0.0098209275164798,-0.0017361111111111,0.0,2.0,0.0625,0.0069444444444444,0.0555555555555555,0.0,0.0186672640286735,-0.0069444444444444,0.0,5.0,0.15625,0.0086805555555555,0.0555555555555555,0.0,0.0204945573682485,-0.0086805555555555,0.0,6.0,0.1875,0.0017361111111111,0.0555555555555555,0.0,0.0098209275164798,-0.0017361111111111,0.0,2.0,0.0625,0.96875,1.0,0.5213217104488161,0.0939082055056254,0.0306610024737895,0.9994110024737896,19.0,0.59375,0.0,0.0,0.0
0.4501521858585197,0.273,4.065371168387674e-05,LV,LAC,0.0,2026,2,0.001,AFC West,AFC West,1,1,0.922959123571681,16978,1,0,2026-09-20,0.5,0.8740000000000001,0.126,0.2041733924720564,1.859375,5.0,0.0,1.530519493294626,-0.2269999999999999,-1.859375,0.3123569794050343,0.0,28.0,27.0,32,0.875,0.84375,0,-0.6010000000000001,0.0,0.0,0.0,0.0,0,0,0,0,0,0,0.0,0.0,1308.0,0.678658512211696,0,0,0,0,0,0.0017361111111111,0.0555555555555555,0.0,0.0098209275164798,-0.0017361111111111,0.0,2.0,0.0625,0.0069444444444444,0.0555555555555555,0.0,0.0186672640286735,-0.0069444444444444,0.0,5.0,0.15625,0.0086805555555555,0.0555555555555555,0.0,0.0204945573682485,-0.0086805555555555,0.0,6.0,0.1875,0.0017361111111111,0.0555555555555555,0.0,0.0098209275164798,-0.0017361111111111,0.0,2.0,0.0625,0.96875,1.0,0.5213217104488161,0.0939082055056254,-0.045790876428319,0.922959123571681,29.0,0.90625,0.0,0.0,0.0
0.3598711496223551,0.2269999999999999,4.065371168387674e-05,NO,BAL,1.0,2026,2,0.0,NFC South,AFC North,0,1,1.0,16978,1,1,2026-09-20,0.5,0.8740000000000001,0.126,0.2041733924720564,1.859375,5.0,0.0,1.530519493294626,-0.273,-0.859375,0.2597254004576658,0.2,30.0,19.0,32,0.9375,0.59375,0,-0.6470000000000001,0.0,0.0,0.0,0.0555555555555555,0,0,0,0,0,0,0.0,0.0,0.0,0.678658512211696,0,0,0,0,0,0.0017361111111111,0.0555555555555555,0.0,0.0098209275164798,-0.0017361111111111,0.0,2.0,0.0625,0.0069444444444444,0.0555555555555555,0.0,0.0186672640286735,-0.0069444444444444,0.0,5.0,0.15625,0.0086805555555555,0.0555555555555555,0.0,0.0204945573682485,0.046875,1.0,1.0,0.03125,0.0017361111111111,0.0555555555555555,0.0,0.0098209275164798,-0.0017361111111111,0.0,2.0,0.0625,0.96875,1.0,0.5213217104488161,0.0939082055056254,0.03125,1.0,1.0,0.03125,0.0,0.0,0.0
0.369629411621387,0.126,0.0,MIA,SF,0.0,2026,2,0.0,AFC East,NFC West,0,0,1.0,16978,0,0,2026-09-20,0.5,0.8740000000000001,0.126,0.2041733924720564,1.859375,5.0,0.0,1.530519493294626,-0.374,-1.859375,0.1441647597254004,0.0,32.0,27.0,32,1.0,0.84375,0,-0.7480000000000001,0.0,0.0,0.0,0.0,0,0,0,0,0,0,0.0,0.0,0.0,0.678658512211696,0,0,0,0,0,0.0017361111111111,0.0555555555555555,0.0,0.0098209275164798,-0.0017361111111111,0.0,2.0,0.0625,0.0069444444444444,0.0555555555555555,0.0,0.0186672640286735,-0.0069444444444444,0.0,5.0,0.15625,0.0086805555555555,0.0555555555555555,0.0,0.0204945573682485,-0.0086805555555555,0.0,6.0,0.1875,0.0017361111111111,0.0555555555555555,0.0,0.0098209275164798,-0.0017361111111111,0.0,2.0,0.0625,0.96875,1.0,0.5213217104488161,0.0939082055056254,0.03125,1.0,1.0,0.03125,0.0,0.0,0.0
1.0827297354039238,0.7709999999999999,0.2947878352920068,SEA,WAS,3.5,2026,3,0.108,NFC West,NFC East,0,0,0.9846689895470384,8610,3286,1,2026-09-27,0.5,0.8270000000000001,0.173,0.1744837546740707,1.609375,5.0,0.0,1.4741557179094622,0.2709999999999999,1.890625,0.932285368802902,0.7,2.0,4.0,32,0.0625,0.125,0,-0.0560000000000001,0.0,0.0,0.0,0.0,0,0,0,0,0,1,0.0,0.0,132.0,0.3441659671423432,0,0,0,0,0,0.0,0.0,0.0,0.0,0.0,0.0,1.0,0.03125,0.0,0.0,0.0,0.0,0.0,0.0,1.0,0.03125,0.0,0.0,0.0,0.0,0.0,0.0,1.0,0.03125,0.0,0.0,0.0,0.0,0.0,0.0,1.0,0.03125,0.9375,1.0,0.2166085946573751,0.1617870397689738,0.0471689895470384,0.9846689895470384,21.0,0.65625,0.0,0.0,0.0
1.1034854653660349,0.76,0.1586974073741814,SF,ARI,2.0,2026,3,0.09,NFC West,NFC West,1,0,0.2166085946573751,8610,1769,0,2026-09-27,0.5,0.8270000000000001,0.173,0.1744837546740707,1.609375,5.0,0.0,1.4741557179094622,0.26,0.390625,0.9189842805320436,0.4,3.0,10.0,32,0.09375,0.3125,0,-0.067,0.0,0.0,0.0,0.0,0,0,0,0,0,0,0.0,0.0,6745.0,0.3441659671423432,0,0,0,0,0,0.0,0.0,0.0,0.0,0.0,0.0,1.0,0.03125,0.0,0.0,0.0,0.0,0.0,0.0,1.0,0.03125,0.0,0.0,0.0,0.0,0.0,0.0,1.0,0.03125,0.0,0.0,0.0,0.0,0.0,0.0,1.0,0.03125,0.9375,1.0,0.2166085946573751,0.1617870397689738,-0.720891405342625,0.2166085946573751,32.0,1.0,0.0,0.0,0.0
1.0885121539971914,0.743,0.20974253162285816,BUF,LAC,4.5,2026,3,0.076,AFC East,AFC West,0,0,0.9954703832752612,8610,2338,0,2026-09-27,0.5,0.8270000000000001,0.173,0.1744837546740707,1.609375,5.0,0.0,1.4741557179094622,0.243,2.890625,0.898428053204353,0.9,4.0,3.0,32,0.125,0.09375,0,-0.084,0.0,0.0,0.0,0.0,0,0,1,0,1,0,0.0,0.0,39.0,0.3441659671423432,0,0,0,0,0,0.0,0.0,0.0,0.0,0.0,0.0,1.0,0.03125,0.0,0.0,0.0,0.0,0.0,0.0,1.0,0.03125,0.0,0.0,0.0,0.0,0.0,0.0,1.0,0.03125,0.0,0.0,0.0,0.0,0.0,0.0,1.0,0.03125,0.9375,1.0,0.2166085946573751,0.1617870397689738,0.0579703832752611,0.9954703832752612,14.0,0.4375,0.0,0.0,0.0
1.0502221507203735,0.7340000000000001,0.24167937561675787,DET,NYJ,3.0,2026,3,0.093,NFC North,AFC East,0,0,0.889082462253194,8610,2694,0,2026-09-27,0.5,0.8270000000000001,0.173,0.1744837546740707,1.609375,5.0,0.0,1.4741557179094622,0.2340000000000001,1.390625,0.8875453446191053,0.6,5.0,5.0,32,0.15625,0.15625,0,-0.0929999999999999,0.0,0.0,0.0,0.0,0,0,1,0,0,0,0.0,0.0,955.0,0.3441659671423432,0,0,0,0,0,0.0,0.0,0.0,0.0,0.0,0.0,1.0,0.03125,0.0,0.0,0.0,0.0,0.0,0.0,1.0,0.03125,0.0,0.0,0.0,0.0,0.0,0.0,1.0,0.03125,0.0,0.0,0.0,0.0,0.0,0.0,1.0,0.03125,0.9375,1.0,0.2166085946573751,0.1617870397689738,-0.048417537746806,0.889082462253194,28.0,0.875,0.0,0.0,0.0
0.9702377564746586,0.8270000000000001,0.520229658204001,KC,MIA,2.0,2026,3,0.3989999999999999,AFC West,AFC East,0,0,0.9698025551684089,8610,5799,0,2026-09-27,0.5,0.8270000000000001,0.173,0.1744837546740707,1.609375,5.0,0.0,1.4741557179094622,0.327,0.390625,1.0,0.4,1.0,10.0,32,0.03125,0.3125,1,0.0,0.0,0.0,0.0,0.0,0,0,0,1,0,0,0.0,0.0,260.0,0.3441659671423432,0,0,0,0,0,0.0,0.0,0.0,0.0,0.0,0.0,1.0,0.03125,0.0,0.0,0.0,0.0,0.0,0.0,1.0,0.03125,0.0,0.0,0.0,0.0,0.0,0.0,1.0,0.03125,0.0,0.0,0.0,0.0,0.0,0.0,1.0,0.03125,0.9375,1.0,0.2166085946573751,0.1617870397689738,0.0323025551684088,0.9698025551684089,26.0,0.8125,0.0,0.0,0.0
0.9444341325026004,0.649,0.12021171615681349,NO,LV,0.5,2026,3,0.018,NFC South,AFC West,0,0,1.0,8610,1340,0,2026-09-27,0.5,0.8270000000000001,0.173,0.1744837546740707,1.609375,5.0,0.0,1.4741557179094622,0.149,-1.109375,0.7847642079806529,0.1,7.0,21.0,32,0.21875,0.65625,0,-0.178,0.0,0.0,0.0,0.0,0,0,0,0,0,0,0.0,0.0,0.0,0.3441659671423432,0,0,0,0,0,0.0,0.0,0.0,0.0,0.0,0.0,1.0,0.03125,0.0,0.0,0.0,0.0,0.0,0.0,1.0,0.03125,0.0,0.0,0.0,0.0,0.0,0.0,1.0,0.03125,0.0,0.0,0.0,0.0,0.0,0.0,1.0,0.03125,0.9375,1.0,0.2166085946573751,0.1617870397689738,0.0625,1.0,1.0,0.03125,0.0,0.0,0.0
0.9831875126148768,0.679,0.17000089710235938,GB,ATL,2.0,2026,3,0.096,NFC North,NFC South,0,0,0.9937282229965156,8610,1895,1,2026-09-24,0.5,0.8270000000000001,0.173,0.1744837546740707,1.609375,5.0,0.0,1.4741557179094622,0.179,0.390625,0.8210399032648126,0.4,6.0,10.0,32,0.1875,0.3125,0,-0.148,0.0,0.0,0.0,0.0,0,0,0,1,0,1,0.0,0.0,54.0,0.3441659671423432,1,1,0,1,0,0.0,0.0,0.0,0.0,0.0,0.0,1.0,0.03125,0.0,0.0,0.0,0.0,0.0,0.0,1.0,0.03125,0.0,0.0,0.0,0.0,0.0,0.0,1.0,0.03125,0.0,0.0,0.0,0.0,0.0,0.0,1.0,0.03125,0.9375,1.0,0.2166085946573751,0.1617870397689738,0.0562282229965156,0.9937282229965156,18.0,0.5625,0.0,0.0,0.0
0.947289367494944,0.632,0.0695254328518884,PHI,CHI,2.0,2026,3,0.025,NFC East,NFC North,0,1,0.8464576074332172,8610,775,0,2026-09-28,0.5,0.8270000000000001,0.173,0.1744837546740707,1.609375,5.0,0.0,1.4741557179094622,0.132,0.390625,0.7642079806529625,0.4,8.0,10.0,32,0.25,0.3125,0,-0.195,0.0,0.0,0.0,0.0,0,0,0,1,1,0,0.0,0.0,1322.0,0.3441659671423432,0,0,0,0,0,0.0,0.0,0.0,0.0,0.0,0.0,1.0,0.03125,0.0,0.0,0.0,0.0,0.0,0.0,1.0,0.03125,0.0,0.0,0.0,0.0,0.0,0.0,1.0,0.03125,0.0,0.0,0.0,0.0,0.0,0.0,1.0,0.03125,0.9375,1.0,0.2166085946573751,0.1617870397689738,-0.0910423925667828,0.8464576074332172,29.0,0.90625,0.0,0.0,0.0
0.9249636502039692,0.614,0.021440746389163004,BAL,DAL,5.0,2026,3,0.003,AFC North,NFC East,0,1,0.9908246225319396,8610,239,1,2026-09-27,0.5,0.8270000000000001,0.173,0.1744837546740707,1.609375,5.0,0.0,1.4741557179094622,0.1139999999999999,3.390625,0.7424425634824666,1.0,9.0,1.0,32,0.28125,0.03125,0,-0.213,0.0,0.0,0.0,0.0,0,0,0,0,0,0,0.0,0.0,79.0,0.3441659671423432,0,0,0,0,0,0.0,0.0,0.0,0.0,0.0,0.0,1.0,0.03125,0.0,0.0,0.0,0.0,0.0,0.0,1.0,0.03125,0.0,0.0,0.0,0.0,0.0,0.0,1.0,0.03125,0.0,0.0,0.0,0.0,0.0,0.0,1.0,0.03125,0.9375,1.0,0.2166085946573751,0.1617870397689738,0.0533246225319395,0.9908246225319396,20.0,0.625,0.0,0.0,0.0
0.9057569168990176,0.607,0.034986992015789004,CIN,PIT,3.0,2026,3,0.019,AFC North,AFC North,1,0,0.97862950058072,8610,390,0,2026-09-27,0.5,0.8270000000000001,0.173,0.1744837546740707,1.609375,5.0,0.0,1.4741557179094622,0.1069999999999999,1.390625,0.7339782345828294,0.6,10.0,5.0,32,0.3125,0.15625,0,-0.22,0.0,0.0,0.0,0.0,0,0,0,0,0,0,0.0,0.0,184.0,0.3441659671423432,0,0,0,0,0,0.0,0.0,0.0,0.0,0.0,0.0,1.0,0.03125,0.0,0.0,0.0,0.0,0.0,0.0,1.0,0.03125,0.0,0.0,0.0,0.0,0.0,0.0,1.0,0.03125,0.0,0.0,0.0,0.0,0.0,0.0,1.0,0.03125,0.9375,1.0,0.2166085946573751,0.1617870397689738,0.0411295005807199,0.97862950058072,24.0,0.75,0.0,0.0,0.0
0.88652110620954,0.59,0.01372566609850184,JAX,NE,1.5,2026,3,0.002,AFC South,AFC East,0,0,0.524390243902439,8610,153,1,2026-09-27,0.5,0.8270000000000001,0.173,0.1744837546740707,1.609375,5.0,0.0,1.4741557179094622,0.0899999999999999,-0.109375,0.7134220072551389,0.3,11.0,15.0,32,0.34375,0.46875,0,-0.2370000000000001,0.0,0.0,0.0,0.0,0,0,0,0,0,0,0.0,0.0,4095.0,0.3441659671423432,0,0,0,0,0,0.0,0.0,0.0,0.0,0.0,0.0,1.0,0.03125,0.0,0.0,0.0,0.0,0.0,0.0,1.0,0.03125,0.0,0.0,0.0,0.0,0.0,0.0,1.0,0.03125,0.0,0.0,0.0,0.0,0.0,0.0,1.0,0.03125,0.9375,1.0,0.2166085946573751,0.1617870397689738,-0.4131097560975609,0.524390243902439,31.0,0.96875,0.0,0.0,0.0
0.8343758386688832,0.556,0.05795281241589666,NYG,TEN,0.5,2026,3,0.008,NFC East,AFC South,0,0,0.9993031358885016,8610,646,0,2026-09-27,0.5,0.8270000000000001,0.173,0.1744837546740707,1.609375,5.0,0.0,1.4741557179094622,0.056,-1.109375,0.6723095525997582,0.1,12.0,21.0,32,0.375,0.65625,0,-0.271,0.0,0.0,0.0,0.0,0,0,0,0,0,0,0.0,0.0,6.0,0.3441659671423432,0,0,0,0,0,0.0,0.0,0.0,0.0,0.0,0.0,1.0,0.03125,0.0,0.0,0.0,0.0,0.0,0.0,1.0,0.03125,0.0,0.0,0.0,0.0,0.0,0.0,1.0,0.03125,0.0,0.0,0.0,0.0,0.0,0.0,1.0,0.03125,0.9375,1.0,0.2166085946573751,0.1617870397689738,0.0618031358885016,0.9993031358885016,12.0,0.375,0.0,0.0,0.0
0.7958853658682757,0.528,0.004754642504709788,HOU,IND,2.0,2026,3,0.004,AFC South,AFC South,1,0,1.0,8610,53,1,2026-09-27,0.5,0.8270000000000001,0.173,0.1744837546740707,1.609375,5.0,0.0,1.4741557179094622,0.028,0.390625,0.6384522370012091,0.4,14.0,10.0,32,0.4375,0.3125,0,-0.299,0.0,0.0,0.0,0.0,0,0,0,0,0,1,0.0,0.0,0.0,0.3441659671423432,0,0,0,0,0,0.0,0.0,0.0,0.0,0.0,0.0,1.0,0.03125,0.0,0.0,0.0,0.0,0.0,0.0,1.0,0.03125,0.0,0.0,0.0,0.0,0.0,0.0,1.0,0.03125,0.0,0.0,0.0,0.0,0.0,0.0,1.0,0.03125,0.9375,1.0,0.2166085946573751,0.1617870397689738,0.0625,1.0,1.0,0.03125,0.0,0.0,0.0
0.8118433799490153,0.5429999999999999,0.054454113214317756,CAR,CLE,0.0,2026,3,0.037,NFC South,AFC North,0,0,0.9829268292682928,8610,607,0,2026-09-27,0.5,0.8270000000000001,0.173,0.1744837546740707,1.609375,5.0,0.0,1.4741557179094622,0.0429999999999999,-1.609375,0.6565900846432888,0.0,13.0,26.0,32,0.40625,0.8125,0,-0.2840000000000001,0.0,0.0,0.0,0.0,0,0,0,0,0,0,0.0,0.0,147.0,0.3441659671423432,0,0,0,0,0,0.0,0.0,0.0,0.0,0.0,0.0,1.0,0.03125,0.0,0.0,0.0,0.0,0.0,0.0,1.0,0.03125,0.0,0.0,0.0,0.0,0.0,0.0,1.0,0.03125,0.0,0.0,0.0,0.0,0.0,0.0,1.0,0.03125,0.9375,1.0,0.2166085946573751,0.1617870397689738,0.0454268292682927,0.9829268292682928,23.0,0.71875,0.0,0.0,0.0
0.770032399930995,0.51,0.0025118866062617744,MIN,TB,2.5,2026,3,0.005,NFC North,NFC South,0,0,0.9950058072009292,8610,28,0,2026-09-27,0.5,0.8270000000000001,0.173,0.1744837546740707,1.609375,5.0,0.0,1.4741557179094622,0.01,0.890625,0.6166868198307134,0.5,15.0,7.0,32,0.46875,0.21875,0,-0.317,0.0,0.0,0.0,0.0,0,0,0,0,0,0,0.0,0.0,43.0,0.3441659671423432,0,0,0,0,0,0.0,0.0,0.0,0.0,0.0,0.0,1.0,0.03125,0.0,0.0,0.0,0.0,0.0,0.0,1.0,0.03125,0.0,0.0,0.0,0.0,0.0,0.0,1.0,0.03125,0.0,0.0,0.0,0.0,0.0,0.0,1.0,0.03125,0.9375,1.0,0.2166085946573751,0.1617870397689738,0.0575058072009292,0.9950058072009292,15.0,0.46875,0.0,0.0,0.0
0.7628955284174351,0.506,0.0005382614156275231,LAR,DEN,5.0,2026,3,0.003,NFC West,AFC West,0,0,0.9830429732868756,8610,6,0,2026-09-27,0.5,0.8270000000000001,0.173,0.1744837546740707,1.609375,5.0,0.0,1.4741557179094622,0.006,3.390625,0.6118500604594921,1.0,16.0,1.0,32,0.5,0.03125,0,-0.321,0.0,0.0,0.0,0.0,0,0,1,0,1,0,0.0,0.0,146.0,0.3441659671423432,0,0,0,0,0,0.0,0.0,0.0,0.0,0.0,0.0,1.0,0.03125,0.0,0.0,0.0,0.0,0.0,0.0,1.0,0.03125,0.0,0.0,0.0,0.0,0.0,0.0,1.0,0.03125,0.0,0.0,0.0,0.0,0.0,0.0,1.0,0.03125,0.9375,1.0,0.2166085946573751,0.1617870397689738,0.0455429732868756,0.9830429732868756,22.0,0.6875,0.0,0.0,0.0
0.744985300539411,0.494,0.0008971023593792052,DEN,LAR,2.5,2026,3,0.001,AFC West,NFC West,0,0,0.9989547038327526,8610,10,1,2026-09-27,0.5,0.8270000000000001,0.173,0.1744837546740707,1.609375,5.0,0.0,1.4741557179094622,-0.006,0.890625,0.5973397823458282,0.5,17.0,7.0,32,0.53125,0.21875,0,-0.3330000000000001,0.0,0.0,0.0,0.0,0,0,1,0,0,1,0.0,0.0,9.0,0.3441659671423432,0,0,0,0,0,0.0,0.0,0.0,0.0,0.0,0.0,1.0,0.03125,0.0,0.0,0.0,0.0,0.0,0.0,1.0,0.03125,0.0,0.0,0.0,0.0,0.0,0.0,1.0,0.03125,0.0,0.0,0.0,0.0,0.0,0.0,1.0,0.03125,0.9375,1.0,0.2166085946573751,0.1617870397689738,0.0614547038327526,0.9989547038327526,13.0,0.40625,0.0,0.0,0.0
0.7378484290258508,0.49,0.005741455100026913,TB,MIN,0.5,2026,3,0.001,NFC South,NFC North,0,0,1.0,8610,64,0,2026-09-27,0.5,0.8270000000000001,0.173,0.1744837546740707,1.609375,5.0,0.0,1.4741557179094622,-0.01,-1.109375,0.592503022974607,0.1,18.0,21.0,32,0.5625,0.65625,0,-0.3370000000000001,0.0,0.0,0.0,0.0,0,0,0,0,0,0,0.0,0.0,0.0,0.3441659671423432,0,0,0,0,0,0.0,0.0,0.0,0.0,0.0,0.0,1.0,0.03125,0.0,0.0,0.0,0.0,0.0,0.0,1.0,0.03125,0.0,0.0,0.0,0.0,0.0,0.0,1.0,0.03125,0.0,0.0,0.0,0.0,0.0,0.0,1.0,0.03125,0.9375,1.0,0.2166085946573751,0.1617870397689738,0.0625,1.0,1.0,0.03125,0.0,0.0,0.0
0.6960374490078347,0.457,0.006997398403157801,CLE,CAR,0.0,2026,3,0.001,AFC North,NFC South,0,0,1.0,8610,78,0,2026-09-27,0.5,0.8270000000000001,0.173,0.1744837546740707,1.609375,5.0,0.0,1.4741557179094622,-0.0429999999999999,-1.609375,0.5525997581620314,0.0,20.0,26.0,32,0.625,0.8125,0,-0.37,0.0,0.0,0.0,0.0,0,0,0,0,0,0,0.0,0.0,0.0,0.3441659671423432,0,0,0,0,0,0.0,0.0,0.0,0.0,0.0,0.0,1.0,0.03125,0.0,0.0,0.0,0.0,0.0,0.0,1.0,0.03125,0.0,0.0,0.0,0.0,0.0,0.0,1.0,0.03125,0.0,0.0,0.0,0.0,0.0,0.0,1.0,0.03125,0.9375,1.0,0.2166085946573751,0.1617870397689738,0.0625,1.0,1.0,0.03125,0.0,0.0,0.0
0.7119954630885708,0.472,0.0011662330671929667,IND,HOU,1.5,2026,3,0.002,AFC South,AFC South,1,0,1.0,8610,13,0,2026-09-27,0.5,0.8270000000000001,0.173,0.1744837546740707,1.609375,5.0,0.0,1.4741557179094622,-0.0279999999999999,-0.109375,0.5707376058041113,0.3,19.0,15.0,32,0.59375,0.46875,0,-0.355,0.0,0.0,0.0,0.0,0,0,0,0,0,0,0.0,0.0,0.0,0.3441659671423432,0,0,0,0,0,0.0,0.0,0.0,0.0,0.0,0.0,1.0,0.03125,0.0,0.0,0.0,0.0,0.0,0.0,1.0,0.03125,0.0,0.0,0.0,0.0,0.0,0.0,1.0,0.03125,0.0,0.0,0.0,0.0,0.0,0.0,1.0,0.03125,0.9375,1.0,0.2166085946573751,0.1617870397689738,0.0625,1.0,1.0,0.03125,0.0,0.0,0.0
0.6735049902879628,0.444,0.004216381089082264,TEN,NYG,0.0,2026,3,0.004,AFC South,NFC East,0,0,1.0,8610,47,1,2026-09-27,0.5,0.8270000000000001,0.173,0.1744837546740707,1.609375,5.0,0.0,1.4741557179094622,-0.0559999999999999,-1.609375,0.5368802902055623,0.0,21.0,26.0,32,0.65625,0.8125,0,-0.383,0.0,0.0,0.0,0.0,0,0,0,0,0,0,0.0,0.0,0.0,0.3441659671423432,0,0,0,0,0,0.0,0.0,0.0,0.0,0.0,0.0,1.0,0.03125,0.0,0.0,0.0,0.0,0.0,0.0,1.0,0.03125,0.0,0.0,0.0,0.0,0.0,0.0,1.0,0.03125,0.0,0.0,0.0,0.0,0.0,0.0,1.0,0.03125,0.9375,1.0,0.2166085946573751,0.1617870397689738,0.0625,1.0,1.0,0.03125,0.0,0.0,0.0
0.6213597227473041,0.41,8.971023593792052e-05,NE,JAX,2.5,2026,3,0.001,AFC East,AFC South,0,1,0.9722415795586528,8610,1,0,2026-09-27,0.5,0.8270000000000001,0.173,0.1744837546740707,1.609375,5.0,0.0,1.4741557179094622,-0.09,0.890625,0.4957678355501813,0.5,22.0,7.0,32,0.6875,0.21875,0,-0.4170000000000001,0.0,0.0,0.0,0.0,0,0,0,0,0,0,0.0,0.0,239.0,0.3441659671423432,0,0,0,0,0,0.0,0.0,0.0,0.0,0.0,0.0,1.0,0.03125,0.0,0.0,0.0,0.0,0.0,0.0,1.0,0.03125,0.0,0.0,0.0,0.0,0.0,0.0,1.0,0.03125,0.0,0.0,0.0,0.0,0.0,0.0,1.0,0.03125,0.9375,1.0,0.2166085946573751,0.1617870397689738,0.0347415795586527,0.9722415795586528,25.0,0.78125,0.0,0.0,0.0
0.6021239120578248,0.3929999999999999,0.00026913070781376156,PIT,CIN,1.0,2026,3,0.001,AFC North,AFC North,1,1,0.7716608594657375,8610,3,1,2026-09-27,0.5,0.8270000000000001,0.173,0.1744837546740707,1.609375,5.0,0.0,1.4741557179094622,-0.107,-0.609375,0.4752116082224908,0.2,23.0,18.0,32,0.71875,0.5625,0,-0.4340000000000001,0.0,0.0,0.0,0.0,0,0,0,1,0,0,0.0,0.0,1966.0,0.3441659671423432,0,0,0,0,0,0.0,0.0,0.0,0.0,0.0,0.0,1.0,0.03125,0.0,0.0,0.0,0.0,0.0,0.0,1.0,0.03125,0.0,0.0,0.0,0.0,0.0,0.0,1.0,0.03125,0.0,0.0,0.0,0.0,0.0,0.0,1.0,0.03125,0.9375,1.0,0.2166085946573751,0.1617870397689738,-0.1658391405342625,0.7716608594657375,30.0,0.9375,0.0,0.0,0.0
0.5829171787528814,0.386,8.971023593792052e-05,DAL,BAL,1.5,2026,3,0.001,NFC East,AFC North,0,1,0.994541231126597,8610,1,0,2026-09-27,0.5,0.8270000000000001,0.173,0.1744837546740707,1.609375,5.0,0.0,1.4741557179094622,-0.1139999999999999,-0.109375,0.4667472793228536,0.3,24.0,15.0,32,0.75,0.46875,0,-0.441,0.0,0.0,0.0,0.0,0,0,1,0,0,0,0.0,0.0,47.0,0.3441659671423432,0,0,0,0,0,0.0,0.0,0.0,0.0,0.0,0.0,1.0,0.03125,0.0,0.0,0.0,0.0,0.0,0.0,1.0,0.03125,0.0,0.0,0.0,0.0,0.0,0.0,1.0,0.03125,0.0,0.0,0.0,0.0,0.0,0.0,1.0,0.03125,0.9375,1.0,0.2166085946573751,0.1617870397689738,0.0570412311265969,0.994541231126597,16.0,0.5,0.0,0.0,0.0
0.5605914614619064,0.368,8.971023593792052e-05,CHI,PHI,1.0,2026,3,0.001,NFC North,NFC East,0,1,0.9912891986062716,8610,1,1,2026-09-28,0.5,0.8270000000000001,0.173,0.1744837546740707,1.609375,5.0,0.0,1.4741557179094622,-0.132,-0.609375,0.4449818621523578,0.2,25.0,18.0,32,0.78125,0.5625,0,-0.4590000000000001,0.0,0.0,0.0,0.0,0,0,0,1,1,0,0.0,0.0,75.0,0.3441659671423432,0,0,0,0,0,0.0,0.0,0.0,0.0,0.0,0.0,1.0,0.03125,0.0,0.0,0.0,0.0,0.0,0.0,1.0,0.03125,0.0,0.0,0.0,0.0,0.0,0.0,1.0,0.03125,0.0,0.0,0.0,0.0,0.0,0.0,1.0,0.03125,0.9375,1.0,0.2166085946573751,0.1617870397689738,0.0537891986062716,0.9912891986062716,19.0,0.59375,0.0,0.0,0.0
0.5246933163419618,0.321,0.0015250740109446488,ATL,GB,0.0,2026,3,0.001,NFC South,NFC North,0,0,1.0,8610,17,0,2026-09-24,0.5,0.8270000000000001,0.173,0.1744837546740707,1.609375,5.0,0.0,1.4741557179094622,-0.179,-1.609375,0.3881499395405078,0.0,27.0,26.0,32,0.84375,0.8125,0,-0.506,0.0,0.0,0.0,0.0,0,0,0,0,0,0,0.0,0.0,0.0,0.3441659671423432,1,1,0,0,1,0.0,0.0,0.0,0.0,0.0,0.0,1.0,0.03125,0.0,0.0,0.0,0.0,0.0,0.0,1.0,0.03125,0.0,0.0,0.0,0.0,0.0,0.0,1.0,0.03125,0.0,0.0,0.0,0.0,0.0,0.0,1.0,0.03125,0.9375,1.0,0.2166085946573751,0.1617870397689738,0.0625,1.0,1.0,0.03125,0.0,0.0,0.0
0.5634466964542475,0.351,0.0009868125953171258,LV,NO,0.0,2026,3,0.002,AFC West,NFC South,0,0,0.9276422764227642,8610,11,0,2026-09-27,0.5,0.8270000000000001,0.173,0.1744837546740707,1.609375,5.0,0.0,1.4741557179094622,-0.1489999999999999,-1.609375,0.4244256348246675,0.0,26.0,26.0,32,0.8125,0.8125,0,-0.476,0.0,0.0,0.0,0.0,0,0,0,0,0,0,0.0,0.0,623.0,0.3441659671423432,0,0,0,0,0,0.0,0.0,0.0,0.0,0.0,0.0,1.0,0.03125,0.0,0.0,0.0,0.0,0.0,0.0,1.0,0.03125,0.0,0.0,0.0,0.0,0.0,0.0,1.0,0.03125,0.0,0.0,0.0,0.0,0.0,0.0,1.0,0.03125,0.9375,1.0,0.2166085946573751,0.1617870397689738,-0.0098577235772358,0.9276422764227642,27.0,0.84375,0.0,0.0,0.0
0.5376430724821963,0.173,0.00026913070781376156,MIA,KC,0.0,2026,3,0.0,AFC East,AFC West,0,0,1.0,8610,3,0,2026-09-27,0.5,0.8270000000000001,0.173,0.1744837546740707,1.609375,5.0,0.0,1.4741557179094622,-0.3269999999999999,-1.609375,0.2091898428053204,0.0,32.0,26.0,32,1.0,0.8125,0,-0.654,0.0,0.0,0.0,0.0,0,0,0,0,0,0,0.0,0.0,0.0,0.3441659671423432,0,0,0,0,0,0.0,0.0,0.0,0.0,0.0,0.0,1.0,0.03125,0.0,0.0,0.0,0.0,0.0,0.0,1.0,0.03125,0.0,0.0,0.0,0.0,0.0,0.0,1.0,0.03125,0.0,0.0,0.0,0.0,0.0,0.0,1.0,0.03125,0.9375,1.0,0.2166085946573751,0.1617870397689738,0.0625,1.0,1.0,0.03125,0.0,0.0,0.0
0.457658678236465,0.266,0.00026913070781376156,NYJ,DET,0.5,2026,3,0.0,AFC East,NFC North,0,0,0.9938443670150988,8610,3,1,2026-09-27,0.5,0.8270000000000001,0.173,0.1744837546740707,1.609375,5.0,0.0,1.4741557179094622,-0.2339999999999999,-1.109375,0.3216444981862152,0.1,28.0,21.0,32,0.875,0.65625,0,-0.561,0.0,0.0,0.0,0.0,0,0,0,0,0,0,0.0,0.0,53.0,0.3441659671423432,0,0,0,0,0,0.0,0.0,0.0,0.0,0.0,0.0,1.0,0.03125,0.0,0.0,0.0,0.0,0.0,0.0,1.0,0.03125,0.0,0.0,0.0,0.0,0.0,0.0,1.0,0.03125,0.0,0.0,0.0,0.0,0.0,0.0,1.0,0.03125,0.9375,1.0,0.2166085946573751,0.1617870397689738,0.0563443670150988,0.9938443670150988,17.0,0.53125,0.0,0.0,0.0
0.419368674959651,0.257,0.00017942047187584104,LAC,BUF,1.0,2026,3,0.0,AFC West,AFC East,0,1,1.0,8610,2,0,2026-09-27,0.5,0.8270000000000001,0.173,0.1744837546740707,1.609375,5.0,0.0,1.4741557179094622,-0.243,-0.609375,0.3107617896009673,0.2,29.0,18.0,32,0.90625,0.5625,0,-0.5700000000000001,0.0,0.0,0.0,0.0,0,0,0,0,0,0,0.0,0.0,0.0,0.3441659671423432,0,0,0,0,0,0.0,0.0,0.0,0.0,0.0,0.0,1.0,0.03125,0.0,0.0,0.0,0.0,0.0,0.0,1.0,0.03125,0.0,0.0,0.0,0.0,0.0,0.0,1.0,0.03125,0.0,0.0,0.0,0.0,0.0,0.0,1.0,0.03125,0.9375,1.0,0.2166085946573751,0.1617870397689738,0.0625,1.0,1.0,0.03125,0.0,0.0,0.0
0.4043953635908153,0.24,8.971023593792052e-05,ARI,SF,0.0,2026,3,0.0,NFC West,NFC West,1,1,0.9998838559814168,8610,1,1,2026-09-27,0.5,0.8270000000000001,0.173,0.1744837546740707,1.609375,5.0,0.0,1.4741557179094622,-0.26,-1.609375,0.2902055622732769,0.0,30.0,26.0,32,0.9375,0.8125,0,-0.5870000000000001,0.0,0.0,0.0,0.0,0,0,0,0,0,0,0.0,0.0,1.0,0.3441659671423432,0,0,0,0,0,0.0,0.0,0.0,0.0,0.0,0.0,1.0,0.03125,0.0,0.0,0.0,0.0,0.0,0.0,1.0,0.03125,0.0,0.0,0.0,0.0,0.0,0.0,1.0,0.03125,0.0,0.0,0.0,0.0,0.0,0.0,1.0,0.03125,0.9375,1.0,0.2166085946573751,0.1617870397689738,0.0623838559814168,0.9998838559814168,11.0,0.34375,0.0,0.0,0.0
0.4251510935529189,0.2289999999999999,0.0,WAS,SEA,0.5,2026,3,0.0,NFC East,NFC West,0,0,1.0,8610,0,0,2026-09-27,0.5,0.8270000000000001,0.173,0.1744837546740707,1.609375,5.0,0.0,1.4741557179094622,-0.271,-1.109375,0.2769044740024183,0.1,31.0,21.0,32,0.96875,0.65625,0,-0.5980000000000001,0.0,0.0,0.0,0.0,0,0,0,0,0,0,0.0,0.0,0.0,0.3441659671423432,0,0,0,0,0,0.0,0.0,0.0,0.0,0.0,0.0,1.0,0.03125,0.0,0.0,0.0,0.0,0.0,0.0,1.0,0.03125,0.0,0.0,0.0,0.0,0.0,0.0,1.0,0.03125,0.0,0.0,0.0,0.0,0.0,0.0,1.0,0.03125,0.9375,1.0,0.2166085946573751,0.1617870397689738,0.0625,1.0,1.0,0.03125,0.0,0.0,0.0
