EV,Win %,Pick %,Team,Opponent,Future Value (Stars),Year,Week,Public Pick %,Team Division,Opponent Division,Divisional Matchup?,Away Team,Availability,Calculated Current Week Alive Entries,Calculated Current Week Picks,Winning Team,Calendar Date,Week_Mean_WinPct,Week_Max_WinPct,Week_Min_WinPct,Week_Std_WinPct,Week_Mean_FV,Week_Max_FV,Week_Min_FV,Week_Std_FV,Team_WinPct_RelativeToWeekMean,Team_FV_RelativeToWeekMean,Team_WinPct_RelativeToTopTeam,Team_FV_RelativeToTopTeam,Win % Rank,Star Rating Rank,Num_Teams_This_Week,Rank_Density,FV_Rank_Density,Is_Top_In_Week,WinPct_Diff_From_Top,Future_Weeks_Top_Team,Future_Weeks_Over_80,Future_Weeks_70_80,Future_Weeks_60_70,Thursday Night Game,Thursday_Home,Thursday_Away,Thursday_Favorite,Thursday_Underdog,Week_Mean_80,Week_Max_80,Week_Min_80,Week_Std_80,Team_80_RelativeToWeekMean,Team_80_RelativeToTopTeam,80_Rank,80_Rank_Density,Week_Mean_70_80,Week_Max_70_80,Week_Min_70_80,Week_Std_70_80,Team_70_80_RelativeToWeekMean,Team_70_80_RelativeToTopTeam,70_80_Rank,70_80_Rank_Density,Week_Mean_60_70,Week_Max_60_70,Week_Min_60_70,Week_Std_60_70,Team_60_70_RelativeToWeekMean,Team_60_70_RelativeToTopTeam,60_70_Rank,60_70_Rank_Density,Week_Mean_Top_Team,Week_Max_Top_Team,Week_Min_Top_Team,Week_Std_Top_Team,Team_Top_Team_RelativeToWeekMean,Team_Top_Team_RelativeToTopTeam,Top_Team_Rank,Top_Team_Rank_Density,Week_Mean_Availability,Week_Max_Availability,Week_Min_Availability,Week_Std_Availability,Team_Availability_RelativeToWeekMean,Team_Availability_RelativeToTopTeam,Availability_Rank,Availability_Rank_Density,christmas_week,thanksgiving_week,Thanksgiving Favorite,Thanksgiving Underdog,Christmas Favorite,Christmas Underdog,Pre Thanksgiving,Pre Christmas,christmas_win_pct,thanksgiving_win_pct,Holiday Strength,Calculated Prior Week Picks by Alive Entries,Entry Remaining Percent
8.701625272366913,0.7979999999999999,0.0,LAC,ARI,2.0,2026,1,0.268,AFC West,NFC West,0,0,1.0,25017,0,1,2026-09-13,0.5,0.7979999999999999,0.2019999999999999,0.162462104762529,1.84375,5.0,0.0,1.515710735021054,0.2979999999999999,0.15625,1.0,0.4,1.0,13.0,32,0.03125,0.40625,1,0.0,0.0,0.0,0.0,0.0,0,0,0,0,0,0.0,0.0,0.0,0.0,0.0,0.0,1.0,0.03125,0.0,0.0,0.0,0.0,0.0,0.0,1.0,0.03125,0.0,0.0,0.0,0.0,0.0,0.0,1.0,0.03125,0.0,0.0,0.0,0.0,0.0,0.0,1.0,0.03125,1.0,1.0,1.0,0.0,0.0,1.0,1.0,0.03125,0,0,0,0,0,0,0.0,0.0,0.0,0.0,0.0,0,1.0
6.084664686015501,0.785,0.0733501219170963,JAX,CLE,1.0,2026,1,0.228,AFC South,AFC North,0,0,1.0,25017,1835,1,2026-09-13,0.5,0.7979999999999999,0.2019999999999999,0.162462104762529,1.84375,5.0,0.0,1.515710735021054,0.285,-0.84375,0.9837092731829576,0.2,2.0,19.0,32,0.0625,0.59375,0,-0.0129999999999999,0.0,0.0,0.0,0.0,0,0,0,0,0,0.0,0.0,0.0,0.0,0.0,0.0,1.0,0.03125,0.0,0.0,0.0,0.0,0.0,0.0,1.0,0.03125,0.0,0.0,0.0,0.0,0.0,0.0,1.0,0.03125,0.0,0.0,0.0,0.0,0.0,0.0,1.0,0.03125,1.0,1.0,1.0,0.0,0.0,1.0,1.0,0.03125,0,0,0,0,0,0,0.0,0.0,0.0,0.0,0.0,0,1.0
7.271563690391019,0.7390000000000001,0.0154694807530879,DET,NO,3.5,2026,1,0.126,NFC North,NFC South,0,0,1.0,25017,387,0,2026-09-13,0.5,0.7979999999999999,0.2019999999999999,0.162462104762529,1.84375,5.0,0.0,1.515710735021054,0.2390000000000001,1.65625,0.9260651629072684,0.7,3.0,5.0,32,0.09375,0.15625,0,-0.0589999999999998,0.0,0.0,0.0,0.0,0,0,0,0,0,0.0,0.0,0.0,0.0,0.0,0.0,1.0,0.03125,0.0,0.0,0.0,0.0,0.0,0.0,1.0,0.03125,0.0,0.0,0.0,0.0,0.0,0.0,1.0,0.03125,0.0,0.0,0.0,0.0,0.0,0.0,1.0,0.03125,1.0,1.0,1.0,0.0,0.0,1.0,1.0,0.03125,0,0,1,0,0,0,0.0,0.0,0.0,0.0,0.0,0,1.0
6.124737483389591,0.718,0.0416916496782188,PIT,ATL,1.0,2026,1,0.077,AFC North,NFC South,0,1,1.0,25017,1043,1,2026-09-13,0.5,0.7979999999999999,0.2019999999999999,0.162462104762529,1.84375,5.0,0.0,1.515710735021054,0.2179999999999999,-0.84375,0.899749373433584,0.2,4.0,19.0,32,0.125,0.59375,0,-0.0799999999999999,0.0,0.0,0.0,0.0,0,0,0,0,0,0.0,0.0,0.0,0.0,0.0,0.0,1.0,0.03125,0.0,0.0,0.0,0.0,0.0,0.0,1.0,0.03125,0.0,0.0,0.0,0.0,0.0,0.0,1.0,0.03125,0.0,0.0,0.0,0.0,0.0,0.0,1.0,0.03125,1.0,1.0,1.0,0.0,0.0,1.0,1.0,0.03125,0,0,0,1,0,0,0.0,0.0,0.0,0.0,0.0,0,1.0
7.143350318557337,0.695,0.0071951073270176,PHI,WAS,2.5,2026,1,0.034,NFC East,NFC East,1,0,1.0,25017,180,0,2026-09-13,0.5,0.7979999999999999,0.2019999999999999,0.162462104762529,1.84375,5.0,0.0,1.515710735021054,0.1949999999999999,0.65625,0.8709273182957393,0.5,5.0,10.0,32,0.15625,0.3125,0,-0.1029999999999999,0.0,0.0,0.0,0.0,0,0,0,0,0,0.0,0.0,0.0,0.0,0.0,0.0,1.0,0.03125,0.0,0.0,0.0,0.0,0.0,0.0,1.0,0.03125,0.0,0.0,0.0,0.0,0.0,0.0,1.0,0.03125,0.0,0.0,0.0,0.0,0.0,0.0,1.0,0.03125,1.0,1.0,1.0,0.0,0.0,1.0,1.0,0.03125,0,0,0,1,1,0,0.0,0.0,0.0,0.0,0.0,0,1.0
6.755442620158462,0.639,0.0029180157492904,CIN,TB,2.5,2026,1,0.012,AFC North,NFC South,0,1,1.0,25017,73,1,2026-09-13,0.5,0.7979999999999999,0.2019999999999999,0.162462104762529,1.84375,5.0,0.0,1.515710735021054,0.139,0.65625,0.8007518796992482,0.5,7.0,10.0,32,0.21875,0.3125,0,-0.1589999999999999,0.0,0.0,0.0,0.0,0,0,0,0,0,0.0,0.0,0.0,0.0,0.0,0.0,1.0,0.03125,0.0,0.0,0.0,0.0,0.0,0.0,1.0,0.03125,0.0,0.0,0.0,0.0,0.0,0.0,1.0,0.03125,0.0,0.0,0.0,0.0,0.0,0.0,1.0,0.03125,1.0,1.0,1.0,0.0,0.0,1.0,1.0,0.03125,0,0,0,0,0,0,0.0,0.0,0.0,0.0,0.0,0,1.0
6.9964355798774776,0.6409999999999999,0.0,LAR,SF,5.0,2026,1,0.018,NFC West,NFC West,1,0,1.0,25017,0,0,2026-09-10,0.5,0.7979999999999999,0.2019999999999999,0.162462104762529,1.84375,5.0,0.0,1.515710735021054,0.1409999999999999,3.15625,0.8032581453634084,1.0,6.0,1.0,32,0.1875,0.03125,0,-0.157,0.0,0.0,0.0,0.0,1,1,0,1,0,0.0,0.0,0.0,0.0,0.0,0.0,1.0,0.03125,0.0,0.0,0.0,0.0,0.0,0.0,1.0,0.03125,0.0,0.0,0.0,0.0,0.0,0.0,1.0,0.03125,0.0,0.0,0.0,0.0,0.0,0.0,1.0,0.03125,1.0,1.0,1.0,0.0,0.0,1.0,1.0,0.03125,0,0,1,0,1,0,0.0,0.0,0.0,0.0,0.0,0,1.0
6.516977941392318,0.612,0.0019986409241715,SEA,NE,3.5,2026,1,0.02,NFC West,AFC East,0,0,1.0,25017,50,1,2026-09-09,0.5,0.7979999999999999,0.2019999999999999,0.162462104762529,1.84375,5.0,0.0,1.515710735021054,0.1119999999999999,1.65625,0.7669172932330828,0.7,8.0,5.0,32,0.25,0.15625,0,-0.1859999999999999,0.0,0.0,0.0,0.0,0,0,0,0,0,0.0,0.0,0.0,0.0,0.0,0.0,1.0,0.03125,0.0,0.0,0.0,0.0,0.0,0.0,1.0,0.03125,0.0,0.0,0.0,0.0,0.0,0.0,1.0,0.03125,0.0,0.0,0.0,0.0,0.0,0.0,1.0,0.03125,1.0,1.0,1.0,0.0,0.0,1.0,1.0,0.03125,0,0,0,0,0,1,0.0,0.0,0.0,0.0,0.0,0,1.0
6.654882776459342,0.609,0.0,DAL,NYG,2.0,2026,1,0.019,NFC East,NFC East,1,0,1.0,25017,0,1,2026-09-13,0.5,0.7979999999999999,0.2019999999999999,0.162462104762529,1.84375,5.0,0.0,1.515710735021054,0.1089999999999999,0.15625,0.7631578947368421,0.4,9.0,13.0,32,0.28125,0.40625,0,-0.1889999999999999,0.0,0.0,0.0,0.0,0,0,0,0,0,0.0,0.0,0.0,0.0,0.0,0.0,1.0,0.03125,0.0,0.0,0.0,0.0,0.0,0.0,1.0,0.03125,0.0,0.0,0.0,0.0,0.0,0.0,1.0,0.03125,0.0,0.0,0.0,0.0,0.0,0.0,1.0,0.03125,1.0,1.0,1.0,0.0,0.0,1.0,1.0,0.03125,0,0,1,0,0,0,0.0,0.0,0.0,0.0,0.0,0,1.0
6.341290386333643,0.593,0.0015189671023703,BAL,IND,4.0,2026,1,0.016,AFC North,AFC South,0,1,1.0,25017,38,0,2026-09-13,0.5,0.7979999999999999,0.2019999999999999,0.162462104762529,1.84375,5.0,0.0,1.515710735021054,0.0929999999999999,2.15625,0.7431077694235589,0.8,11.0,3.0,32,0.34375,0.09375,0,-0.2049999999999999,0.0,0.0,0.0,0.0,0,0,0,0,0,0.0,0.0,0.0,0.0,0.0,0.0,1.0,0.03125,0.0,0.0,0.0,0.0,0.0,0.0,1.0,0.03125,0.0,0.0,0.0,0.0,0.0,0.0,1.0,0.03125,0.0,0.0,0.0,0.0,0.0,0.0,1.0,0.03125,1.0,1.0,1.0,0.0,0.0,1.0,1.0,0.03125,0,0,0,0,0,0,0.0,0.0,0.0,0.0,0.0,0,1.0
6.327851530881476,0.593,0.0017188311947875,CHI,CAR,2.5,2026,1,0.031,NFC North,NFC South,0,0,1.0,25017,43,1,2026-09-13,0.5,0.7979999999999999,0.2019999999999999,0.162462104762529,1.84375,5.0,0.0,1.515710735021054,0.0929999999999999,0.65625,0.7431077694235589,0.5,11.0,10.0,32,0.34375,0.3125,0,-0.2049999999999999,0.0,0.0,0.0,0.0,0,0,0,0,0,0.0,0.0,0.0,0.0,0.0,0.0,1.0,0.03125,0.0,0.0,0.0,0.0,0.0,0.0,1.0,0.03125,0.0,0.0,0.0,0.0,0.0,0.0,1.0,0.03125,0.0,0.0,0.0,0.0,0.0,0.0,1.0,0.03125,1.0,1.0,1.0,0.0,0.0,1.0,1.0,0.03125,0,0,0,1,1,0,0.0,0.0,0.0,0.0,0.0,0,1.0
5.8576897539466355,0.599,0.0121117640004796,LV,MIA,0.0,2026,1,0.049,AFC West,AFC East,0,0,1.0,25017,303,1,2026-09-13,0.5,0.7979999999999999,0.2019999999999999,0.162462104762529,1.84375,5.0,0.0,1.515710735021054,0.0989999999999999,-1.84375,0.7506265664160401,0.0,10.0,27.0,32,0.3125,0.84375,0,-0.1989999999999999,0.0,0.0,0.0,0.0,0,0,0,0,0,0.0,0.0,0.0,0.0,0.0,0.0,1.0,0.03125,0.0,0.0,0.0,0.0,0.0,0.0,1.0,0.03125,0.0,0.0,0.0,0.0,0.0,0.0,1.0,0.03125,0.0,0.0,0.0,0.0,0.0,0.0,1.0,0.03125,1.0,1.0,1.0,0.0,0.0,1.0,1.0,0.03125,0,0,0,0,0,0,0.0,0.0,0.0,0.0,0.0,0,1.0
6.082347572390195,0.562,0.0004796738218011,MIN,GB,1.5,2026,1,0.004,NFC North,NFC North,1,0,1.0,25017,12,0,2026-09-13,0.5,0.7979999999999999,0.2019999999999999,0.162462104762529,1.84375,5.0,0.0,1.515710735021054,0.062,-0.34375,0.7042606516290728,0.3,13.0,16.0,32,0.40625,0.5,0,-0.2359999999999998,0.0,0.0,0.0,0.0,0,0,0,0,0,0.0,0.0,0.0,0.0,0.0,0.0,1.0,0.03125,0.0,0.0,0.0,0.0,0.0,0.0,1.0,0.03125,0.0,0.0,0.0,0.0,0.0,0.0,1.0,0.03125,0.0,0.0,0.0,0.0,0.0,0.0,1.0,0.03125,1.0,1.0,1.0,0.0,0.0,1.0,1.0,0.03125,0,0,0,0,0,0,0.0,0.0,0.0,0.0,0.0,0,1.0
5.8410068834883,0.537,0.0001998640924171,KC,DEN,4.0,2026,1,0.009,AFC West,AFC West,1,1,1.0,25017,5,1,2026-09-14,0.5,0.7979999999999999,0.2019999999999999,0.162462104762529,1.84375,5.0,0.0,1.515710735021054,0.037,2.15625,0.6729323308270677,0.8,14.0,3.0,32,0.4375,0.09375,0,-0.2609999999999999,0.0,0.0,0.0,0.0,0,0,0,0,0,0.0,0.0,0.0,0.0,0.0,0.0,1.0,0.03125,0.0,0.0,0.0,0.0,0.0,0.0,1.0,0.03125,0.0,0.0,0.0,0.0,0.0,0.0,1.0,0.03125,0.0,0.0,0.0,0.0,0.0,0.0,1.0,0.03125,1.0,1.0,1.0,0.0,0.0,1.0,1.0,0.03125,0,0,0,1,0,0,0.0,0.0,0.0,0.0,0.0,0,1.0
5.749903537542512,0.518,0.0,TEN,NYJ,0.0,2026,1,0.026,AFC South,AFC East,0,0,1.0,25017,0,1,2026-09-13,0.5,0.7979999999999999,0.2019999999999999,0.162462104762529,1.84375,5.0,0.0,1.515710735021054,0.018,-1.84375,0.649122807017544,0.0,15.0,27.0,32,0.46875,0.84375,0,-0.2799999999999999,0.0,0.0,0.0,0.0,0,0,0,0,0,0.0,0.0,0.0,0.0,0.0,0.0,1.0,0.03125,0.0,0.0,0.0,0.0,0.0,0.0,1.0,0.03125,0.0,0.0,0.0,0.0,0.0,0.0,1.0,0.03125,0.0,0.0,0.0,0.0,0.0,0.0,1.0,0.03125,1.0,1.0,1.0,0.0,0.0,1.0,1.0,0.03125,0,0,0,0,0,0,0.0,0.0,0.0,0.0,0.0,0,1.0
5.588416563022288,0.512,0.0,BUF,HOU,3.0,2026,1,0.011,AFC East,AFC South,0,1,1.0,25017,0,0,2026-09-13,0.5,0.7979999999999999,0.2019999999999999,0.162462104762529,1.84375,5.0,0.0,1.515710735021054,0.012,1.15625,0.6416040100250627,0.6,16.0,8.0,32,0.5,0.25,0,-0.2859999999999999,0.0,0.0,0.0,0.0,0,0,0,0,0,0.0,0.0,0.0,0.0,0.0,0.0,1.0,0.03125,0.0,0.0,0.0,0.0,0.0,0.0,1.0,0.03125,0.0,0.0,0.0,0.0,0.0,0.0,1.0,0.03125,0.0,0.0,0.0,0.0,0.0,0.0,1.0,0.03125,1.0,1.0,1.0,0.0,0.0,1.0,1.0,0.03125,0,0,1,0,1,0,0.0,0.0,0.0,0.0,0.0,0,1.0
5.326459536630587,0.488,0.0,HOU,BUF,1.5,2026,1,0.002,AFC South,AFC East,0,0,1.0,25017,0,0,2026-09-13,0.5,0.7979999999999999,0.2019999999999999,0.162462104762529,1.84375,5.0,0.0,1.515710735021054,-0.012,-0.34375,0.6115288220551379,0.3,17.0,16.0,32,0.53125,0.5,0,-0.3099999999999999,0.0,0.0,0.0,0.0,0,0,0,0,0,0.0,0.0,0.0,0.0,0.0,0.0,1.0,0.03125,0.0,0.0,0.0,0.0,0.0,0.0,1.0,0.03125,0.0,0.0,0.0,0.0,0.0,0.0,1.0,0.03125,0.0,0.0,0.0,0.0,0.0,0.0,1.0,0.03125,1.0,1.0,1.0,0.0,0.0,1.0,1.0,0.03125,0,0,0,0,0,1,0.0,0.0,0.0,0.0,0.0,0,1.0
5.1649725621103695,0.482,0.0010792660990526,NYJ,TEN,0.5,2026,1,0.009,AFC East,AFC South,0,1,1.0,25017,27,1,2026-09-13,0.5,0.7979999999999999,0.2019999999999999,0.162462104762529,1.84375,5.0,0.0,1.515710735021054,-0.018,-1.34375,0.6040100250626567,0.1,18.0,24.0,32,0.5625,0.75,0,-0.3159999999999999,0.0,0.0,0.0,0.0,0,0,0,0,0,0.0,0.0,0.0,0.0,0.0,0.0,1.0,0.03125,0.0,0.0,0.0,0.0,0.0,0.0,1.0,0.03125,0.0,0.0,0.0,0.0,0.0,0.0,1.0,0.03125,0.0,0.0,0.0,0.0,0.0,0.0,1.0,0.03125,1.0,1.0,1.0,0.0,0.0,1.0,1.0,0.03125,0,0,0,0,0,0,0.0,0.0,0.0,0.0,0.0,0,1.0
5.073869216164558,0.4629999999999999,0.0,DEN,KC,2.0,2026,1,0.011,AFC West,AFC West,1,1,1.0,25017,0,0,2026-09-14,0.5,0.7979999999999999,0.2019999999999999,0.162462104762529,1.84375,5.0,0.0,1.515710735021054,-0.037,0.15625,0.5802005012531327,0.4,19.0,13.0,32,0.59375,0.40625,0,-0.335,0.0,0.0,0.0,0.0,0,0,0,0,0,0.0,0.0,0.0,0.0,0.0,0.0,1.0,0.03125,0.0,0.0,0.0,0.0,0.0,0.0,1.0,0.03125,0.0,0.0,0.0,0.0,0.0,0.0,1.0,0.03125,0.0,0.0,0.0,0.0,0.0,0.0,1.0,0.03125,1.0,1.0,1.0,0.0,0.0,1.0,1.0,0.03125,0,0,1,0,0,1,0.0,0.0,0.0,0.0,0.0,0,1.0
4.832528527262712,0.4379999999999999,0.0,GB,MIN,3.0,2026,1,0.005,NFC North,NFC North,1,1,1.0,25017,0,0,2026-09-13,0.5,0.7979999999999999,0.2019999999999999,0.162462104762529,1.84375,5.0,0.0,1.515710735021054,-0.0620000000000001,1.15625,0.5488721804511277,0.6,20.0,8.0,32,0.625,0.25,0,-0.36,0.0,0.0,0.0,0.0,0,0,0,0,0,0.0,0.0,0.0,0.0,0.0,0.0,1.0,0.03125,0.0,0.0,0.0,0.0,0.0,0.0,1.0,0.03125,0.0,0.0,0.0,0.0,0.0,0.0,1.0,0.03125,0.0,0.0,0.0,0.0,0.0,0.0,1.0,0.03125,1.0,1.0,1.0,0.0,0.0,1.0,1.0,0.03125,0,0,0,1,0,1,0.0,0.0,0.0,0.0,0.0,0,1.0
5.05718634570619,0.401,0.0,MIA,LV,0.0,2026,1,0.004,AFC East,AFC West,0,0,1.0,25017,0,1,2026-09-13,0.5,0.7979999999999999,0.2019999999999999,0.162462104762529,1.84375,5.0,0.0,1.515710735021054,-0.0989999999999999,-1.84375,0.5025062656641605,0.0,23.0,27.0,32,0.71875,0.84375,0,-0.3969999999999999,0.0,0.0,0.0,0.0,0,0,0,0,0,0.0,0.0,0.0,0.0,0.0,0.0,1.0,0.03125,0.0,0.0,0.0,0.0,0.0,0.0,1.0,0.03125,0.0,0.0,0.0,0.0,0.0,0.0,1.0,0.03125,0.0,0.0,0.0,0.0,0.0,0.0,1.0,0.03125,1.0,1.0,1.0,0.0,0.0,1.0,1.0,0.03125,0,0,0,0,0,0,0.0,0.0,0.0,0.0,0.0,0,1.0
4.587024568771377,0.407,0.0,CAR,CHI,0.5,2026,1,0.002,NFC South,NFC North,0,1,1.0,25017,0,0,2026-09-13,0.5,0.7979999999999999,0.2019999999999999,0.162462104762529,1.84375,5.0,0.0,1.515710735021054,-0.093,-1.34375,0.5100250626566416,0.1,21.0,24.0,32,0.65625,0.75,0,-0.3909999999999999,0.0,0.0,0.0,0.0,0,0,0,0,0,0.0,0.0,0.0,0.0,0.0,0.0,1.0,0.03125,0.0,0.0,0.0,0.0,0.0,0.0,1.0,0.03125,0.0,0.0,0.0,0.0,0.0,0.0,1.0,0.03125,0.0,0.0,0.0,0.0,0.0,0.0,1.0,0.03125,1.0,1.0,1.0,0.0,0.0,1.0,1.0,0.03125,0,0,0,0,0,0,0.0,0.0,0.0,0.0,0.0,0,1.0
4.57358571331921,0.407,0.0,IND,BAL,1.0,2026,1,0.002,AFC South,AFC North,0,1,1.0,25017,0,0,2026-09-13,0.5,0.7979999999999999,0.2019999999999999,0.162462104762529,1.84375,5.0,0.0,1.515710735021054,-0.093,-0.84375,0.5100250626566416,0.2,21.0,19.0,32,0.65625,0.59375,0,-0.3909999999999999,0.0,0.0,0.0,0.0,0,0,0,0,0,0.0,0.0,0.0,0.0,0.0,0.0,1.0,0.03125,0.0,0.0,0.0,0.0,0.0,0.0,1.0,0.03125,0.0,0.0,0.0,0.0,0.0,0.0,1.0,0.03125,0.0,0.0,0.0,0.0,0.0,0.0,1.0,0.03125,1.0,1.0,1.0,0.0,0.0,1.0,1.0,0.03125,0,0,0,0,0,0,0.0,0.0,0.0,0.0,0.0,0,1.0
4.25999332319347,0.391,0.0001199184554502,NYG,DAL,1.0,2026,1,0.003,NFC East,NFC East,1,1,1.0,25017,3,1,2026-09-13,0.5,0.7979999999999999,0.2019999999999999,0.162462104762529,1.84375,5.0,0.0,1.515710735021054,-0.1089999999999999,-0.84375,0.4899749373433584,0.2,24.0,19.0,32,0.75,0.59375,0,-0.4069999999999999,0.0,0.0,0.0,0.0,0,0,0,0,0,0.0,0.0,0.0,0.0,0.0,0.0,1.0,0.03125,0.0,0.0,0.0,0.0,0.0,0.0,1.0,0.03125,0.0,0.0,0.0,0.0,0.0,0.0,1.0,0.03125,0.0,0.0,0.0,0.0,0.0,0.0,1.0,0.03125,1.0,1.0,1.0,0.0,0.0,1.0,1.0,0.03125,0,0,0,0,0,0,0.0,0.0,0.0,0.0,0.0,0,1.0
4.397898158260524,0.3879999999999999,0.0,NE,SEA,3.5,2026,1,0.004,AFC East,NFC West,0,0,1.0,25017,0,0,2026-09-09,0.5,0.7979999999999999,0.2019999999999999,0.162462104762529,1.84375,5.0,0.0,1.515710735021054,-0.1120000000000001,1.65625,0.4862155388471177,0.7,25.0,5.0,32,0.78125,0.15625,0,-0.41,0.0,0.0,0.0,0.0,0,0,0,0,0,0.0,0.0,0.0,0.0,0.0,0.0,1.0,0.03125,0.0,0.0,0.0,0.0,0.0,0.0,1.0,0.03125,0.0,0.0,0.0,0.0,0.0,0.0,1.0,0.03125,0.0,0.0,0.0,0.0,0.0,0.0,1.0,0.03125,1.0,1.0,1.0,0.0,0.0,1.0,1.0,0.03125,0,0,0,0,0,0,0.0,0.0,0.0,0.0,0.0,0,1.0
3.9184405197753494,0.359,0.0,SF,LAR,5.0,2026,1,0.003,NFC West,NFC West,1,0,1.0,25017,0,0,2026-09-10,0.5,0.7979999999999999,0.2019999999999999,0.162462104762529,1.84375,5.0,0.0,1.515710735021054,-0.141,3.15625,0.449874686716792,1.0,27.0,1.0,32,0.84375,0.03125,0,-0.4389999999999999,0.0,0.0,0.0,0.0,1,1,0,0,1,0.0,0.0,0.0,0.0,0.0,0.0,1.0,0.03125,0.0,0.0,0.0,0.0,0.0,0.0,1.0,0.03125,0.0,0.0,0.0,0.0,0.0,0.0,1.0,0.03125,0.0,0.0,0.0,0.0,0.0,0.0,1.0,0.03125,1.0,1.0,1.0,0.0,0.0,1.0,1.0,0.03125,0,0,0,0,0,0,0.0,0.0,0.0,0.0,0.0,0,1.0
4.159433479494347,0.361,0.0,TB,CIN,1.5,2026,1,0.003,NFC South,AFC North,0,0,1.0,25017,0,0,2026-09-13,0.5,0.7979999999999999,0.2019999999999999,0.162462104762529,1.84375,5.0,0.0,1.515710735021054,-0.139,-0.34375,0.4523809523809524,0.3,26.0,16.0,32,0.8125,0.5,0,-0.4369999999999999,0.0,0.0,0.0,0.0,0,0,0,0,0,0.0,0.0,0.0,0.0,0.0,0.0,1.0,0.03125,0.0,0.0,0.0,0.0,0.0,0.0,1.0,0.03125,0.0,0.0,0.0,0.0,0.0,0.0,1.0,0.03125,0.0,0.0,0.0,0.0,0.0,0.0,1.0,0.03125,1.0,1.0,1.0,0.0,0.0,1.0,1.0,0.03125,0,0,0,0,0,0,0.0,0.0,0.0,0.0,0.0,0,1.0
3.7715257810955123,0.305,0.0,WAS,PHI,0.5,2026,1,0.001,NFC East,NFC East,1,1,1.0,25017,0,1,2026-09-13,0.5,0.7979999999999999,0.2019999999999999,0.162462104762529,1.84375,5.0,0.0,1.515710735021054,-0.195,-1.34375,0.3822055137844611,0.1,28.0,24.0,32,0.875,0.75,0,-0.4929999999999999,0.0,0.0,0.0,0.0,0,0,0,0,0,0.0,0.0,0.0,0.0,0.0,0.0,1.0,0.03125,0.0,0.0,0.0,0.0,0.0,0.0,1.0,0.03125,0.0,0.0,0.0,0.0,0.0,0.0,1.0,0.03125,0.0,0.0,0.0,0.0,0.0,0.0,1.0,0.03125,1.0,1.0,1.0,0.0,0.0,1.0,1.0,0.03125,0,0,0,0,0,0,0.0,0.0,0.0,0.0,0.0,0,1.0
4.790138616263258,0.282,0.0,ATL,PIT,0.0,2026,1,0.002,NFC South,AFC North,0,1,1.0,25017,0,0,2026-09-13,0.5,0.7979999999999999,0.2019999999999999,0.162462104762529,1.84375,5.0,0.0,1.515710735021054,-0.218,-1.84375,0.3533834586466165,0.0,29.0,27.0,32,0.90625,0.84375,0,-0.516,0.0,0.0,0.0,0.0,0,0,0,0,0,0.0,0.0,0.0,0.0,0.0,0.0,1.0,0.03125,0.0,0.0,0.0,0.0,0.0,0.0,1.0,0.03125,0.0,0.0,0.0,0.0,0.0,0.0,1.0,0.03125,0.0,0.0,0.0,0.0,0.0,0.0,1.0,0.03125,1.0,1.0,1.0,0.0,0.0,1.0,1.0,0.03125,0,0,0,0,0,0,0.0,0.0,0.0,0.0,0.0,0,1.0
3.6433124092617266,0.261,0.0,NO,DET,1.0,2026,1,0.001,NFC South,NFC North,0,1,1.0,25017,0,0,2026-09-13,0.5,0.7979999999999999,0.2019999999999999,0.162462104762529,1.84375,5.0,0.0,1.515710735021054,-0.239,-0.84375,0.3270676691729324,0.2,30.0,19.0,32,0.9375,0.59375,0,-0.5369999999999999,0.0,0.0,0.0,0.0,0,0,0,0,0,0.0,0.0,0.0,0.0,0.0,0.0,1.0,0.03125,0.0,0.0,0.0,0.0,0.0,0.0,1.0,0.03125,0.0,0.0,0.0,0.0,0.0,0.0,1.0,0.03125,0.0,0.0,0.0,0.0,0.0,0.0,1.0,0.03125,1.0,1.0,1.0,0.0,0.0,1.0,1.0,0.03125,0,0,0,0,0,0,0.0,0.0,0.0,0.0,0.0,0,1.0
4.830211413637371,0.215,0.0,CLE,JAX,0.0,2026,1,0.001,AFC North,AFC South,0,1,1.0,25017,0,0,2026-09-13,0.5,0.7979999999999999,0.2019999999999999,0.162462104762529,1.84375,5.0,0.0,1.515710735021054,-0.285,-1.84375,0.2694235588972431,0.0,31.0,27.0,32,0.96875,0.84375,0,-0.583,0.0,0.0,0.0,0.0,0,0,0,0,0,0.0,0.0,0.0,0.0,0.0,0.0,1.0,0.03125,0.0,0.0,0.0,0.0,0.0,0.0,1.0,0.03125,0.0,0.0,0.0,0.0,0.0,0.0,1.0,0.03125,0.0,0.0,0.0,0.0,0.0,0.0,1.0,0.03125,1.0,1.0,1.0,0.0,0.0,1.0,1.0,0.03125,0,0,0,0,0,0,0.0,0.0,0.0,0.0,0.0,0,1.0
2.2132508272859153,0.2019999999999999,3.997281848343127e-05,ARI,LAC,0.0,2026,1,0.001,NFC West,AFC West,0,0,1.0,25017,1,0,2026-09-13,0.5,0.7979999999999999,0.2019999999999999,0.162462104762529,1.84375,5.0,0.0,1.515710735021054,-0.2980000000000001,-1.84375,0.2531328320802004,0.0,32.0,27.0,32,1.0,0.84375,0,-0.5960000000000001,0.0,0.0,0.0,0.0,0,0,0,0,0,0.0,0.0,0.0,0.0,0.0,0.0,1.0,0.03125,0.0,0.0,0.0,0.0,0.0,0.0,1.0,0.03125,0.0,0.0,0.0,0.0,0.0,0.0,1.0,0.03125,0.0,0.0,0.0,0.0,0.0,0.0,1.0,0.03125,1.0,1.0,1.0,0.0,0.0,1.0,1.0,0.03125,0,0,0,0,0,0,0.0,0.0,0.0,0.0,0.0,0,1.0
