type,player,position,from_team,to_team,value,epa,season,date,description
Free Agent Signing,Darius Jennings,WR,TEN,LAC,0.0,-2.1,2020,,Darius Jennings TEN→LAC
Free Agent Signing,Anthony Lanier,DL,LAC,NO,0.0,,2020,,Anthony Lanier LAC→NO
Free Agent Signing,Pace Murphy,OL,KC,DAL,0.0,,2020,,Pace Murphy KC→DAL
Free Agent Signing,Paul Richardson,WR,WAS,SEA,0.0,4.37,2020,,Paul Richardson WAS→SEA
Free Agent Signing,Zac Kerin,OL,WAS,TEN,0.0,,2020,,Zac Kerin WAS→TEN
Free Agent Signing,Kevin Wilkins,DL,NYG,DET,0.0,,2020,,Kevin Wilkins NYG→DET
Free Agent Signing,Cavon Walker,DL,KC,PIT,0.0,,2020,,Cavon Walker KC→PIT
Free Agent Signing,Quentin Poling,LB,ATL,MIN,0.0,,2020,,Quentin Poling ATL→MIN
Free Agent Signing,Ha Ha Clinton-Dix,S,CHI,DAL,1.09,,2020,,Ha Ha Clinton-Dix CHI→DAL
Free Agent Signing,Corey Levin,OL,CHI,NE,0.0,,2020,,Corey Levin CHI→NE
Free Agent Signing,Derrek Thomas,DB,PIT,CAR,0.0,,2020,,Derrek Thomas PIT→CAR
Free Agent Signing,Kyle Love,DT,CAR,TB,0.0,0.0,2020,,Kyle Love CAR→TB
Free Agent Signing,John Keenoy,OL,MIN,PIT,0.0,,2020,,John Keenoy MIN→PIT
Free Agent Signing,Cam Phillips,WR,BUF,CAR,0.0,,2020,,Cam Phillips BUF→CAR
Free Agent Signing,Jehu Chesson,WR,WAS,NYJ,0.0,,2020,,Jehu Chesson WAS→NYJ
Free Agent Signing,Dravon Askew-Henry,DB,PIT,NYG,0.0,,2020,,Dravon Askew-Henry PIT→NYG
Free Agent Signing,Marcus Marshall,RB,KC,TEN,0.0,,2020,,Marcus Marshall KC→TEN
Free Agent Signing,Saeed Blacknall,WR,ARI,PIT,0.0,,2020,,Saeed Blacknall ARI→PIT
Free Agent Signing,Paul Butler,TE,LV,NE,0.0,,2020,,Paul Butler LV→NE
Free Agent Signing,Tyler Jones,OL,DAL,DEN,0.0,,2020,,Tyler Jones DAL→DEN
Free Agent Signing,Ka'John Armstrong,OL,DEN,ATL,0.0,,2020,,Ka'John Armstrong DEN→ATL
Free Agent Signing,Ricky Walker,DL,DAL,CLE,0.0,,2020,,Ricky Walker DAL→CLE
Free Agent Signing,Brandon Hitner,OL,BUF,IND,0.0,,2020,,Brandon Hitner BUF→IND
Free Agent Signing,DeAndre Thompkins,WR,PHI,PIT,0.0,,2020,,DeAndre Thompkins PHI→PIT
Free Agent Signing,Jermaine Grace,LB,CLE,NYG,0.0,0.0,2020,,Jermaine Grace CLE→NYG
Free Agent Signing,Najee Goode,LB,JAX,IND,0.0,0.0,2020,,Najee Goode JAX→IND
Free Agent Signing,Matt Flanagan,TE,WAS,JAX,0.0,,2020,,Matt Flanagan WAS→JAX
Free Agent Signing,Lance Lenoir,WR,DAL,SEA,0.0,,2020,,Lance Lenoir DAL→SEA
Free Agent Signing,Kentrell Brice,DB,TB,ARI,0.0,,2020,,Kentrell Brice TB→ARI
Free Agent Signing,Maurice Smith,DB,WAS,TEN,0.0,0.0,2020,,Maurice Smith WAS→TEN
Free Agent Signing,Alex Light,OL,GB,DAL,0.0,,2020,,Alex Light GB→DAL
Free Agent Signing,Stephen Hauschka,K,BUF,JAX,0.0,,2020,,Stephen Hauschka BUF→JAX
Free Agent Signing,Brandon Carr,CB,BAL,DAL,0.0,0.0,2020,,Brandon Carr BAL→DAL
Free Agent Signing,Rod Smith,RB,LV,NYG,0.0,0.0,2020,,Rod Smith LV→NYG
Free Agent Signing,Justin Johnson,TE,SEA,ARI,0.0,,2020,,Justin Johnson SEA→ARI
Free Agent Signing,Malik Henry,WR,IND,NO,0.0,,2020,,Malik Henry IND→NO
Free Agent Signing,Johnny Holton,WR,PIT,NYG,0.0,-15.43,2020,,Johnny Holton PIT→NYG
Free Agent Signing,Jaron Brown,WR,SEA,ARI,0.0,-1.36,2020,,Jaron Brown SEA→ARI
Free Agent Signing,Timmy Jernigan,DT,PHI,JAX,0.0,0.0,2020,,Timmy Jernigan PHI→JAX
Free Agent Signing,Trumaine Johnson,CB,NYJ,CAR,0.0,0.0,2020,,Trumaine Johnson NYJ→CAR
Free Agent Signing,D'Andre Walker,LB,TEN,SEA,0.0,,2020,,D'Andre Walker TEN→SEA
Free Agent Signing,Terry Beckner,DL,TB,CHI,0.0,,2020,,Terry Beckner TB→CHI
Free Agent Signing,Tim Williams,LB,GB,SEA,0.0,0.0,2020,,Tim Williams GB→SEA
Free Agent Signing,Alec Ogletree,ILB,NYG,NYJ,0.92,,2020,,Alec Ogletree NYG→NYJ
Free Agent Signing,Marcus Gilchrist,S,JAX,BAL,0.0,0.0,2020,,Marcus Gilchrist JAX→BAL
Free Agent Signing,D.J. White,CB,DAL,LV,0.0,0.0,2020,,D.J. White DAL→LV
Free Agent Signing,Dontari Poe,DT,CAR,DAL,0.0,0.0,2020,,Dontari Poe CAR→DAL
Free Agent Signing,Cody Conway,OL,GB,SF,0.0,,2020,,Cody Conway GB→SF
Free Agent Signing,Kendall Donnerson,LB,LV,CIN,0.0,,2020,,Kendall Donnerson LV→CIN
Free Agent Signing,Eli Apple,CB,NO,CAR,1.31,,2020,,Eli Apple NO→CAR
Free Agent Signing,Jordan Roos,OL,SEA,NE,0.0,,2020,,Jordan Roos SEA→NE
Free Agent Signing,Ahmad Gooden,LB,NYJ,BUF,0.0,0.0,2020,,Ahmad Gooden NYJ→BUF
Free Agent Signing,Ted Ginn,WR,NO,CHI,0.0,3.09,2020,,Ted Ginn NO→CHI
Free Agent Signing,Daniel Wise,DL,DAL,ARI,0.0,,2020,,Daniel Wise DAL→ARI
Free Agent Signing,Greg Roberts,DL,GB,CAR,0.0,,2020,,Greg Roberts GB→CAR
Free Agent Signing,David Wells,TE,KC,NE,0.0,,2020,,David Wells KC→NE
Free Agent Signing,Nigel Bradham,OLB,PHI,DEN,0.0,0.0,2020,,Nigel Bradham PHI→DEN
Free Agent Signing,Datone Jones,DL,JAX,LV,0.0,,2020,,Datone Jones JAX→LV
Free Agent Signing,Michael Liedtke,OL,TB,WAS,0.0,,2020,,Michael Liedtke TB→WAS
Free Agent Signing,Jake Carlock,LB,MIA,ATL,0.0,,2020,,Jake Carlock MIA→ATL
Free Agent Signing,Xavier Grimble,TE,PIT,BAL,0.0,-1.78,2020,,Xavier Grimble PIT→BAL
Free Agent Signing,Donald Payne,LB,JAX,MIA,0.0,0.0,2020,,Donald Payne JAX→MIA
Free Agent Signing,Stephen Denmark,DB,CHI,CLE,0.0,,2020,,Stephen Denmark CHI→CLE
Free Agent Signing,Stephone Anthony,LB,NO,ARI,0.0,0.0,2020,,Stephone Anthony NO→ARI
Free Agent Signing,Kiko Alonso,OLB,NO,SF,0.0,0.0,2020,,Kiko Alonso NO→SF
Free Agent Signing,Giorgio Tavecchio,K,ATL,TEN,0.0,,2020,,Giorgio Tavecchio ATL→TEN
Free Agent Signing,Chris Hogan,WR,CAR,NYJ,0.0,-1.43,2020,,Chris Hogan CAR→NYJ
Free Agent Signing,Jamal Davis,DE,MIA,CLE,0.0,0.0,2020,,Jamal Davis MIA→CLE
Free Agent Signing,Jamon Brown,G,ATL,PHI,0.0,0.0,2020,,Jamon Brown ATL→PHI
Free Agent Signing,Darvin Kidsy,WR,WAS,SEA,0.0,0.0,2020,,Darvin Kidsy WAS→SEA
Free Agent Signing,Jake Rodgers,OT,DEN,BAL,0.0,0.0,2020,,Jake Rodgers DEN→BAL
Free Agent Signing,Robert Davis,WR,PHI,LV,0.0,-3.87,2020,,Robert Davis PHI→LV
Free Agent Signing,Shelton Gibson,WR,PHI,CAR,0.0,,2020,,Shelton Gibson PHI→CAR
Free Agent Signing,Ryan Pope,OL,JAX,GB,0.0,,2020,,Ryan Pope JAX→GB
Free Agent Signing,Ryan Allen,P,ATL,IND,0.0,0.0,2020,,Ryan Allen ATL→IND
Free Agent Signing,Tommy Bohanon,RB,GB,BAL,0.0,,2020,,Tommy Bohanon GB→BAL
Free Agent Signing,Reggie Gilbert,DE,TEN,JAX,0.0,0.0,2020,,Reggie Gilbert TEN→JAX
Free Agent Signing,Johnathan Cyprien,DB,ATL,SF,0.0,0.0,2020,,Johnathan Cyprien ATL→SF
Free Agent Signing,Daylon Mack,DL,BAL,ARI,0.0,,2020,,Daylon Mack BAL→ARI
Free Agent Signing,Mark Barron,ILB,PIT,DEN,0.0,0.0,2020,,Mark Barron PIT→DEN
Free Agent Signing,Corey Liuget,DT,BUF,HOU,0.0,0.0,2020,,Corey Liuget BUF→HOU
Free Agent Signing,P.J. Johnson,DL,LAC,ARI,0.0,,2020,,P.J. Johnson LAC→ARI
Free Agent Signing,Dax Raymond,TE,CHI,GB,0.0,,2020,,Dax Raymond CHI→GB
Free Agent Signing,Johnathan Joseph,CB,HOU,ARI,0.0,0.0,2020,,Johnathan Joseph HOU→ARI
Free Agent Signing,Domata Peko,DL,BAL,ARI,0.0,,2020,,Domata Peko BAL→ARI
Free Agent Signing,Adrian Peterson,RB,WAS,DET,0.0,-26.75,2020,,Adrian Peterson WAS→DET
Free Agent Signing,Kalen Ballage,RB,MIA,LAC,0.0,-38.78,2020,,Kalen Ballage MIA→LAC
Free Agent Signing,Mike Nugent,K,NE,ARI,0.0,0.0,2020,,Mike Nugent NE→ARI
Free Agent Signing,Frank Gore,RB,BUF,NYJ,0.0,-34.99,2020,,Frank Gore BUF→NYJ
Free Agent Signing,Joe Flacco,QB,DEN,NYJ,0.0,-20.22,2020,,Joe Flacco DEN→NYJ
Free Agent Signing,Josh Johnson,QB,DET,SF,0.0,,2020,,Josh Johnson DET→SF
Free Agent Signing,Josh McCown,QB,PHI,HOU,0.0,-2.12,2020,,Josh McCown PHI→HOU
Free Agent Signing,Jason Witten,TE,DAL,LV,1.21,19.35,2020,,Jason Witten DAL→LV
Free Agent Signing,Desmond Trufant,CB,ATL,DET,0.0,0.0,2020,,Desmond Trufant ATL→DET
Free Agent Signing,DeAndre Hopkins,WR,HOU,ARI,3.41,57.93,2020,,DeAndre Hopkins HOU→ARI
Free Agent Signing,Tyler Eifert,TE,CIN,JAX,0.0,24.25,2020,,Tyler Eifert CIN→JAX
Free Agent Signing,Dion Jordan,DE,LV,SF,0.0,0.0,2020,,Dion Jordan LV→SF
Free Agent Signing,Jordan Reed,TE,WAS,SF,0.0,,2020,,Jordan Reed WAS→SF
Free Agent Signing,Jamar Taylor,CB,ATL,SF,0.0,0.0,2020,,Jamar Taylor ATL→SF
Free Agent Signing,Nicholas Williams,DL,CHI,DET,0.0,,2020,,Nicholas Williams CHI→DET
Free Agent Signing,Stacy McGee,DT,CAR,ARI,0.0,0.0,2020,,Stacy McGee CAR→ARI
Free Agent Signing,Mike Glennon,QB,LV,JAX,0.0,0.18,2020,,Mike Glennon LV→JAX
Free Agent Signing,Margus Hunt,DE,IND,CIN,0.0,0.0,2020,,Margus Hunt IND→CIN
Free Agent Signing,Akeem Spence,DT,JAX,NE,0.0,0.0,2020,,Akeem Spence JAX→NE
Free Agent Signing,Chris Thompson,RB,WAS,JAX,0.0,-9.78,2020,,Chris Thompson WAS→JAX
Free Agent Signing,Logan Ryan,CB,TEN,NYG,1.39,,2020,,Logan Ryan TEN→NYG
Free Agent Signing,Jamie Collins,OLB,NE,DET,1.02,,2020,,Jamie Collins NE→DET
Free Agent Signing,Levine Toilolo,TE,SF,NYG,0.0,0.28,2020,,Levine Toilolo SF→NYG
Free Agent Signing,Josh Andrews,OL,IND,NYJ,0.0,,2020,,Josh Andrews IND→NYJ
Free Agent Signing,Sylvester Williams,DT,LAC,DEN,0.0,0.0,2020,,Sylvester Williams LAC→DEN
Free Agent Signing,Spencer Long,C,BUF,SF,0.0,0.0,2020,,Spencer Long BUF→SF
Free Agent Signing,Kareem Martin,OLB,NYG,DET,0.0,0.0,2020,,Kareem Martin NYG→DET
Free Agent Signing,Cameron Fleming,OT,DAL,NYG,0.0,0.0,2020,,Cameron Fleming DAL→NYG
Free Agent Signing,Caraun Reid,DT,ARI,JAX,0.0,0.0,2020,,Caraun Reid ARI→JAX
Free Agent Signing,Aaron Lynch,OLB,CHI,JAX,0.0,0.0,2020,,Aaron Lynch CHI→JAX
Free Agent Signing,Brent Qvale,OL,NYJ,HOU,0.0,,2020,,Brent Qvale NYJ→HOU
Free Agent Signing,Josh Mauro,DE,LV,ARI,0.0,0.0,2020,,Josh Mauro LV→ARI
Free Agent Signing,Kerry Hyder,DE,DAL,SF,0.0,0.0,2020,,Kerry Hyder DAL→SF
Free Agent Signing,Casey Kreiter,LS,DEN,NYG,0.0,0.0,2020,,Casey Kreiter DEN→NYG
Free Agent Signing,Justin McCray,G,CLE,ATL,0.0,0.0,2020,,Justin McCray CLE→ATL
Free Agent Signing,Jahleel Addae,S,HOU,LAC,0.0,0.0,2020,,Jahleel Addae HOU→LAC
Free Agent Signing,Brett Maher,K,DAL,ARI,0.0,0.0,2020,,Brett Maher DAL→ARI
Free Agent Signing,Duron Harmon,S,NE,DET,0.0,0.0,2020,,Duron Harmon NE→DET
Free Agent Signing,Jeff Heath,S,DAL,LV,0.0,0.0,2020,,Jeff Heath DAL→LV
Free Agent Signing,Deon Lacey,LB,MIA,BUF,0.0,-2.86,2020,,Deon Lacey MIA→BUF
Free Agent Signing,A.J. Bouye,CB,JAX,DEN,1.4,,2020,,A.J. Bouye JAX→DEN
Free Agent Signing,Bradley McDougald,S,SEA,NYJ,1.04,,2020,,Bradley McDougald SEA→NYJ
Free Agent Signing,Beau Allen,DT,TB,NE,0.0,0.0,2020,,Beau Allen TB→NE
Free Agent Signing,Zach Kerr,DE,ARI,CAR,0.0,0.0,2020,,Zach Kerr ARI→CAR
Free Agent Signing,Adarius Taylor,ILB,CLE,CAR,0.0,0.0,2020,,Adarius Taylor CLE→CAR
Free Agent Signing,Russell Bodine,OL,BUF,DET,0.0,,2020,,Russell Bodine BUF→DET
Free Agent Signing,Chris Smith,LB,CLE,LV,0.0,0.0,2020,,Chris Smith CLE→LV
Free Agent Signing,Devon Kennard,OLB,DET,ARI,1.07,,2020,,Devon Kennard DET→ARI
Free Agent Signing,Jon Halapio,C,NYG,DEN,0.89,,2020,,Jon Halapio NYG→DEN
Free Agent Signing,Brandin Cooks,WR,LA,HOU,0.0,19.89,2020,,Brandin Cooks LA→HOU
Free Agent Signing,Teddy Bridgewater,QB,NO,CAR,0.0,6.61,2020,,Teddy Bridgewater NO→CAR
Free Agent Signing,Marcus Martin,OL,SEA,NE,0.0,,2020,,Marcus Martin SEA→NE
Free Agent Signing,Donte Moncrief,WR,CAR,NE,0.0,-15.65,2020,,Donte Moncrief CAR→NE
Free Agent Signing,Kevin White,WR,ARI,SF,0.0,,2020,,Kevin White ARI→SF
Free Agent Signing,Garrett Gilbert,QB,CLE,DAL,0.0,-3.77,2020,,Garrett Gilbert CLE→DAL
Free Agent Signing,Adrian Phillips,DB,LAC,NE,0.0,0.0,2020,,Adrian Phillips LAC→NE
Free Agent Signing,Xavier Su'a-Filo,G,DAL,CIN,0.0,0.0,2020,,Xavier Su'a-Filo DAL→CIN
Free Agent Signing,Todd Davis,ILB,DEN,MIN,0.96,,2020,,Todd Davis DEN→MIN
Free Agent Signing,Marqise Lee,WR,JAX,NE,0.0,-0.05,2020,,Marqise Lee JAX→NE
Free Agent Signing,Darqueze Dennard,DB,CIN,ATL,0.0,0.0,2020,,Darqueze Dennard CIN→ATL
Free Agent Signing,Michael Schofield,G,LAC,CAR,0.9,,2020,,Michael Schofield LAC→CAR
Free Agent Signing,Kyle Van Noy,MLB,NE,MIA,0.96,,2020,,Kyle Van Noy NE→MIA
Free Agent Signing,Trai Turner,G,CAR,LAC,0.87,,2020,,Trai Turner CAR→LAC
Free Agent Signing,Marquise Goodwin,WR,SF,PHI,0.0,12.09,2020,,Marquise Goodwin SF→PHI
Free Agent Signing,Sam Martin,P,DET,DEN,0.0,0.0,2020,,Sam Martin DET→DEN
Free Agent Signing,Theo Riddick,RB,DEN,LV,0.0,,2020,,Theo Riddick DEN→LV
Free Agent Signing,Darius Slay,CB,DET,PHI,1.21,,2020,,Darius Slay DET→PHI
Free Agent Signing,Brandon Copeland,OLB,NYJ,NE,0.0,0.0,2020,,Brandon Copeland NYJ→NE
Free Agent Signing,Nickell Robey,DB,LA,PHI,0.0,,2020,,Nickell Robey LA→PHI
Free Agent Signing,Ezekiel Ansah,DE,SEA,SF,0.0,0.0,2020,,Ezekiel Ansah SEA→SF
Free Agent Signing,Hroniss Grasu,OL,BAL,SF,0.0,,2020,,Hroniss Grasu BAL→SF
Free Agent Signing,Trae Waynes,CB,MIN,CIN,1.16,,2020,,Trae Waynes MIN→CIN
Free Agent Signing,Nelson Agholor,WR,PHI,LV,0.0,-3.87,2020,,Nelson Agholor PHI→LV
Free Agent Signing,Jordan Phillips,DT,BUF,ARI,0.0,0.0,2020,,Jordan Phillips BUF→ARI
Free Agent Signing,B.J. Finney,G,PIT,CIN,0.0,0.0,2020,,B.J. Finney PIT→CIN
Free Agent Signing,Darryl Roberts,CB,NYJ,DET,0.0,0.0,2020,,Darryl Roberts NYJ→DET
Free Agent Signing,Akeem King,CB,SEA,MIA,0.0,0.0,2020,,Akeem King SEA→MIA
Free Agent Signing,Xavier Williams,NT,KC,CIN,0.0,0.0,2020,,Xavier Williams KC→CIN
Free Agent Signing,Christian Covington,DE,DAL,CIN,0.0,0.0,2020,,Christian Covington DAL→CIN
Free Agent Signing,Gabe Wright,DL,LV,JAX,0.0,,2020,,Gabe Wright LV→JAX
Free Agent Signing,Rashaan Melvin,CB,DET,JAX,1.28,,2020,,Rashaan Melvin DET→JAX
Free Agent Signing,LaRoy Reynolds,LB,CIN,ATL,0.0,0.0,2020,,LaRoy Reynolds CIN→ATL
Free Agent Signing,Cody Davis,DB,JAX,NE,0.0,3.03,2020,,Cody Davis JAX→NE
Free Agent Signing,Greg Van Roten,G,CAR,NYJ,0.0,0.0,2020,,Greg Van Roten CAR→NYJ
Free Agent Signing,Tony Bergstrom,OL,WAS,SF,0.0,,2020,,Tony Bergstrom WAS→SF
Free Agent Signing,Andrew DePaola,LS,CAR,MIN,0.0,,2020,,Andrew DePaola CAR→MIN
Free Agent Signing,Damiere Byrd,WR,ARI,NE,0.0,14.25,2020,,Damiere Byrd ARI→NE
Free Agent Signing,Breshad Perriman,WR,TB,NYJ,0.0,29.31,2020,,Breshad Perriman TB→NYJ
Free Agent Signing,Blake Bell,TE,KC,DAL,0.0,-0.35,2020,,Blake Bell KC→DAL
Free Agent Signing,Curtis Riley,FS,LV,MIN,0.0,0.0,2020,,Curtis Riley LV→MIN
Free Agent Signing,Quinton Spain,G,BUF,CIN,0.9,,2020,,Quinton Spain BUF→CIN
Free Agent Signing,Dante Fowler,DL,LA,ATL,0.0,,2020,,Dante Fowler LA→ATL
Free Agent Signing,Carl Davis,DT,JAX,NE,0.0,0.0,2020,,Carl Davis JAX→NE
Free Agent Signing,Anthony Chickillo,LB,PIT,DEN,0.0,0.0,2020,,Anthony Chickillo PIT→DEN
Free Agent Signing,Devin Smith,WR,DAL,NE,0.0,7.64,2020,,Devin Smith DAL→NE
Free Agent Signing,David Johnson,RB,ARI,HOU,0.0,-13.07,2020,,David Johnson ARI→HOU
Free Agent Signing,Danny Shelton,DT,NE,DET,0.0,0.0,2020,,Danny Shelton NE→DET
Free Agent Signing,Melvin Gordon,RB,LAC,DEN,0.0,-18.46,2020,,Melvin Gordon LAC→DEN
Free Agent Signing,Cameron Erving,G,KC,DAL,0.0,0.0,2020,,Cameron Erving KC→DAL
Free Agent Signing,John Miller,G,CIN,CAR,0.0,0.0,2020,,John Miller CIN→CAR
Free Agent Signing,T.Y. McGill,DT,LAC,PHI,0.0,0.0,2020,,T.Y. McGill LAC→PHI
Free Agent Signing,Markus Golden,LB,NYG,ARI,0.9,,2020,,Markus Golden NYG→ARI
Free Agent Signing,Rodney Gunter,DE,ARI,JAX,0.0,0.0,2020,,Rodney Gunter ARI→JAX
Free Agent Signing,Darius Kilgo,DL,DET,DEN,0.0,,2020,,Darius Kilgo DET→DEN
Free Agent Signing,Angelo Blackson,DE,HOU,ARI,0.0,0.0,2020,,Angelo Blackson HOU→ARI
Free Agent Signing,Nick O'Leary,TE,JAX,LV,0.0,1.77,2020,,Nick O'Leary JAX→LV
Free Agent Signing,Bryce Hager,OLB,LA,NYJ,0.0,0.0,2020,,Bryce Hager LA→NYJ
Free Agent Signing,Byron Jones,CB,DAL,MIA,1.26,,2020,,Byron Jones DAL→MIA
Free Agent Signing,Vic Beasley,DE,ATL,LV,0.0,0.0,2020,,Vic Beasley ATL→LV
Free Agent Signing,Todd Gurley,RB,LA,ATL,0.0,-31.67,2020,,Todd Gurley LA→ATL
Free Agent Signing,Mohamed Sanu,WR,NE,DET,0.22,-0.54,2020,,Mohamed Sanu NE→DET
Free Agent Signing,Nate Ebner,DB,NE,NYG,0.0,0.0,2020,,Nate Ebner NE→NYG
Free Agent Signing,Greg Zuerlein,K,LA,DAL,0.0,0.0,2020,,Greg Zuerlein LA→DAL
Free Agent Signing,Ereck Flowers,G,WAS,MIA,0.9,,2020,,Ereck Flowers WAS→MIA
Free Agent Signing,Marcus Mariota,QB,TEN,LV,0.0,-3.23,2020,,Marcus Mariota TEN→LV
Free Agent Signing,D.J. Reader,DL,HOU,CIN,0.0,,2020,,D.J. Reader HOU→CIN
Free Agent Signing,Jerell Adams,TE,NO,DET,0.0,,2020,,Jerell Adams NO→DET
Free Agent Signing,Brandon Allen,QB,DEN,CIN,0.0,-16.52,2020,,Brandon Allen DEN→CIN
Free Agent Signing,Jeff Driskel,QB,DET,DEN,0.0,0.71,2020,,Jeff Driskel DET→DEN
Free Agent Signing,Kamu Grugier-Hill,OLB,PHI,MIA,0.0,0.0,2020,,Kamu Grugier-Hill PHI→MIA
Free Agent Signing,Blake Martinez,ILB,GB,NYG,0.98,,2020,,Blake Martinez GB→NYG
Free Agent Signing,Willie Henry,DL,BAL,HOU,0.0,,2020,,Willie Henry BAL→HOU
Free Agent Signing,Nick Vannett,TE,PIT,DEN,0.0,5.44,2020,,Nick Vannett PIT→DEN
Free Agent Signing,Graham Glasgow,C,DET,DEN,0.78,,2020,,Graham Glasgow DET→DEN
Free Agent Signing,De'Vondre Campbell,OLB,ATL,ARI,1.16,,2020,,De'Vondre Campbell ATL→ARI
Free Agent Signing,Juston Burris,FS,CLE,CAR,0.0,0.0,2020,,Juston Burris CLE→CAR
Free Agent Signing,Willie Beavers,OL,SF,ATL,0.0,,2020,,Willie Beavers SF→ATL
Free Agent Signing,Kamalei Correa,OLB,TEN,JAX,0.0,0.0,2020,,Kamalei Correa TEN→JAX
Free Agent Signing,Mackensie Alexander,CB,MIN,CIN,0.0,0.0,2020,,Mackensie Alexander MIN→CIN
Free Agent Signing,Dre Kirkpatrick,CB,CIN,ARI,0.0,0.0,2020,,Dre Kirkpatrick CIN→ARI
Free Agent Signing,Mike Daniels,DE,DET,CIN,0.0,0.0,2020,,Mike Daniels DET→CIN
Free Agent Signing,Kelvin Beachum,OT,NYJ,ARI,1.16,,2020,,Kelvin Beachum NYJ→ARI
Free Agent Signing,George Iloka,DB,DAL,MIN,0.0,,2020,,George Iloka DAL→MIN
Free Agent Signing,Travis Benjamin,WR,LAC,SF,0.0,-7.92,2020,,Travis Benjamin LAC→SF
Free Agent Signing,Alfred Morris,RB,ARI,NYG,0.0,0.87,2020,,Alfred Morris ARI→NYG
Free Agent Signing,Tom Compton,G,NYJ,SF,0.0,0.0,2020,,Tom Compton NYJ→SF
Free Agent Signing,Tahir Whitehead,OLB,LV,CAR,1.17,,2020,,Tahir Whitehead LV→CAR
Free Agent Signing,Maurice Canady,CB,NYJ,DAL,0.0,0.0,2020,,Maurice Canady NYJ→DAL
Free Agent Signing,Elandon Roberts,OLB,NE,MIA,0.0,1.69,2020,,Elandon Roberts NE→MIA
Free Agent Signing,Ted Karras,G,NE,MIA,0.87,,2020,,Ted Karras NE→MIA
Free Agent Signing,Stephen Weatherly,DE,MIN,CAR,0.0,0.0,2020,,Stephen Weatherly MIN→CAR
Free Agent Signing,Lachlan Edwards,P,NYJ,LAC,0.0,0.0,2020,,Lachlan Edwards NYJ→LAC
Free Agent Signing,Aaron Neary,OL,LA,SF,0.0,,2020,,Aaron Neary LA→SF
Free Agent Signing,Marken Michel,WR,PHI,CAR,0.0,,2020,,Marken Michel PHI→CAR
Free Agent Signing,Geronimo Allison,WR,GB,DET,0.0,2.32,2020,,Geronimo Allison GB→DET
Free Agent Signing,Josh Hawkins,DB,PHI,DET,0.0,,2020,,Josh Hawkins PHI→DET
Free Agent Signing,Michael Pierce,DT,BAL,MIN,0.0,0.0,2020,,Michael Pierce BAL→MIN
Free Agent Signing,Trevon Coley,DT,IND,NYJ,0.0,0.0,2020,,Trevon Coley IND→NYJ
Free Agent Signing,Patrick Onwuasor,ILB,BAL,NYJ,0.0,0.0,2020,,Patrick Onwuasor BAL→NYJ
Free Agent Signing,George Fant,OT,SEA,NYJ,0.0,-0.48,2020,,George Fant SEA→NYJ
Free Agent Signing,Briean Boddy-Calhoun,CB,IND,SF,0.0,0.0,2020,,Briean Boddy-Calhoun IND→SF
Free Agent Signing,Brett Toth,OL,ARI,PHI,0.0,,2020,,Brett Toth ARI→PHI
Free Agent Signing,Quinnen Williams,DT,NYG,NYJ,0.0,0.0,2020,,Quinnen Williams NYG→NYJ
Free Agent Signing,Cameron Nizialek,P,BAL,JAX,0.0,,2020,,Cameron Nizialek BAL→JAX
Free Agent Signing,Joel Heath,DE,HOU,DEN,0.0,0.0,2020,,Joel Heath HOU→DEN
Free Agent Signing,Taylor Bertolet,K,NYJ,MIN,0.0,,2020,,Taylor Bertolet NYJ→MIN
Free Agent Signing,Cory Littleton,ILB,LA,LV,0.94,,2020,,Cory Littleton LA→LV
Free Agent Signing,Robby Anderson,WR,NYJ,CAR,0.0,,2020,,Robby Anderson NYJ→CAR
Free Agent Signing,Jake Brendel,OL,DEN,SF,0.0,,2020,,Jake Brendel DEN→SF
Free Agent Signing,Clayton Fejedelem,DB,CIN,MIA,0.0,0.0,2020,,Clayton Fejedelem CIN→MIA
Free Agent Signing,Joe Walker,LB,ARI,SF,0.0,0.0,2020,,Joe Walker ARI→SF
Free Agent Signing,Terrance Smith,LB,MIA,ARI,0.0,,2020,,Terrance Smith MIA→ARI
Free Agent Signing,Halapoulivaati Vaitai,G,PHI,DET,0.0,0.0,2020,,Halapoulivaati Vaitai PHI→DET
Free Agent Signing,Blake Countess,DB,NYJ,PHI,0.0,,2020,,Blake Countess NYJ→PHI
Free Agent Signing,Dan Vitale,RB,GB,NE,0.0,,2020,,Dan Vitale GB→NE
Free Agent Signing,Austin Johnson,NT,TEN,NYG,0.0,0.0,2020,,Austin Johnson TEN→NYG
Free Agent Signing,Brandon Williams,DE,ARI,HOU,0.0,0.0,2020,,Brandon Williams ARI→HOU
Free Agent Signing,Nick Kwiatkoski,ILB,CHI,LV,0.0,0.0,2020,,Nick Kwiatkoski CHI→LV
Free Agent Signing,Evan Boehm,G,MIA,JAX,0.0,0.0,2020,,Evan Boehm MIA→JAX
Free Agent Signing,Caleb Benenoch,OL,DET,NE,0.0,,2020,,Caleb Benenoch DET→NE
Free Agent Signing,LeShaun Sims,CB,TEN,CIN,0.0,0.0,2020,,LeShaun Sims TEN→CIN
Free Agent Signing,Kevin Hogan,QB,DEN,CIN,0.0,,2020,,Kevin Hogan DEN→CIN
Free Agent Signing,Josh Doctson,WR,MIN,NYJ,0.0,,2020,,Josh Doctson MIN→NYJ
Free Agent Signing,Jatavis Brown,OLB,LAC,PHI,0.0,0.0,2020,,Jatavis Brown LAC→PHI
Free Agent Signing,Aldrick Rosas,K,NYG,JAX,0.0,0.0,2020,,Aldrick Rosas NYG→JAX
Free Agent Signing,James Bradberry,CB,CAR,NYG,1.37,,2020,,James Bradberry CAR→NYG
Free Agent Signing,Nick Vigil,OLB,CIN,LAC,1.2,,2020,,Nick Vigil CIN→LAC
Free Agent Signing,Michael Thomas,DB,NYG,HOU,0.16,,2020,,Michael Thomas NYG→HOU
Free Agent Signing,Julian Stanford,LB,BUF,CAR,0.0,0.0,2020,,Julian Stanford BUF→CAR
Free Agent Signing,Eric Murray,S,CLE,HOU,0.0,0.0,2020,,Eric Murray CLE→HOU
Free Agent Signing,Kavon Frazier,FS,DAL,MIA,0.0,0.0,2020,,Kavon Frazier DAL→MIA
Free Agent Signing,Devontae Booker,RB,DEN,LV,0.0,-3.71,2020,,Devontae Booker DEN→LV
Free Agent Signing,Connor McGovern,G,DEN,NYJ,0.9,,2020,,Connor McGovern DEN→NYJ
Free Agent Signing,Laquon Treadwell,WR,MIN,ATL,0.0,11.69,2020,,Laquon Treadwell MIN→ATL
Free Agent Signing,Kyler Fackrell,LB,GB,NYG,0.0,0.0,2020,,Kyler Fackrell GB→NYG
Free Agent Signing,Tony McRae,CB,CIN,DET,0.0,0.0,2020,,Tony McRae CIN→DET
Free Agent Signing,Vonn Bell,S,NO,CIN,1.1,,2020,,Vonn Bell NO→CIN
Free Agent Signing,DeAndre Washington,RB,LV,MIA,0.0,-10.99,2020,,DeAndre Washington LV→MIA
Free Agent Signing,Kevon Seymour,DB,CAR,PHI,0.0,,2020,,Kevon Seymour CAR→PHI
Free Agent Signing,Corey Ballentine,DB,NYG,NYJ,0.0,0.0,2020,,Corey Ballentine NYG→NYJ
Free Agent Signing,Emmanuel Ogbah,DE,KC,MIA,0.0,0.0,2020,,Emmanuel Ogbah KC→MIA
Free Agent Signing,Travis Fulgham,WR,DET,PHI,0.0,-2.65,2020,,Travis Fulgham DET→PHI
Free Agent Signing,Kerrith Whyte,RB,PIT,DET,0.0,1.97,2020,,Kerrith Whyte PIT→DET
Free Agent Signing,Reggie Ragland,ILB,KC,DET,0.0,0.0,2020,,Reggie Ragland KC→DET
Free Agent Signing,T.J. Green,DB,CAR,ATL,0.0,0.0,2020,,T.J. Green CAR→ATL
Free Agent Signing,Adam Gotsis,DE,DEN,JAX,0.0,0.0,2020,,Adam Gotsis DEN→JAX
Free Agent Signing,Casey Tucker,OL,DET,PHI,0.0,,2020,,Casey Tucker DET→PHI
Free Agent Signing,Kemon Hall,DB,MIN,DAL,0.0,,2020,,Kemon Hall MIN→DAL
Free Agent Signing,Ventell Bryant,WR,DAL,CAR,0.0,2.01,2020,,Ventell Bryant DAL→CAR
Free Agent Signing,Noah Dawkins,LB,TB,NYJ,0.0,0.0,2020,,Noah Dawkins TB→NYJ
Free Agent Signing,Tony Brooks-James,RB,MIN,ATL,0.0,-5.91,2020,,Tony Brooks-James MIN→ATL
Free Agent Signing,Garrett McGhin,OL,CAR,JAX,0.0,,2020,,Garrett McGhin CAR→JAX
Free Agent Signing,Craig Reynolds,RB,ATL,JAX,0.0,,2020,,Craig Reynolds ATL→JAX
Free Agent Signing,Ryan Connelly,ILB,NYG,MIN,0.0,0.0,2020,,Ryan Connelly NYG→MIN
Free Agent Signing,Ty Johnson,RB,DET,NYJ,0.0,-18.98,2020,,Ty Johnson DET→NYJ
Free Agent Signing,Javon Hargrave,NT,PIT,PHI,0.0,0.0,2020,,Javon Hargrave PIT→PHI
Free Agent Signing,Pharoh Cooper,WR,ARI,CAR,0.0,15.42,2020,,Pharoh Cooper ARI→CAR
Free Agent Signing,Mike Thomas,WR,LA,CIN,0.0,0.85,2020,,Mike Thomas LA→CIN
Free Agent Signing,Hakeem Butler,TE,ARI,PHI,0.0,,2020,,Hakeem Butler ARI→PHI
Free Agent Signing,Seth DeValve,TE,JAX,ARI,0.0,3.87,2020,,Seth DeValve JAX→ARI
Free Agent Signing,Shaq Lawson,DE,BUF,MIA,0.0,0.0,2020,,Shaq Lawson BUF→MIA
Free Agent Signing,Pita Taumoepenu,LB,SEA,ATL,0.0,,2020,,Pita Taumoepenu SEA→ATL
Free Agent Signing,Bug Howard,WR,DEN,JAX,0.0,,2020,,Bug Howard DEN→JAX
Free Agent Signing,Phillip Walker,QB,IND,CAR,0.0,,2020,,Phillip Walker IND→CAR
Free Agent Signing,Daeshon Hall,DE,PHI,SF,0.0,0.0,2020,,Daeshon Hall PHI→SF
Free Agent Signing,Isaiah Williams,OL,BAL,SF,0.0,,2020,,Isaiah Williams BAL→SF
Free Agent Signing,Taybor Pepper,LS,MIA,SF,0.0,,2020,,Taybor Pepper MIA→SF
Free Agent Signing,Joe Schobert,MLB,CLE,JAX,1.09,,2020,,Joe Schobert CLE→JAX
Free Agent Signing,Carl Nassib,LB,TB,LV,0.0,0.0,2020,,Carl Nassib TB→LV
Free Agent Signing,Maliek Collins,DT,DAL,LV,0.0,0.0,2020,,Maliek Collins DAL→LV
Free Agent Signing,Josh Bynes,ILB,BAL,CIN,0.0,0.0,2020,,Josh Bynes BAL→CIN
Free Agent Signing,Chris Harris,CB,DEN,LAC,0.0,0.0,2020,,Chris Harris DEN→LAC
Free Agent Signing,Kenny Wiggins,G,DET,NYG,0.0,0.0,2020,,Kenny Wiggins DET→NYG
Free Agent Signing,Dion Lewis,RB,TEN,NYG,0.0,-17.82,2020,,Dion Lewis TEN→NYG
Free Agent Signing,Randall Cobb,WR,DAL,HOU,0.0,27.96,2020,,Randall Cobb DAL→HOU
Free Agent Signing,Jurrell Casey,DE,TEN,DEN,1.19,,2020,,Jurrell Casey TEN→DEN
Free Agent Signing,William Sweet,OL,ARI,DAL,0.0,,2020,,William Sweet ARI→DAL
Free Agent Signing,Greg Dortch,WR,LA,ATL,0.0,0.0,2020,,Greg Dortch LA→ATL
Free Agent Signing,Walter Palmore,DL,HOU,DAL,0.0,,2020,,Walter Palmore HOU→DAL
Free Agent Signing,Zack Bailey,OL,TB,MIN,0.0,,2020,,Zack Bailey TB→MIN
Free Agent Signing,Hardy Nickerson,MLB,CIN,MIN,0.0,0.0,2020,,Hardy Nickerson CIN→MIN
Free Agent Signing,Albert Huggins,DT,PHI,DET,0.0,0.0,2020,,Albert Huggins PHI→DET
Free Agent Signing,Adrian Colbert,FS,MIA,NYG,0.0,0.0,2020,,Adrian Colbert MIA→NYG
Free Agent Signing,Matt Breida,RB,SF,MIA,0.0,-19.34,2020,,Matt Breida SF→MIA
Free Agent Signing,Raekwon McMillan,MLB,MIA,LV,0.0,0.0,2020,,Raekwon McMillan MIA→LV
Free Agent Signing,Cordrea Tankersley,DB,MIA,MIN,0.0,,2020,,Cordrea Tankersley MIA→MIN
Free Agent Signing,Greg Mabin,CB,CIN,JAX,0.0,0.0,2020,,Greg Mabin CIN→JAX
Free Agent Signing,Pharaoh Brown,TE,CLE,HOU,0.0,1.12,2020,,Pharaoh Brown CLE→HOU
Free Agent Signing,Isaac Whitney,WR,HOU,ARI,0.0,,2020,,Isaac Whitney HOU→ARI
Free Agent Signing,Austin Calitro,ILB,JAX,DEN,0.0,0.0,2020,,Austin Calitro JAX→DEN
Free Agent Signing,Eric Smith,OL,NYG,DAL,0.0,,2020,,Eric Smith NYG→DAL
Free Agent Signing,Amani Bledsoe,DL,TEN,CIN,0.0,,2020,,Amani Bledsoe TEN→CIN
Free Agent Signing,Isaiah Mack,DT,TEN,NE,0.0,0.0,2020,,Isaiah Mack TEN→NE
Free Agent Signing,C.J. Board,WR,JAX,NYG,0.0,-0.25,2020,,C.J. Board JAX→NYG
Free Agent Signing,Taquan Mizzell,RB,NO,NYG,0.0,,2020,,Taquan Mizzell NO→NYG
Free Agent Signing,Matt Sokol,TE,JAX,LAC,0.0,,2020,,Matt Sokol JAX→LAC
Free Agent Signing,Damarea Crockett,RB,GB,DEN,0.0,,2020,,Damarea Crockett GB→DEN
Free Agent Signing,Jeremy Cox,RB,LAC,DEN,0.0,,2020,,Jeremy Cox LAC→DEN
Free Agent Signing,Koda Martin,OL,LAC,ARI,0.0,,2020,,Koda Martin LAC→ARI
Free Agent Signing,Keaton Sutherland,OL,MIA,CIN,0.0,,2020,,Keaton Sutherland MIA→CIN
Free Agent Signing,Damion Willis,WR,CIN,JAX,0.0,-1.48,2020,,Damion Willis CIN→JAX
Free Agent Signing,Samaje Perine,RB,MIA,CIN,0.0,-0.35,2020,,Samaje Perine MIA→CIN
Free Agent Signing,Daniel Ross,DL,DAL,JAX,0.0,,2020,,Daniel Ross DAL→JAX
Free Agent Signing,Eli Ankou,DT,CLE,DAL,0.0,0.0,2020,,Eli Ankou CLE→DAL
Free Agent Signing,Krishawn Hogan,WR,NO,ARI,0.0,-1.02,2020,,Krishawn Hogan NO→ARI
Free Agent Signing,Ryan Lewis,CB,MIA,NYG,0.0,0.0,2020,,Ryan Lewis MIA→NYG
Free Agent Signing,Jason Croom,TE,BUF,PHI,0.0,,2020,,Jason Croom BUF→PHI
Free Agent Signing,Eric Saubert,TE,CHI,JAX,0.0,-1.57,2020,,Eric Saubert CHI→JAX
Free Agent Signing,Rasul Douglas,CB,PHI,CAR,0.0,0.0,2020,,Rasul Douglas PHI→CAR
Free Agent Signing,Nate Hairston,CB,NYJ,DEN,0.0,0.0,2020,,Nate Hairston NYJ→DEN
Free Agent Signing,Takkarist McKinley,DL,ATL,LV,0.0,,2020,,Takkarist McKinley ATL→LV
Free Agent Signing,Sidney Jones,CB,PHI,JAX,0.0,0.0,2020,,Sidney Jones PHI→JAX
Free Agent Signing,Quincy Wilson,CB,IND,NYG,0.0,0.0,2020,,Quincy Wilson IND→NYG
Free Agent Signing,Saivion Smith,DB,JAX,DAL,0.0,,2020,,Saivion Smith JAX→DAL
Free Agent Signing,Chase McLaughlin,K,IND,NYJ,0.0,0.0,2020,,Chase McLaughlin IND→NYJ
Free Agent Signing,Tae Hayes,DB,MIA,MIN,0.0,0.0,2020,,Tae Hayes MIA→MIN
Free Agent Signing,Picasso Nelson,DB,IND,ARI,0.0,,2020,,Picasso Nelson IND→ARI
Free Agent Signing,Montre Hartage,CB,MIA,NYG,0.0,0.0,2020,,Montre Hartage MIA→NYG
Free Agent Signing,Isaiah Irving,LB,CHI,ARI,0.0,0.0,2020,,Isaiah Irving CHI→ARI
Free Agent Signing,B.J. Bello,LB,NYJ,LAC,0.0,0.0,2020,,B.J. Bello NYJ→LAC
Free Agent Signing,Kai Nacua,DB,IND,SF,0.0,,2020,,Kai Nacua IND→SF
Free Agent Signing,Prince Amukamara,CB,CHI,ARI,1.22,,2020,,Prince Amukamara CHI→ARI
Free Agent Signing,Andy Dalton,QB,CIN,DAL,0.53,-13.84,2020,,Andy Dalton CIN→DAL
Free Agent Signing,Jabaal Sheard,DE,IND,NYG,0.0,0.0,2020,,Jabaal Sheard IND→NYG
Free Agent Signing,Dee Virgin,DB,DET,NE,0.0,0.0,2020,,Dee Virgin DET→NE
Free Agent Signing,Storm Norton,OL,MIN,LAC,0.0,,2020,,Storm Norton MIN→LAC
Free Agent Signing,James Onwualu,LB,JAX,LV,0.0,,2020,,James Onwualu JAX→LV
Free Agent Signing,Andre Patton,WR,LAC,MIA,0.0,-0.18,2020,,Andre Patton LAC→MIA
Free Agent Signing,Artavis Scott,WR,LAC,HOU,0.0,,2020,,Artavis Scott LAC→HOU
Free Agent Signing,Jacob Dolegala,QB,CIN,NE,0.0,,2020,,Jacob Dolegala CIN→NE
Free Agent Signing,Ken Webster,DB,MIA,SF,0.0,0.0,2020,,Ken Webster MIA→SF
Free Agent Signing,Jordan Brailford,LB,WAS,MIN,0.0,,2020,,Jordan Brailford WAS→MIN
Free Agent Signing,Caleb Wilson,TE,WAS,PHI,0.0,,2020,,Caleb Wilson WAS→PHI
Free Agent Signing,Beau Benzschawel,OL,DET,HOU,0.0,,2020,,Beau Benzschawel DET→HOU
Free Agent Signing,Dare Ogunbowale,RB,TB,JAX,0.0,-10.8,2020,,Dare Ogunbowale TB→JAX
Free Agent Signing,Khalfani Muhammad,RB,DEN,MIN,0.0,,2020,,Khalfani Muhammad DEN→MIN
Free Agent Signing,Pat Elflein,C,MIN,NYJ,0.86,,2020,,Pat Elflein MIN→NYJ
Free Agent Signing,Jordan Willis,DE,NYJ,SF,0.0,0.0,2020,,Jordan Willis NYJ→SF
Free Agent Signing,Adam Shaheen,TE,CHI,MIA,0.0,1.71,2020,,Adam Shaheen CHI→MIA
Free Agent Signing,Josh Jones,S,DAL,JAX,0.0,0.0,2020,,Josh Jones DAL→JAX
Free Agent Signing,Charles Harris,LB,MIA,ATL,0.0,0.0,2020,,Charles Harris MIA→ATL
Free Agent Signing,Donald Parham,TE,WAS,LAC,0.0,,2020,,Donald Parham WAS→LAC
Free Agent Signing,Ray Smith,DL,SF,MIA,0.0,,2020,,Ray Smith SF→MIA
Free Agent Signing,Deion Calhoun,OL,MIA,CIN,0.0,,2020,,Deion Calhoun MIA→CIN
Free Agent Signing,Jordan Leggett,TE,TB,DEN,0.0,,2020,,Jordan Leggett TB→DEN
Free Agent Signing,Clayton Thorson,QB,DAL,NYG,0.0,,2020,,Clayton Thorson DAL→NYG
Free Agent Signing,Saquan Hampton,SAF,NO,NYJ,0.0,0.0,2020,,Saquan Hampton NO→NYJ
Free Agent Signing,Ross Pierschbacher,OL,WAS,PHI,0.0,,2020,,Ross Pierschbacher WAS→PHI
Free Agent Signing,Jordan Scarlett,RB,CAR,DET,0.0,-4.49,2020,,Jordan Scarlett CAR→DET
Free Agent Signing,Michael Jackson,DB,DET,NE,0.0,,2020,,Michael Jackson DET→NE
Free Agent Signing,Amara Darboh,WR,PIT,CAR,0.0,,2020,,Amara Darboh PIT→CAR
Free Agent Signing,Hjalte Froholdt,OL,NE,HOU,0.0,,2020,,Hjalte Froholdt NE→HOU
Free Agent Signing,Tanzel Smart,DT,LA,NYJ,0.0,0.0,2020,,Tanzel Smart LA→NYJ
Free Agent Signing,Treyvon Hester,DT,WAS,PHI,0.0,0.0,2020,,Treyvon Hester WAS→PHI
Free Agent Signing,Brady Sheldon,LB,CIN,NYJ,0.0,,2020,,Brady Sheldon CIN→NYJ
Free Agent Signing,Emmanuel Ellerbee,LB,SEA,HOU,0.0,,2020,,Emmanuel Ellerbee SEA→HOU
Free Agent Signing,Chris Cooper,DB,ATL,DEN,0.0,,2020,,Chris Cooper ATL→DEN
Free Agent Signing,River Cracraft,WR,PHI,SF,0.0,,2020,,River Cracraft PHI→SF
Free Agent Signing,Jon Toth,OL,NYJ,DET,0.0,,2020,,Jon Toth NYJ→DET
Free Agent Signing,Niles Scott,DL,CIN,LV,0.0,,2020,,Niles Scott CIN→LV
Free Agent Signing,Bryan Bulaga,OT,GB,LAC,1.04,,2020,,Bryan Bulaga GB→LAC
Free Agent Signing,Linval Joseph,DT,MIN,LAC,0.0,0.0,2020,,Linval Joseph MIN→LAC
Free Agent Signing,Cam Newton,QB,CAR,NE,0.0,-16.08,2020,,Cam Newton CAR→NE
Free Agent Signing,Sam Young,OL,SF,LV,0.0,,2020,,Sam Young SF→LV
Free Agent Signing,Joe Webb,QB,HOU,NYG,0.0,,2020,,Joe Webb HOU→NYG
Free Agent Signing,Trent Williams,OL,WAS,SF,0.0,,2020,,Trent Williams WAS→SF
Free Agent Signing,Russell Okung,OT,LAC,CAR,0.0,0.0,2020,,Russell Okung LAC→CAR
Free Agent Signing,Colt McCoy,QB,WAS,NYG,0.0,-20.82,2020,,Colt McCoy WAS→NYG
Free Agent Signing,Everson Griffen,DE,MIN,DET,1.34,,2020,,Everson Griffen MIN→DET
Free Agent Signing,Al Woods,DT,SEA,JAX,0.0,0.0,2020,,Al Woods SEA→JAX
Free Agent Signing,Jonathan Wynn,DE,DET,CAR,0.0,0.0,2020,,Jonathan Wynn DET→CAR
Free Agent Signing,Derwin Gray,OL,PIT,JAX,0.0,,2020,,Derwin Gray PIT→JAX
Free Agent Signing,Austin Walter,RB,NYG,SF,0.0,,2020,,Austin Walter NYG→SF
Free Agent Signing,Alexander Myres,DB,PIT,DET,0.0,,2020,,Alexander Myres PIT→DET
Free Agent Signing,Trenton Cannon,RB,NYJ,CAR,0.0,0.0,2020,,Trenton Cannon NYJ→CAR
Free Agent Signing,Shakial Taylor,CB,DEN,NYG,0.0,0.0,2020,,Shakial Taylor DEN→NYG
Free Agent Signing,Kyle Shurmur,QB,KC,CIN,0.0,,2020,,Kyle Shurmur KC→CIN
Free Agent Signing,Greg Senat,OL,KC,DAL,0.0,,2020,,Greg Senat KC→DAL
Free Agent Signing,Dylan Mabin,DB,LV,MIN,0.0,,2020,,Dylan Mabin LV→MIN
Free Agent Signing,Austin Seibert,K,CLE,CIN,0.0,0.0,2020,,Austin Seibert CLE→CIN
Free Agent Signing,Mark Fields,DB,MIN,HOU,0.0,,2020,,Mark Fields MIN→HOU
Free Agent Signing,Jaleel Scott,WR,BAL,NYJ,0.0,-1.35,2020,,Jaleel Scott BAL→NYJ
Free Agent Signing,J'Mon Moore,WR,CLE,HOU,0.0,,2020,,J'Mon Moore CLE→HOU
Free Agent Signing,Damion Ratley,WR,CLE,HOU,0.0,11.01,2020,,Damion Ratley CLE→HOU
Free Agent Signing,Daniel Ekuale,DT,CLE,JAX,0.0,0.0,2020,,Daniel Ekuale CLE→JAX
Free Agent Signing,Dontrell Hilliard,RB,CLE,HOU,0.0,-2.78,2020,,Dontrell Hilliard CLE→HOU
Free Agent Signing,P.J. Hall,DT,LV,HOU,0.0,0.0,2020,,P.J. Hall LV→HOU
Free Agent Signing,Tramaine Brock,DB,TEN,DET,0.95,,2020,,Tramaine Brock TEN→DET
Free Agent Signing,Nate Meadors,DB,MIN,JAX,0.0,,2020,,Nate Meadors MIN→JAX
Free Agent Signing,Trey Quinn,WR,WAS,JAX,0.0,-19.51,2020,,Trey Quinn WAS→JAX
Free Agent Signing,Josh Rosen,QB,MIA,SF,0.0,-50.51,2020,,Josh Rosen MIA→SF
Free Agent Signing,J.T. Hassell,DB,CLE,NYJ,0.0,0.0,2020,,J.T. Hassell CLE→NYJ
Free Agent Signing,D.J. Montgomery,WR,CLE,NYJ,0.0,,2020,,D.J. Montgomery CLE→NYJ
Free Agent Signing,Willie Wright,OL,CLE,ATL,0.0,,2020,,Willie Wright CLE→ATL
Free Agent Signing,Curtis Bolton,LB,GB,HOU,0.0,,2020,,Curtis Bolton GB→HOU
Free Agent Signing,Keith Kirkwood,WR,NO,CAR,0.0,,2020,,Keith Kirkwood NO→CAR
Free Agent Signing,Ross Reynolds,OL,SF,NE,0.0,,2020,,Ross Reynolds SF→NE
Free Agent Signing,Ryan Hunter,OL,KC,LAC,0.0,,2020,,Ryan Hunter KC→LAC
Free Agent Signing,Andrew Brown,DT,CIN,HOU,0.0,0.0,2020,,Andrew Brown CIN→HOU
Free Agent Signing,Rashaan Gaulden,DB,NYG,LV,0.0,0.0,2020,,Rashaan Gaulden NYG→LV
Free Agent Signing,Chris Covington,LB,DAL,IND,0.0,0.0,2020,,Chris Covington DAL→IND
Free Agent Signing,Jackson Barton,OL,KC,NYG,0.0,,2020,,Jackson Barton KC→NYG
Free Agent Signing,Chris Slayton,DL,NYG,ATL,0.0,,2020,,Chris Slayton NYG→ATL
Free Agent Signing,Hale Hentges,TE,WAS,MIN,0.0,-0.57,2020,,Hale Hentges WAS→MIN
Free Agent Signing,Gerri Green,DL,IND,LV,0.0,,2020,,Gerri Green IND→LV
Free Agent Signing,Donnie Lewis,DB,CLE,CIN,0.0,,2020,,Donnie Lewis CLE→CIN
Free Agent Signing,Tyler Gauthier,OL,JAX,MIA,0.0,,2020,,Tyler Gauthier JAX→MIA
Free Agent Signing,Jalen Davis,DB,ARI,CIN,0.0,,2020,,Jalen Davis ARI→CIN
Free Agent Signing,Austin Larkin,DE,ATL,CAR,0.0,0.0,2020,,Austin Larkin ATL→CAR
Free Agent Signing,Trenton Scott,OL,LAC,CAR,0.0,,2020,,Trenton Scott LAC→CAR
Free Agent Signing,Abdullah Anderson,DT,CHI,MIN,0.0,0.0,2020,,Abdullah Anderson CHI→MIN
Free Agent Signing,Trent Harris,LB,MIA,NYG,0.0,0.0,2020,,Trent Harris MIA→NYG
Free Agent Signing,Quenton Meeks,DB,LAC,JAX,0.0,,2020,,Quenton Meeks LAC→JAX
Free Agent Signing,Tony Brown,DB,GB,CIN,0.0,0.0,2020,,Tony Brown GB→CIN
Free Agent Signing,Andrew Vollert,TE,LAC,IND,0.0,,2020,,Andrew Vollert LAC→IND
Free Agent Signing,Evan Brown,OL,MIA,DET,0.0,,2020,,Evan Brown MIA→DET
Free Agent Signing,Sean Chandler,DB,NYG,CAR,0.0,0.0,2020,,Sean Chandler NYG→CAR
Free Agent Signing,Bruce Hector,DT,PHI,CAR,0.0,0.0,2020,,Bruce Hector PHI→CAR
Free Agent Signing,Chris Jones,P,ARI,MIN,0.1,,2020,,Chris Jones ARI→MIN
Free Agent Signing,Elliott Fry,K,BAL,ATL,0.0,,2020,,Elliott Fry BAL→ATL
Free Agent Signing,Ishmael Hyman,WR,TB,CAR,0.0,-0.32,2020,,Ishmael Hyman TB→CAR
Free Agent Signing,Dante Pettis,WR,SF,NYG,0.0,-0.8,2020,,Dante Pettis SF→NYG
Free Agent Signing,Malik Turner,WR,SEA,DAL,0.0,4.92,2020,,Malik Turner SEA→DAL
Free Agent Signing,Chris Lacy,WR,DET,DAL,0.0,-7.05,2020,,Chris Lacy DET→DAL
Free Agent Signing,Kevin Toliver,DB,CHI,DEN,0.0,0.0,2020,,Kevin Toliver CHI→DEN
Free Agent Signing,Jaryd Jones-Smith,OL,SF,LV,0.0,,2020,,Jaryd Jones-Smith SF→LV
Free Agent Signing,Reginald McKenzie,DL,SEA,CIN,0.0,,2020,,Reginald McKenzie SEA→CIN
Free Agent Signing,Steven Parker,DB,MIA,DAL,0.0,0.0,2020,,Steven Parker MIA→DAL
Free Agent Signing,Ryan Santoso,K,TEN,NYG,0.0,0.0,2020,,Ryan Santoso TEN→NYG
Free Agent Signing,Dalyn Dawkins,RB,TEN,DET,0.0,-3.25,2020,,Dalyn Dawkins TEN→DET
Free Agent Signing,Sharif Finch,LB,TEN,NYJ,0.0,0.0,2020,,Sharif Finch TEN→NYJ
Free Agent Signing,Breeland Speaks,DL,KC,DAL,0.0,,2020,,Breeland Speaks KC→DAL
Free Agent Signing,Isaac Yiadom,CB,DEN,NYG,0.0,0.0,2020,,Isaac Yiadom DEN→NYG
Free Agent Signing,Hayden Hurst,TE,BAL,ATL,0.0,27.21,2020,,Hayden Hurst BAL→ATL
Free Agent Signing,Chase Daniel,QB,CHI,DET,0.0,3.7,2020,,Chase Daniel CHI→DET
Free Agent Signing,Brian Hoyer,QB,IND,NE,0.0,-30.99,2020,,Brian Hoyer IND→NE
Free Agent Signing,Demar Dotson,OT,TB,DEN,1.18,,2020,,Demar Dotson TB→DEN
Free Agent Signing,Graham Gano,K,CAR,NYG,0.0,,2020,,Graham Gano CAR→NYG
Free Agent Signing,Demarcus Christmas,DL,SEA,PIT,0.0,,2020,,Demarcus Christmas SEA→PIT
Free Agent Signing,Jerald Hawkins,OL,TB,PIT,0.0,,2020,,Jerald Hawkins TB→PIT
Free Agent Signing,Jonathan Bullard,DE,ARI,SEA,0.0,0.0,2020,,Jonathan Bullard ARI→SEA
Free Agent Signing,Kendall Fuller,CB,KC,WAS,0.0,0.0,2020,,Kendall Fuller KC→WAS
Free Agent Signing,Gary Jennings,WR,MIA,IND,0.0,,2020,,Gary Jennings MIA→IND
Free Agent Signing,Artie Burns,CB,PIT,CHI,0.0,0.0,2020,,Artie Burns PIT→CHI
Free Agent Signing,Temarrick Hemingway,TE,CAR,WAS,0.0,,2020,,Temarrick Hemingway CAR→WAS
Free Agent Signing,Marcus Johnson,WR,IND,TEN,0.0,8.33,2020,,Marcus Johnson IND→TEN
Free Agent Signing,Jared Norris,LB,CAR,WAS,0.0,,2020,,Jared Norris CAR→WAS
Free Agent Signing,Jonathan Williams,RB,IND,WAS,0.0,8.13,2020,,Jonathan Williams IND→WAS
Free Agent Signing,Derek Watt,FB,LAC,PIT,0.0,5.24,2020,,Derek Watt LAC→PIT
Free Agent Signing,Trevor Williams,DB,ARI,PIT,0.0,,2020,,Trevor Williams ARI→PIT
Free Agent Signing,Brooks Reed,LB,ARI,TEN,0.0,0.0,2020,,Brooks Reed ARI→TEN
Free Agent Signing,Robert Quinn,DE,DAL,CHI,0.0,0.0,2020,,Robert Quinn DAL→CHI
Free Agent Signing,Alex McGough,QB,HOU,SEA,0.0,,2020,,Alex McGough HOU→SEA
Free Agent Signing,Nick Nelson,DB,LV,IND,0.0,,2020,,Nick Nelson LV→IND
Free Agent Signing,Philip Rivers,QB,LAC,IND,3.66,58.48,2020,,Philip Rivers LAC→IND
Free Agent Signing,Tashaun Gipson,FS,HOU,CHI,1.0,,2020,,Tashaun Gipson HOU→CHI
Free Agent Signing,Kyle Allen,QB,CAR,WAS,0.53,-32.16,2020,,Kyle Allen CAR→WAS
Free Agent Signing,Robert Foster,WR,BUF,WAS,0.0,-4.73,2020,,Robert Foster BUF→WAS
Free Agent Signing,David Steinmetz,OL,HOU,WAS,0.0,,2020,,David Steinmetz HOU→WAS
Free Agent Signing,Mychal Kendricks,LB,SEA,WAS,0.0,0.0,2020,,Mychal Kendricks SEA→WAS
Free Agent Signing,Tavon Wilson,FS,DET,IND,0.82,,2020,,Tavon Wilson DET→IND
Free Agent Signing,Bruce Irvin,LB,CAR,SEA,0.0,0.0,2020,,Bruce Irvin CAR→SEA
Free Agent Signing,James Crawford,LB,MIA,BAL,0.0,0.0,2020,,James Crawford MIA→BAL
Free Agent Signing,Andre Chachere,DB,ARI,IND,0.0,,2020,,Andre Chachere ARI→IND
Free Agent Signing,Anthony Coyle,OL,ATL,PIT,0.0,,2020,,Anthony Coyle ATL→PIT
Free Agent Signing,Trevor Daniel,P,HOU,TEN,0.0,0.0,2020,,Trevor Daniel HOU→TEN
Free Agent Signing,Paul Adams,OL,WAS,TEN,0.0,,2020,,Paul Adams WAS→TEN
Free Agent Signing,Rick Leonard,OL,HOU,WAS,0.0,,2020,,Rick Leonard HOU→WAS
Free Agent Signing,Jordan Thomas,LB,HOU,IND,0.0,-1.09,2020,,Jordan Thomas HOU→IND
Free Agent Signing,Danny Etling,QB,ATL,SEA,0.0,,2020,,Danny Etling ATL→SEA
Free Agent Signing,Sam Jones,OL,ARI,IND,0.0,,2020,,Sam Jones ARI→IND
Free Agent Signing,Ray-Ray McCloud,WR,BUF,PIT,0.0,0.0,2020,,Ray-Ray McCloud BUF→PIT
Free Agent Signing,Dylan Cantrell,TE,LAC,WAS,0.0,,2020,,Dylan Cantrell LAC→WAS
Free Agent Signing,Jack Crawford,DT,ATL,TEN,0.0,0.0,2020,,Jack Crawford ATL→TEN
Free Agent Signing,Lamar Miller,RB,HOU,WAS,0.0,,2020,,Lamar Miller HOU→WAS
Free Agent Signing,Nick Foles,QB,JAX,CHI,0.0,-14.9,2020,,Nick Foles JAX→CHI
Free Agent Signing,Bo Scarbrough,RB,DET,SEA,0.0,-13.8,2020,,Bo Scarbrough DET→SEA
Free Agent Signing,Will Compton,ILB,LV,TEN,0.0,0.0,2020,,Will Compton LV→TEN
Free Agent Signing,Wyatt Ray,DL,NYJ,TEN,0.0,,2020,,Wyatt Ray NYJ→TEN
Free Agent Signing,Ray-Ray Armstrong,LB,DAL,SEA,0.0,0.0,2020,,Ray-Ray Armstrong DAL→SEA
Free Agent Signing,D.J. Reed,CB,SF,SEA,0.0,0.0,2020,,D.J. Reed SF→SEA
Free Agent Signing,Damontre Moore,DE,SF,SEA,0.0,0.0,2020,,Damontre Moore SF→SEA
Free Agent Signing,Tremon Smith,CB,PHI,IND,0.0,0.0,2020,,Tremon Smith PHI→IND
Free Agent Signing,Matt Orzech,LS,JAX,TEN,0.0,,2020,,Matt Orzech JAX→TEN
Free Agent Signing,Eric Kush,G,CLE,CHI,0.0,0.0,2020,,Eric Kush CLE→CHI
Free Agent Signing,John Jenkins,DT,MIA,CHI,0.0,0.0,2020,,John Jenkins MIA→CHI
Free Agent Signing,Taylor Stallworth,DT,NO,IND,0.0,0.0,2020,,Taylor Stallworth NO→IND
Free Agent Signing,Demetrius Harris,TE,CLE,CHI,0.0,10.05,2020,,Demetrius Harris CLE→CHI
Free Agent Signing,Benson Mayowa,OLB,LV,SEA,0.0,0.0,2020,,Benson Mayowa LV→SEA
Free Agent Signing,Manti Te'o,MLB,NO,CHI,0.0,0.0,2020,,Manti Te'o NO→CHI
Free Agent Signing,Xavier Rhodes,CB,MIN,IND,1.11,,2020,,Xavier Rhodes MIN→IND
Free Agent Signing,Jayson Stanley,DB,JAX,SEA,0.0,,2020,,Jayson Stanley JAX→SEA
Free Agent Signing,Spencer Ware,RB,KC,CHI,0.0,-3.29,2020,,Spencer Ware KC→CHI
Free Agent Signing,Brad Lundblade,OL,NYJ,SEA,0.0,,2020,,Brad Lundblade NYJ→SEA
Free Agent Signing,Kaare Vedvik,K,CIN,WAS,0.0,0.0,2020,,Kaare Vedvik CIN→WAS
Free Agent Signing,Jeff Badet,WR,MIN,WAS,0.0,,2020,,Jeff Badet MIN→WAS
Free Agent Signing,Danny Isidora,G,MIA,PIT,0.0,0.0,2020,,Danny Isidora MIA→PIT
Free Agent Signing,Logan Thomas,TE,DET,WAS,0.0,-1.16,2020,,Logan Thomas DET→WAS
Free Agent Signing,Avery Williamson,LB,NYJ,PIT,0.0,,2020,,Avery Williamson NYJ→PIT
Free Agent Signing,Trey Burton,TE,CHI,IND,0.0,-8.63,2020,,Trey Burton CHI→IND
Free Agent Signing,Cornelius Lucas,OL,CHI,WAS,0.0,,2020,,Cornelius Lucas CHI→WAS
Free Agent Signing,Marcus Baugh,TE,CAR,WAS,0.0,,2020,,Marcus Baugh CAR→WAS
Free Agent Signing,Linden Stephens,CB,MIA,SEA,0.0,0.0,2020,,Linden Stephens MIA→SEA
Free Agent Signing,Barkevious Mingo,OLB,HOU,CHI,0.0,0.0,2020,,Barkevious Mingo HOU→CHI
Free Agent Signing,Carlos Hyde,RB,HOU,SEA,0.0,-36.49,2020,,Carlos Hyde HOU→SEA
Free Agent Signing,Jordan Miller,DB,ATL,SEA,0.0,0.0,2020,,Jordan Miller ATL→SEA
Free Agent Signing,D'Onta Foreman,RB,IND,TEN,0.0,,2020,,D'Onta Foreman IND→TEN
Free Agent Signing,Joshua Dobbs,QB,JAX,PIT,0.0,,2020,,Joshua Dobbs JAX→PIT
Free Agent Signing,Jeremy McNichols,RB,JAX,TEN,0.0,,2020,,Jeremy McNichols JAX→TEN
Free Agent Signing,David Sharpe,OT,LV,WAS,0.0,0.0,2020,,David Sharpe LV→WAS
Free Agent Signing,T.J. Carrie,DB,CLE,IND,0.0,0.0,2020,,T.J. Carrie CLE→IND
Free Agent Signing,Daniel McCullers,DL,PIT,CHI,0.0,,2020,,Daniel McCullers PIT→CHI
Free Agent Signing,Cairo Santos,K,TEN,CHI,0.0,0.0,2020,,Cairo Santos TEN→CHI
Free Agent Signing,Senorise Perry,RB,BUF,TEN,0.0,-3.02,2020,,Senorise Perry BUF→TEN
Free Agent Signing,Cassius Marsh,LB,ARI,PIT,0.0,0.0,2020,,Cassius Marsh ARI→PIT
Free Agent Signing,Jalen Jelks,DL,DAL,WAS,0.0,,2020,,Jalen Jelks DAL→WAS
Free Agent Signing,Jordan Brown,DB,LV,WAS,0.0,,2020,,Jordan Brown LV→WAS
Free Agent Signing,DeAndre Carter,WR,HOU,CHI,0.0,7.86,2020,,DeAndre Carter HOU→CHI
Free Agent Signing,Jamal Adams,LB,NYJ,SEA,1.09,,2020,,Jamal Adams NYJ→SEA
Free Agent Signing,Kevin Pierre-Louis,LB,CHI,WAS,0.0,0.0,2020,,Kevin Pierre-Louis CHI→WAS
Free Agent Signing,Chris Wormley,NT,BAL,PIT,0.0,0.0,2020,,Chris Wormley BAL→PIT
Free Agent Signing,DeShone Kizer,QB,LV,TEN,0.0,,2020,,DeShone Kizer LV→TEN
Free Agent Signing,Eric Ebron,TE,IND,PIT,0.0,-2.88,2020,,Eric Ebron IND→PIT
Free Agent Signing,Jadeveon Clowney,DE,SEA,TEN,0.0,0.0,2020,,Jadeveon Clowney SEA→TEN
Free Agent Signing,Jarron Jones,OL,BUF,PIT,0.0,,2020,,Jarron Jones BUF→PIT
Free Agent Signing,Kyle Sloter,QB,DET,CHI,0.0,,2020,,Kyle Sloter DET→CHI
Free Agent Signing,Sojourn Shelton,DB,ARI,CHI,0.0,,2020,,Sojourn Shelton ARI→CHI
Free Agent Signing,Damarious Randall,S,CLE,SEA,0.0,0.0,2020,,Damarious Randall CLE→SEA
Free Agent Signing,Cedric Ogbuehi,OT,JAX,SEA,0.0,0.0,2020,,Cedric Ogbuehi JAX→SEA
Free Agent Signing,Will Holden,OL,BAL,IND,0.0,,2020,,Will Holden BAL→IND
Free Agent Signing,Tyrone Swoopes,TE,SEA,WAS,0.0,0.02,2020,,Tyrone Swoopes SEA→WAS
Free Agent Signing,J.J. Nelson,WR,LV,BUF,0.0,-0.36,2020,,J.J. Nelson LV→BUF
Free Agent Signing,Nick Dzubnar,LB,LAC,TEN,0.0,0.0,2020,,Nick Dzubnar LAC→TEN
Free Agent Signing,Quinton Dunbar,CB,WAS,SEA,0.0,0.0,2020,,Quinton Dunbar WAS→SEA
Free Agent Signing,Taylor Heinicke,QB,CAR,WAS,0.0,,2020,,Taylor Heinicke CAR→WAS
Free Agent Signing,Nate Orchard,DE,WAS,TEN,0.0,0.0,2020,,Nate Orchard WAS→TEN
Free Agent Signing,Ty Sambrailo,OT,ATL,TEN,0.0,3.27,2020,,Ty Sambrailo ATL→TEN
Free Agent Signing,Chester Rogers,WR,IND,TEN,0.0,9.18,2020,,Chester Rogers IND→TEN
Free Agent Signing,Mario Edwards,DE,NO,CHI,0.0,0.0,2020,,Mario Edwards NO→CHI
Free Agent Signing,Joey Ivie,DT,TEN,CLE,0.0,0.0,2020,,Joey Ivie TEN→CLE
Free Agent Signing,Geoff Swaim,TE,JAX,TEN,0.0,-5.93,2020,,Geoff Swaim JAX→TEN
Free Agent Signing,Wes Schweitzer,G,ATL,WAS,0.0,0.0,2020,,Wes Schweitzer ATL→WAS
Free Agent Signing,Paul Perkins,RB,BAL,IND,0.0,-2.32,2020,,Paul Perkins BAL→IND
Free Agent Signing,Brandon Shell,OT,NYJ,SEA,1.01,,2020,,Brandon Shell NYJ→SEA
Free Agent Signing,Germain Ifedi,OT,SEA,CHI,1.2,,2020,,Germain Ifedi SEA→CHI
Free Agent Signing,DeForest Buckner,DT,SF,IND,0.95,,2020,,DeForest Buckner SF→IND
Free Agent Signing,Phillip Dorsett,WR,NE,SEA,0.0,10.53,2020,,Phillip Dorsett NE→SEA
Free Agent Signing,Ronald Darby,CB,PHI,WAS,0.0,0.0,2020,,Ronald Darby PHI→WAS
Free Agent Signing,Ibraheim Campbell,DB,GB,IND,0.0,0.0,2020,,Ibraheim Campbell GB→IND
Free Agent Signing,Chaz Green,OL,DEN,IND,0.0,,2020,,Chaz Green DEN→IND
Free Agent Signing,Anthony Johnson,WR,LAC,PIT,0.0,,2020,,Anthony Johnson LAC→PIT
Free Agent Signing,Nate Brooks,CB,MIA,BAL,0.0,0.0,2020,,Nate Brooks MIA→BAL
Free Agent Signing,Miles Brown,NT,ARI,TEN,0.0,0.0,2020,,Miles Brown ARI→TEN
Free Agent Signing,J.D. McKissic,RB,DET,WAS,0.0,-10.35,2020,,J.D. McKissic DET→WAS
Free Agent Signing,Breon Borders,CB,WAS,TEN,0.0,0.0,2020,,Breon Borders WAS→TEN
Free Agent Signing,John Battle,DB,TB,PIT,0.0,,2020,,John Battle TB→PIT
Free Agent Signing,Wyatt Miller,OL,DAL,SEA,0.0,,2020,,Wyatt Miller DAL→SEA
Free Agent Signing,Devaroe Lawrence,DT,KC,WAS,0.0,0.0,2020,,Devaroe Lawrence KC→WAS
Free Agent Signing,Cole Luke,CB,CAR,WAS,0.0,0.0,2020,,Cole Luke CAR→WAS
Free Agent Signing,Desmond King,DB,LAC,TEN,0.0,0.0,2020,,Desmond King LAC→TEN
Free Agent Signing,Teez Tabor,DB,SF,CHI,0.0,,2020,,Teez Tabor SF→CHI
Free Agent Signing,Jordan Kunaszyk,ILB,CAR,WAS,0.0,0.0,2020,,Jordan Kunaszyk CAR→WAS
Free Agent Signing,Justin Phillips,LB,LV,WAS,0.0,0.0,2020,,Justin Phillips LV→WAS
Free Agent Signing,Tuzar Skipper,LB,PIT,TEN,0.0,0.0,2020,,Tuzar Skipper PIT→TEN
Free Agent Signing,Charles Jones,TE,JAX,PIT,0.0,-0.63,2020,,Charles Jones JAX→PIT
Free Agent Signing,Joshua Garnett,OL,SF,WAS,0.0,,2020,,Joshua Garnett SF→WAS
Free Agent Signing,Wendell Smallwood,RB,WAS,PIT,0.0,-6.71,2020,,Wendell Smallwood WAS→PIT
Free Agent Signing,Marqui Christian,DB,LA,CHI,0.0,0.0,2020,,Marqui Christian LA→CHI
Free Agent Signing,Jason Spriggs,OL,GB,CHI,0.0,,2020,,Jason Spriggs GB→CHI
Free Agent Signing,Peyton Barber,RB,TB,WAS,0.0,-35.87,2020,,Peyton Barber TB→WAS
Free Agent Signing,Joey Hunt,C,SEA,IND,0.0,0.0,2020,,Joey Hunt SEA→IND
Free Agent Signing,Trevor Davis,WR,MIA,WAS,0.0,0.46,2020,,Trevor Davis MIA→WAS
Free Agent Signing,Jordan Lucas,S,KC,CHI,0.0,0.0,2020,,Jordan Lucas KC→CHI
Free Agent Signing,John Leglue,OL,GB,PIT,0.0,,2020,,John Leglue GB→PIT
Free Agent Signing,Dwayne Harris,WR,LV,CHI,0.0,-0.56,2020,,Dwayne Harris LV→CHI
Free Agent Signing,Marshall Newhouse,G,NE,TEN,0.0,0.0,2020,,Marshall Newhouse NE→TEN
Free Agent Signing,Jimmy Graham,TE,GB,CHI,0.0,20.68,2020,,Jimmy Graham GB→CHI
Free Agent Signing,Dontrelle Inman,WR,IND,WAS,0.0,3.32,2020,,Dontrelle Inman IND→WAS
Free Agent Signing,Kai Forbath,K,DAL,LA,0.0,0.0,2020,,Kai Forbath DAL→LA
Free Agent Signing,Greg Olsen,TE,CAR,SEA,0.0,9.27,2020,,Greg Olsen CAR→SEA
Free Agent Signing,Stephen Gostkowski,K,NE,TEN,0.0,0.0,2020,,Stephen Gostkowski NE→TEN
Free Agent Signing,Thomas Davis,OLB,LAC,WAS,1.08,,2020,,Thomas Davis LAC→WAS
Free Agent Signing,Carlos Dunlap,DE,CIN,SEA,0.0,0.0,2020,,Carlos Dunlap CIN→SEA
Free Agent Signing,J'Marcus Webb,OT,MIA,IND,0.0,0.0,2020,,J'Marcus Webb MIA→IND
Free Agent Signing,Matt Overton,LS,JAX,TEN,0.0,,2020,,Matt Overton JAX→TEN
Free Agent Signing,Michael Dunn,OL,MIA,CLE,0.0,,2020,,Michael Dunn MIA→CLE
Free Agent Signing,Cody Parkey,K,TEN,CLE,0.0,0.0,2020,,Cody Parkey TEN→CLE
Free Agent Signing,Elijah Lee,OLB,SF,CLE,0.0,0.0,2020,,Elijah Lee SF→CLE
Free Agent Signing,Joe Jackson,DE,DAL,CLE,0.0,0.0,2020,,Joe Jackson DAL→CLE
Free Agent Signing,James Hurst,OL,BAL,NO,0.0,,2020,,James Hurst BAL→NO
Free Agent Signing,Bennie Fowler,WR,NYG,NO,0.0,6.09,2020,,Bennie Fowler NYG→NO
Free Agent Signing,Derek Rivers,DL,NE,LA,0.0,,2020,,Derek Rivers NE→LA
Free Agent Signing,Kevin Johnson,CB,BUF,CLE,0.0,0.0,2020,,Kevin Johnson BUF→CLE
Free Agent Signing,Kwon Alexander,MLB,SF,NO,0.0,0.0,2020,,Kwon Alexander SF→NO
Free Agent Signing,Greg Mancz,OL,HOU,BAL,0.0,,2020,,Greg Mancz HOU→BAL
Free Agent Signing,Ryan Glasgow,DT,CIN,NO,0.0,0.0,2020,,Ryan Glasgow CIN→NO
Free Agent Signing,Blake Hance,OL,JAX,CLE,0.0,,2020,,Blake Hance JAX→CLE
Free Agent Signing,Trevor Siemian,QB,NYJ,NO,0.0,-5.56,2020,,Trevor Siemian NYJ→NO
Free Agent Signing,DeAndrew White,WR,CAR,BAL,0.0,-3.47,2020,,DeAndrew White CAR→BAL
Free Agent Signing,Jameis Winston,QB,TB,NO,3.22,51.54,2020,,Jameis Winston TB→NO
Free Agent Signing,Pierre Desir,CB,IND,BAL,0.0,0.0,2020,,Pierre Desir IND→BAL
Free Agent Signing,Michael Burton,FB,WAS,NO,0.0,-0.31,2020,,Michael Burton WAS→NO
Free Agent Signing,Christian Ringo,DL,CIN,NO,0.0,,2020,,Christian Ringo CIN→NO
Free Agent Signing,Eric Tomlinson,TE,LV,BAL,0.0,-0.5,2020,,Eric Tomlinson LV→BAL
Free Agent Signing,Jake Kumerow,WR,GB,NO,0.0,13.38,2020,,Jake Kumerow GB→NO
Free Agent Signing,Johnny Townsend,P,NYG,BAL,0.0,,2020,,Johnny Townsend NYG→BAL
Free Agent Signing,Ethan Wolf,TE,LA,NO,0.0,,2020,,Ethan Wolf LA→NO
Free Agent Signing,Derek Wolfe,DE,DEN,BAL,0.0,0.0,2020,,Derek Wolfe DEN→BAL
Free Agent Signing,Case Keenum,QB,WAS,CLE,0.0,-11.49,2020,,Case Keenum WAS→CLE
Free Agent Signing,Donovan Olumba,DB,DAL,CLE,0.0,,2020,,Donovan Olumba DAL→CLE
Free Agent Signing,Grant Haley,DB,NYG,NO,0.0,0.0,2020,,Grant Haley NYG→NO
Free Agent Signing,Jordan Franks,TE,CIN,CLE,0.0,,2020,,Jordan Franks CIN→CLE
Free Agent Signing,Malcolm Jenkins,S,PHI,NO,1.1,,2020,,Malcolm Jenkins PHI→NO
Free Agent Signing,Ronnie Harrison,LB,JAX,CLE,0.99,,2020,,Ronnie Harrison JAX→CLE
Free Agent Signing,Adrian Clayborn,DE,ATL,CLE,0.0,0.0,2020,,Adrian Clayborn ATL→CLE
Free Agent Signing,Andrew Sendejo,FS,MIN,CLE,0.0,0.0,2020,,Andrew Sendejo MIN→CLE
Free Agent Signing,Emmanuel Sanders,WR,SF,NO,1.21,24.13,2020,,Emmanuel Sanders SF→NO
Free Agent Signing,Malcolm Smith,MLB,DAL,CLE,0.0,0.0,2020,,Malcolm Smith DAL→CLE
Free Agent Signing,Alexander Hollins,WR,MIN,CLE,0.0,-0.36,2020,,Alexander Hollins MIN→CLE
Free Agent Signing,Johnny Stanton,RB,MIN,CLE,0.0,,2020,,Johnny Stanton MIN→CLE
Free Agent Signing,D.J. Fluker,G,SEA,BAL,0.83,,2020,,D.J. Fluker SEA→BAL
Free Agent Signing,Blair Walsh,K,ATL,NO,0.0,,2020,,Blair Walsh ATL→NO
Free Agent Signing,Matt Gay,K,TB,LA,0.0,0.0,2020,,Matt Gay TB→LA
Free Agent Signing,Javon Patterson,OL,IND,CLE,0.0,,2020,,Javon Patterson IND→CLE
Free Agent Signing,Davontae Harris,CB,DEN,BAL,0.0,0.0,2020,,Davontae Harris DEN→BAL
Free Agent Signing,Jordan Mills,OL,ARI,BAL,0.0,,2020,,Jordan Mills ARI→BAL
Free Agent Signing,M.J. Stewart,SAF,TB,CLE,0.0,0.0,2020,,M.J. Stewart TB→CLE
Free Agent Signing,Kyle Lauletta,QB,PHI,CLE,0.0,,2020,,Kyle Lauletta PHI→CLE
Free Agent Signing,Justin Hollins,LB,DEN,LA,0.0,0.0,2020,,Justin Hollins DEN→LA
Free Agent Signing,Cameron Malveaux,DL,WAS,CLE,0.0,,2020,,Cameron Malveaux WAS→CLE
Free Agent Signing,Anthony Fabiano,OL,TB,CLE,0.0,,2020,,Anthony Fabiano TB→CLE
Free Agent Signing,John Kelly,RB,LA,CLE,0.0,-2.07,2020,,John Kelly LA→CLE
Free Agent Signing,Calais Campbell,DE,JAX,BAL,1.24,,2020,,Calais Campbell JAX→BAL
Free Agent Signing,Vincent Taylor,DT,BUF,CLE,0.0,0.0,2020,,Vincent Taylor BUF→CLE
Free Agent Signing,John Denney,LS,MIA,NO,0.0,,2020,,John Denney MIA→NO
Free Agent Signing,Marvin Hall,WR,DET,CLE,0.0,17.53,2020,,Marvin Hall DET→CLE
Free Agent Signing,Brian Allen,C,SEA,CLE,0.0,0.0,2020,,Brian Allen SEA→CLE
Free Agent Signing,Braxton Hoyett,DL,KC,BAL,0.0,,2020,,Braxton Hoyett KC→BAL
Free Agent Signing,Andy Janovich,FB,DEN,CLE,0.0,1.9,2020,,Andy Janovich DEN→CLE
Free Agent Signing,JoJo Natson,WR,LA,CLE,0.0,0.0,2020,,JoJo Natson LA→CLE
Free Agent Signing,Sheldon Day,DT,SF,CLE,0.0,0.0,2020,,Sheldon Day SF→CLE
Free Agent Signing,Yannick Ngakoue,DE,JAX,BAL,0.0,0.0,2020,,Yannick Ngakoue JAX→BAL
Free Agent Signing,Ken Crawley,CB,MIA,NO,0.0,0.0,2020,,Ken Crawley MIA→NO
Free Agent Signing,Leonard Floyd,DE,CHI,LA,1.35,,2020,,Leonard Floyd CHI→LA
Free Agent Signing,Anthony Zettel,DE,SF,NO,0.0,0.0,2020,,Anthony Zettel SF→NO
Free Agent Signing,Jayron Kearse,S,MIN,BAL,0.0,0.0,2020,,Jayron Kearse MIN→BAL
Free Agent Signing,B.J. Goodson,MLB,GB,CLE,0.0,0.0,2020,,B.J. Goodson GB→CLE
Free Agent Signing,Tommylee Lewis,WR,DET,NO,0.0,,2020,,Tommylee Lewis DET→NO
Free Agent Signing,Karl Joseph,FS,LV,CLE,0.0,0.0,2020,,Karl Joseph LV→CLE
Free Agent Signing,A'Shawn Robinson,DT,DET,LA,0.0,0.0,2020,,A'Shawn Robinson DET→LA
Free Agent Signing,Ty Montgomery,WR,NYJ,NO,0.0,-13.49,2020,,Ty Montgomery NYJ→NO
Free Agent Signing,Tedric Thompson,FS,SEA,CLE,0.0,0.0,2020,,Tedric Thompson SEA→CLE
Free Agent Signing,Andrew Billings,DT,CIN,CLE,0.0,0.0,2020,,Andrew Billings CIN→CLE
Free Agent Signing,Jack Conklin,OT,TEN,CLE,1.14,,2020,,Jack Conklin TEN→CLE
Free Agent Signing,Austin Hooper,TE,ATL,CLE,0.0,25.6,2020,,Austin Hooper ATL→CLE
Free Agent Signing,Colin Holba,LS,NYG,LA,0.0,,2020,,Colin Holba NYG→LA
Free Agent Signing,Nick Moore,LS,NO,BAL,0.0,,2020,,Nick Moore NO→BAL
Free Agent Signing,Ryan Switzer,WR,PIT,CLE,0.0,-3.98,2020,,Ryan Switzer PIT→CLE
Free Agent Signing,A.J. Klein,OLB,NO,BUF,1.01,,2020,,A.J. Klein NO→BUF
Free Agent Signing,Mario Addison,DL,CAR,BUF,0.0,0.0,2020,,Mario Addison CAR→BUF
Free Agent Signing,Vernon Butler,DT,CAR,BUF,0.0,0.0,2020,,Vernon Butler CAR→BUF
Free Agent Signing,John Lovett,QB,KC,GB,0.0,,2020,,John Lovett KC→GB
Free Agent Signing,Isaac Nauta,TE,DET,GB,0.0,0.53,2020,,Isaac Nauta DET→GB
Free Agent Signing,Parry Nickerson,CB,JAX,GB,0.0,0.0,2020,,Parry Nickerson JAX→GB
Free Agent Signing,Damon Harrison,DT,DET,GB,0.0,0.0,2020,,Damon Harrison DET→GB
Free Agent Signing,Tristan Vizcaino,K,CIN,BUF,0.0,,2020,,Tristan Vizcaino CIN→BUF
Free Agent Signing,Andre Smith,OT,CAR,BUF,0.0,0.0,2020,,Andre Smith CAR→BUF
Free Agent Signing,Josh Norman,CB,WAS,BUF,0.0,0.0,2020,,Josh Norman WAS→BUF
Free Agent Signing,Billy Winn,DL,DEN,GB,0.0,,2020,,Billy Winn DEN→GB
Free Agent Signing,Rick Wagner,OT,DET,GB,0.0,0.0,2020,,Rick Wagner DET→GB
Free Agent Signing,Ryan Winslow,P,ARI,GB,0.0,0.0,2020,,Ryan Winslow ARI→GB
Free Agent Signing,Bronson Kaufusi,TE,NYJ,GB,0.0,0.0,2020,,Bronson Kaufusi NYJ→GB
Free Agent Signing,Taiwan Jones,RB,HOU,BUF,0.0,2.29,2020,,Taiwan Jones HOU→BUF
Free Agent Signing,KeiVarae Russell,DB,LAC,GB,0.0,,2020,,KeiVarae Russell LAC→GB
Free Agent Signing,Jordan Devey,G,LV,BUF,0.0,0.0,2020,,Jordan Devey LV→BUF
Free Agent Signing,Kenny Stills,WR,HOU,BUF,0.0,35.05,2020,,Kenny Stills HOU→BUF
Free Agent Signing,Brian Winters,G,NYJ,BUF,0.0,0.0,2020,,Brian Winters NYJ→BUF
Free Agent Signing,Juwann Winfree,WR,DEN,GB,0.0,0.0,2020,,Juwann Winfree DEN→GB
Free Agent Signing,Tyler Matakevich,ILB,PIT,BUF,0.0,0.0,2020,,Tyler Matakevich PIT→BUF
Free Agent Signing,Brandin Bryant,DT,CLE,BUF,0.0,0.0,2020,,Brandin Bryant CLE→BUF
Free Agent Signing,Brian Price,DL,JAX,GB,0.0,,2020,,Brian Price JAX→GB
Free Agent Signing,Duke Thomas,DB,ARI,BUF,0.0,,2020,,Duke Thomas ARI→BUF
Free Agent Signing,Justin Zimmer,DT,CLE,BUF,0.0,0.0,2020,,Justin Zimmer CLE→BUF
Free Agent Signing,Devin Funchess,WR,IND,GB,0.0,3.16,2020,,Devin Funchess IND→GB
Free Agent Signing,James Burgess,OLB,NYJ,GB,0.0,0.0,2020,,James Burgess NYJ→GB
Free Agent Signing,Devonta Freeman,RB,ATL,BUF,0.0,-46.47,2020,,Devonta Freeman ATL→BUF
Free Agent Signing,Ben Braden,OL,NYJ,GB,0.0,,2020,,Ben Braden NYJ→GB
Free Agent Signing,Daryl Williams,OT,CAR,BUF,0.91,,2020,,Daryl Williams CAR→BUF
Free Agent Signing,Stefon Diggs,WR,MIN,BUF,2.92,49.68,2020,,Stefon Diggs MIN→BUF
Free Agent Signing,Mike Weber,RB,KC,GB,0.0,,2020,,Mike Weber KC→GB
Free Agent Signing,Bryan Cox,DE,CLE,BUF,0.0,0.0,2020,,Bryan Cox CLE→BUF
Free Agent Signing,Christian Kirksey,OLB,CLE,GB,0.0,0.0,2020,,Christian Kirksey CLE→GB
Free Agent Signing,Jonotthan Harrison,C,NYJ,BUF,0.0,0.0,2020,,Jonotthan Harrison NYJ→BUF
Free Agent Signing,Seth Roberts,WR,BAL,GB,0.0,14.49,2020,,Seth Roberts BAL→GB
Free Agent Signing,Tavon Austin,WR,DAL,GB,0.0,7.29,2020,,Tavon Austin DAL→GB
Free Agent Signing,Anthony Rush,NT,PHI,GB,0.0,0.0,2020,,Anthony Rush PHI→GB
Free Agent Signing,Darron Lee,ILB,KC,BUF,0.0,0.0,2020,,Darron Lee KC→BUF
Free Agent Signing,Quinton Jefferson,DE,SEA,BUF,0.0,0.0,2020,,Quinton Jefferson SEA→BUF
Free Agent Signing,Tanner Gentry,WR,CHI,BUF,0.0,,2020,,Tanner Gentry CHI→BUF
Free Agent Signing,Kelechi Osemele,G,NYJ,KC,0.0,0.0,2020,,Kelechi Osemele NYJ→KC
Free Agent Signing,Mike Remmers,G,NYG,KC,0.85,,2020,,Mike Remmers NYG→KC
Free Agent Signing,Ted Larsen,G,CHI,TB,0.0,0.0,2020,,Ted Larsen CHI→TB
Free Agent Signing,Sean Culkin,TE,LAC,KC,0.0,0.72,2020,,Sean Culkin LAC→KC
Free Agent Signing,Antonio Brown,WR,NE,TB,0.0,2.42,2020,,Antonio Brown NE→TB
Free Agent Signing,A.Q. Shipley,C,ARI,TB,0.89,,2020,,A.Q. Shipley ARI→TB
Free Agent Signing,Joe Haeg,OL,IND,TB,0.0,,2020,,Joe Haeg IND→TB
Free Agent Signing,Ryan Succop,K,TEN,TB,0.0,0.0,2020,,Ryan Succop TEN→TB
Free Agent Signing,Matt Wile,P,DET,TB,0.0,0.0,2020,,Matt Wile DET→TB
Free Agent Signing,Steve McLendon,NT,NYJ,TB,0.0,0.0,2020,,Steve McLendon NYJ→TB
Free Agent Signing,Garrison Sanborn,LS,SF,TB,0.0,,2020,,Garrison Sanborn SF→TB
Free Agent Signing,C.J. Prosise,RB,SEA,TB,0.0,-6.23,2020,,C.J. Prosise SEA→TB
Free Agent Signing,Daniel Kilgore,C,MIA,KC,0.9,,2020,,Daniel Kilgore MIA→KC
Free Agent Signing,Leonard Fournette,RB,JAX,TB,0.15,-37.44,2020,,Leonard Fournette JAX→TB
Free Agent Signing,Drew Stanton,QB,CLE,TB,0.0,,2020,,Drew Stanton CLE→TB
Free Agent Signing,LeSean McCoy,RB,KC,TB,0.0,-12.09,2020,,LeSean McCoy KC→TB
Free Agent Signing,Ricky Seals-Jones,TE,CLE,KC,0.0,9.77,2020,,Ricky Seals-Jones CLE→KC
Free Agent Signing,Evan Baylis,TE,GB,KC,0.0,0.0,2020,,Evan Baylis GB→KC
Free Agent Signing,Taco Charlton,DE,MIA,KC,0.0,0.0,2020,,Taco Charlton MIA→KC
Free Agent Signing,Antonio Hamilton,CB,NYG,KC,0.0,0.0,2020,,Antonio Hamilton NYG→KC
Free Agent Signing,Ross Cockrell,CB,CAR,TB,0.0,0.0,2020,,Ross Cockrell CAR→TB
Free Agent Signing,Deandre Baker,CB,NYG,KC,1.23,,2020,,Deandre Baker NYG→KC
Free Agent Signing,Tajae Sharpe,WR,TEN,KC,0.0,24.68,2020,,Tajae Sharpe TEN→KC
Free Agent Signing,Kenjon Barner,RB,ATL,TB,0.0,-1.59,2020,,Kenjon Barner ATL→TB
Free Agent Signing,Le'Veon Bell,RB,NYJ,KC,0.0,-50.18,2020,,Le'Veon Bell NYJ→KC
Free Agent Signing,Jordan Ta'amu,QB,HOU,KC,0.0,,2020,,Jordan Ta'amu HOU→KC
Free Agent Signing,Derrick Gore,RB,WAS,KC,0.0,,2020,,Derrick Gore WAS→KC
Free Agent Signing,Tom Brady,QB,NE,TB,1.72,29.32,2020,,Tom Brady NE→TB
Free Agent Signing,Deone Bucannon,OLB,NYG,TB,0.0,0.0,2020,,Deone Bucannon NYG→TB
Free Agent Signing,Patrick Omameh,G,NO,KC,0.0,0.0,2020,,Patrick Omameh NO→KC
Free Agent Signing,Greg Joseph,K,TEN,TB,0.0,0.0,2020,,Greg Joseph TEN→TB
Free Agent Signing,Antonio Callaway,WR,CLE,KC,0.0,-7.25,2020,,Antonio Callaway CLE→KC
Free Agent Signing,Bryan Witzmann,OL,CAR,KC,0.0,,2020,,Bryan Witzmann CAR→KC
Free Agent Signing,Chad Williams,WR,IND,KC,0.0,-1.08,2020,,Chad Williams IND→KC
Released / Retired,Montae Nicholson,FS,WAS,,1.04,,2020,,Montae Nicholson left WAS
Released / Retired,Eric Weddle,FS,LA,,1.02,,2020,,Eric Weddle left LA
Released / Retired,Ramon Foster,G,PIT,,0.87,,2020,,Ramon Foster left PIT
Released / Retired,Marshal Yanda,G,BAL,,0.84,,2020,,Marshal Yanda left BAL
Trade (pick),Pick R4.0 #137.0,PICK,DEN,JAX,0.07,,2020,,traded pick
Trade (player),A.J. Bouye,CB,JAX,DEN,1.4,,2020,,trade JAX→DEN
Trade (player),Trai Turner,G,CAR,LAC,0.87,,2020,,trade CAR→LAC
Trade (player),Russell Okung,OT,LAC,CAR,0.0,0.0,2020,,trade LAC→CAR
Trade (pick),Pick R5.0 #157.0,PICK,BAL,JAX,0.05,,2020,,traded pick
Trade (player),Calais Campbell,DE,JAX,BAL,1.24,,2020,,trade JAX→BAL
Trade (pick),Pick R1.0 #13.0,PICK,IND,SF,1.12,,2020,,traded pick
Trade (player),DeForest Buckner,DT,SF,IND,0.95,,2020,,trade SF→IND
Trade (pick),Pick R1.0 #22.0,PICK,BUF,MIN,0.92,,2020,,traded pick
Trade (pick),Pick R5.0 #155.0,PICK,BUF,MIN,0.05,,2020,,traded pick
Trade (pick),Pick R6.0 #201.0,PICK,BUF,MIN,0.02,,2020,,traded pick
Trade (pick),Pick R4.0 #134.0,PICK,BUF,MIN,0.08,,2020,,traded pick
Trade (player),Stefon Diggs,WR,MIN,BUF,2.92,49.68,2020,,trade MIN→BUF
Trade (pick),Pick R7.0 #239.0,PICK,MIN,BUF,0.01,,2020,,traded pick
Trade (player),David Johnson,RB,ARI,HOU,0.0,-13.07,2020,,trade ARI→HOU
Trade (pick),Pick R2.0 #40.0,PICK,ARI,HOU,0.62,,2020,,traded pick
Trade (pick),Pick R4.0 #122.0,PICK,ARI,HOU,0.1,,2020,,traded pick
Trade (player),DeAndre Hopkins,WR,HOU,ARI,3.41,57.93,2020,,trade HOU→ARI
Trade (pick),Pick R4.0 #131.0,PICK,HOU,ARI,0.08,,2020,,traded pick
Trade (pick),Pick R2.0 #55.0,PICK,ATL,BAL,0.44,,2020,,traded pick
Trade (pick),Pick R5.0 #157.0,PICK,ATL,BAL,0.05,,2020,,traded pick
Trade (player),Hayden Hurst,TE,BAL,ATL,0.0,27.21,2020,,trade BAL→ATL
Trade (pick),Pick R4.0 #143.0,PICK,BAL,ATL,0.06,,2020,,traded pick
Trade (pick),Pick R7.0 #253.0,PICK,CLE,DEN,0.01,,2020,,traded pick
Trade (player),Andy Janovich,FB,DEN,CLE,0.0,1.9,2020,,trade DEN→CLE
Trade (pick),Pick R4.0 #140.0,PICK,CHI,JAX,0.07,,2020,,traded pick
Trade (player),Nick Foles,QB,JAX,CHI,0.0,-14.9,2020,,trade JAX→CHI
Trade (pick),Pick R5.0 #172.0,PICK,DET,NE,0.03,,2020,,traded pick
Trade (player),Duron Harmon,S,NE,DET,0.0,0.0,2020,,trade NE→DET
Trade (pick),Pick R7.0 #235.0,PICK,NE,DET,0.01,,2020,,traded pick
Trade (pick),Pick R7.0 #237.0,PICK,DEN,TEN,0.01,,2020,,traded pick
Trade (player),Jurrell Casey,DE,TEN,DEN,1.19,,2020,,trade TEN→DEN
Trade (player),Darius Slay,CB,DET,PHI,1.21,,2020,,trade DET→PHI
Trade (pick),Pick R3.0 #85.0,PICK,PHI,DET,0.23,,2020,,traded pick
Trade (pick),Pick R5.0 #166.0,PICK,PHI,DET,0.04,,2020,,traded pick
Trade (player),Chris Wormley,NT,BAL,PIT,0.0,0.0,2020,,trade BAL→PIT
Trade (pick),Pick R7.0 #254.0,PICK,BAL,PIT,0.01,,2020,,traded pick
Trade (pick),Pick R5.0 #168.0,PICK,PIT,BAL,0.04,,2020,,traded pick
Trade (player),Kyle Allen,QB,CAR,WAS,0.53,-32.16,2020,,trade CAR→WAS
Trade (pick),Pick R5.0 #148.0,PICK,WAS,CAR,0.06,,2020,,traded pick
Trade (pick),Pick R5.0 #162.0,PICK,SEA,WAS,0.04,,2020,,traded pick
Trade (player),Quinton Dunbar,CB,WAS,SEA,0.0,0.0,2020,,trade WAS→SEA
Trade (pick),Pick R2.0 #57.0,PICK,HOU,LA,0.42,,2020,,traded pick
Trade (player),Brandin Cooks,WR,LA,HOU,0.0,19.89,2020,,trade LA→HOU
Trade (pick),Pick R4.0 #137.0,PICK,LA,HOU,0.07,,2020,,traded pick
Trade (player),Rob Gronkowski,,NE,TB,0.0,,2020,,trade NE→TB
Trade (pick),Pick R7.0 #241.0,PICK,NE,TB,0.01,,2020,,traded pick
Trade (pick),Pick R4.0 #117.0,PICK,TB,NE,0.11,,2020,,traded pick
Trade (pick),Pick R1.0 #30.0,PICK,GB,MIA,0.77,,2020,,traded pick
Trade (pick),Pick R4.0 #136.0,PICK,GB,MIA,0.07,,2020,,traded pick
Trade (pick),Pick R1.0 #26.0,PICK,MIA,GB,0.84,,2020,,traded pick
Trade (pick),Pick R1.0 #25.0,PICK,MIN,SF,0.86,,2020,,traded pick
Trade (pick),Pick R1.0 #31.0,PICK,SF,MIN,0.75,,2020,,traded pick
Trade (pick),Pick R4.0 #117.0,PICK,SF,MIN,0.11,,2020,,traded pick
Trade (pick),Pick R5.0 #176.0,PICK,SF,MIN,0.03,,2020,,traded pick
Trade (pick),Pick R2.0 #37.0,PICK,LAC,NE,0.66,,2020,,traded pick
Trade (pick),Pick R3.0 #71.0,PICK,LAC,NE,0.31,,2020,,traded pick
Trade (pick),Pick R1.0 #23.0,PICK,NE,LAC,0.9,,2020,,traded pick
Trade (pick),Pick R1.0 #13.0,PICK,SF,TB,1.12,,2020,,traded pick
Trade (pick),Pick R7.0 #245.0,PICK,SF,TB,0.01,,2020,,traded pick
Trade (pick),Pick R1.0 #14.0,PICK,TB,SF,1.1,,2020,,traded pick
Trade (pick),Pick R4.0 #117.0,PICK,TB,SF,0.11,,2020,,traded pick
Trade (pick),Pick R2.0 #41.0,PICK,CLE,IND,0.6,,2020,,traded pick
Trade (pick),Pick R2.0 #44.0,PICK,IND,CLE,0.56,,2020,,traded pick
Trade (pick),Pick R5.0 #160.0,PICK,IND,CLE,0.04,,2020,,traded pick
Trade (pick),Pick R2.0 #48.0,PICK,NYJ,SEA,0.52,,2020,,traded pick
Trade (pick),Pick R2.0 #59.0,PICK,SEA,NYJ,0.4,,2020,,traded pick
Trade (pick),Pick R3.0 #101.0,PICK,SEA,NYJ,0.16,,2020,,traded pick
Trade (pick),Pick R2.0 #60.0,PICK,BAL,NE,0.4,,2020,,traded pick
Trade (pick),Pick R4.0 #129.0,PICK,BAL,NE,0.09,,2020,,traded pick
Trade (pick),Pick R3.0 #71.0,PICK,NE,BAL,0.31,,2020,,traded pick
Trade (pick),Pick R3.0 #98.0,PICK,NE,BAL,0.17,,2020,,traded pick
Trade (pick),Pick R3.0 #69.0,PICK,CAR,SEA,0.32,,2020,,traded pick
Trade (pick),Pick R5.0 #148.0,PICK,CAR,SEA,0.06,,2020,,traded pick
Trade (pick),Pick R2.0 #64.0,PICK,SEA,CAR,0.36,,2020,,traded pick
Trade (pick),Pick R3.0 #74.0,PICK,CLE,NO,0.29,,2020,,traded pick
Trade (pick),Pick R7.0 #244.0,PICK,CLE,NO,0.01,,2020,,traded pick
Trade (pick),Pick R3.0 #88.0,PICK,NO,CLE,0.21,,2020,,traded pick
Trade (pick),Pick R3.0 #91.0,PICK,NO,CLE,0.2,,2020,,traded pick
Trade (pick),Pick R3.0 #85.0,PICK,DET,IND,0.23,,2020,,traded pick
Trade (pick),Pick R5.0 #149.0,PICK,DET,IND,0.05,,2020,,traded pick
Trade (pick),Pick R6.0 #182.0,PICK,DET,IND,0.03,,2020,,traded pick
Trade (pick),Pick R3.0 #75.0,PICK,IND,DET,0.28,,2020,,traded pick
Trade (pick),Pick R6.0 #197.0,PICK,IND,DET,0.02,,2020,,traded pick
Trade (pick),Pick R3.0 #91.0,PICK,LV,NE,0.2,,2020,,traded pick
Trade (pick),Pick R5.0 #159.0,PICK,LV,NE,0.04,,2020,,traded pick
Trade (pick),Pick R3.0 #100.0,PICK,NE,LV,0.16,,2020,,traded pick
Trade (pick),Pick R4.0 #139.0,PICK,NE,LV,0.07,,2020,,traded pick
Trade (pick),Pick R5.0 #172.0,PICK,NE,LV,0.03,,2020,,traded pick
Trade (pick),Pick R4.0 #125.0,PICK,NE,NYJ,0.09,,2020,,traded pick
Trade (pick),Pick R4.0 #129.0,PICK,NE,NYJ,0.09,,2020,,traded pick
Trade (pick),Pick R6.0 #186.0,PICK,NE,NYJ,0.02,,2020,,traded pick
Trade (pick),Pick R3.0 #101.0,PICK,NYJ,NE,0.16,,2020,,traded pick
Trade (pick),Pick R3.0 #105.0,PICK,MIN,NO,0.15,,2020,,traded pick
Trade (pick),Pick R4.0 #130.0,PICK,NO,MIN,0.08,,2020,,traded pick
Trade (pick),Pick R5.0 #169.0,PICK,NO,MIN,0.04,,2020,,traded pick
Trade (pick),Pick R6.0 #203.0,PICK,NO,MIN,0.02,,2020,,traded pick
Trade (pick),Pick R7.0 #244.0,PICK,NO,MIN,0.01,,2020,,traded pick
Trade (pick),Pick R5.0 #156.0,PICK,SF,WAS,0.05,,2020,,traded pick
Trade (pick),Pick R3.0 #74.0,PICK,SF,WAS,0.29,,2020,,traded pick
Trade (player),Trent Williams,,WAS,SF,0.0,,2020,,trade WAS→SF
Trade (pick),Pick R4.0 #109.0,PICK,DET,LV,0.13,,2020,,traded pick
Trade (pick),Pick R4.0 #121.0,PICK,LV,DET,0.1,,2020,,traded pick
Trade (pick),Pick R5.0 #172.0,PICK,LV,DET,0.03,,2020,,traded pick
Trade (pick),Pick R4.0 #111.0,PICK,HOU,MIA,0.13,,2020,,traded pick
Trade (pick),Pick R4.0 #136.0,PICK,MIA,HOU,0.07,,2020,,traded pick
Trade (pick),Pick R4.0 #141.0,PICK,MIA,HOU,0.07,,2020,,traded pick
Trade (pick),Pick R4.0 #136.0,PICK,HOU,LA,0.07,,2020,,traded pick
Trade (pick),Pick R7.0 #248.0,PICK,HOU,LA,0.01,,2020,,traded pick
Trade (pick),Pick R7.0 #250.0,PICK,HOU,LA,0.01,,2020,,traded pick
Trade (pick),Pick R4.0 #126.0,PICK,LA,HOU,0.09,,2020,,traded pick
Trade (pick),Pick R5.0 #164.0,PICK,DAL,PHI,0.04,,2020,,traded pick
Trade (pick),Pick R5.0 #156.0,PICK,DAL,PHI,0.05,,2020,,traded pick
Trade (pick),Pick R4.0 #146.0,PICK,PHI,DAL,0.06,,2020,,traded pick
Trade (pick),Pick R5.0 #153.0,PICK,MIA,SF,0.05,,2020,,traded pick
Trade (player),Matt Breida,RB,SF,MIA,0.0,-19.34,2020,,trade SF→MIA
Trade (pick),Pick R4.0 #125.0,PICK,CHI,MIN,0.09,,2020,,traded pick
Trade (pick),Pick R5.0 #155.0,PICK,MIN,CHI,0.05,,2020,,traded pick
Trade (pick),Pick R5.0 #173.0,PICK,MIA,PHI,0.03,,2020,,traded pick
Trade (pick),Pick R7.0 #227.0,PICK,MIA,PHI,0.01,,2020,,traded pick
Trade (pick),Pick R5.0 #164.0,PICK,PHI,MIA,0.04,,2020,,traded pick
Trade (pick),Pick R6.0 #190.0,PICK,PHI,SF,0.02,,2020,,traded pick
Trade (player),Marquise Goodwin,WR,SF,PHI,0.0,12.09,2020,,trade SF→PHI
Trade (pick),Pick R7.0 #240.0,PICK,SF,PHI,0.01,,2020,,traded pick
Trade (player),Prince Tega Wanogho,,SF,PHI,0.0,,2020,,trade SF→PHI
Trade (pick),Pick R6.0 #196.0,PICK,CHI,PHI,0.02,,2020,,traded pick
Trade (pick),Pick R6.0 #200.0,PICK,CHI,PHI,0.02,,2020,,traded pick
Trade (pick),Pick R7.0 #233.0,PICK,CHI,PHI,0.01,,2020,,traded pick
Trade (pick),Pick R5.0 #173.0,PICK,PHI,CHI,0.03,,2020,,traded pick
Trade (pick),Pick R7.0 #227.0,PICK,PHI,CHI,0.01,,2020,,traded pick
Trade (pick),Pick R6.0 #182.0,PICK,IND,NE,0.03,,2020,,traded pick
Trade (pick),Pick R6.0 #212.0,PICK,NE,IND,0.01,,2020,,traded pick
Trade (pick),Pick R6.0 #213.0,PICK,NE,IND,0.01,,2020,,traded pick
Trade (pick),Pick R7.0 #225.0,PICK,BAL,MIN,0.01,,2020,,traded pick
Trade (pick),Pick R5.0 #168.0,PICK,BAL,MIN,0.04,,2020,,traded pick
Trade (pick),Pick R6.0 #201.0,PICK,MIN,BAL,0.02,,2020,,traded pick
Trade (pick),Pick R7.0 #219.0,PICK,MIN,BAL,0.01,,2020,,traded pick
Trade (player),Quincy Wilson,CB,IND,NYJ,0.0,0.0,2020,,trade IND→NYJ
Trade (pick),Pick R6.0 #211.0,PICK,NYJ,IND,0.01,,2020,,traded pick
Trade (pick),Pick R6.0 #215.0,PICK,KC,TEN,0.01,,2020,,traded pick
Trade (pick),Pick R7.0 #237.0,PICK,TEN,KC,0.01,,2020,,traded pick
Trade (pick),Pick R7.0 #240.0,PICK,HOU,NO,0.01,,2020,,traded pick
Trade (pick),Pick R6.0 #212.0,PICK,NO,HOU,0.01,,2020,,traded pick
Trade (pick),Pick R7.0 #251.0,PICK,MIA,SEA,0.01,,2020,,traded pick
Trade (pick),Pick R6.0 #208.0,PICK,SEA,MIA,0.01,,2020,,traded pick
Trade (pick),Pick R7.0 #232.0,PICK,ATL,MIA,0.01,,2020,,traded pick
Trade (player),Charles Harris,LB,MIA,ATL,0.0,0.0,2020,,trade MIA→ATL
Trade (player),Jamal Adams,LB,NYJ,SEA,1.09,,2020,,trade NYJ→SEA
Trade (pick),Pick R4.0 #109.0,PICK,NYJ,SEA,0.13,,2020,,traded pick
Trade (player),Bradley McDougald,S,SEA,NYJ,1.04,,2020,,trade SEA→NYJ
Trade (pick),Pick R1.0 #23.0,PICK,SEA,NYJ,0.9,,2020,,traded pick
Trade (pick),Pick R3.0 #86.0,PICK,SEA,NYJ,0.22,,2020,,traded pick
Trade (pick),Pick R1.0 #10.0,PICK,SEA,NYJ,1.2,,2020,,traded pick
Trade (player),Adam Shaheen,TE,CHI,MIA,0.0,1.71,2020,,trade CHI→MIA
Trade (pick),Pick R6.0 #208.0,PICK,MIA,CHI,0.01,,2020,,traded pick
Trade (player),Michael Jackson,,DET,NE,0.0,,2020,,trade DET→NE
Trade (pick),Pick R7.0 #nan,PICK,NE,DET,0.0,,2020,,traded pick
Trade (pick),Pick R4.0 #121.0,PICK,LV,MIA,0.1,,2020,,traded pick
Trade (player),Raekwon McMillan,MLB,MIA,LV,0.0,0.0,2020,,trade MIA→LV
Trade (pick),Pick R5.0 #162.0,PICK,MIA,LV,0.04,,2020,,traded pick
Trade (player),Yannick Ngakoue,DE,JAX,MIN,0.0,0.0,2020,,trade JAX→MIN
Trade (pick),Pick R2.0 #45.0,PICK,MIN,JAX,0.55,,2020,,traded pick
Trade (pick),Pick R5.0 #157.0,PICK,MIN,JAX,0.05,,2020,,traded pick
Trade (pick),Pick R7.0 #nan,PICK,BUF,CAR,0.0,,2020,,traded pick
Trade (player),Andre Smith,OT,CAR,BUF,0.0,0.0,2020,,trade CAR→BUF
Trade (player),David Sharpe,OT,LV,WAS,0.0,0.0,2020,,trade LV→WAS
Trade (pick),Pick R7.0 #244.0,PICK,LV,WAS,0.01,,2020,,traded pick
Trade (pick),Pick R6.0 #203.0,PICK,WAS,LV,0.02,,2020,,traded pick
Trade (player),Isaac Yiadom,CB,DEN,NYG,0.0,0.0,2020,,trade DEN→NYG
Trade (pick),Pick R7.0 #239.0,PICK,NYG,DEN,0.01,,2020,,traded pick
Trade (pick),Pick R5.0 #170.0,PICK,CLE,JAX,0.03,,2020,,traded pick
Trade (player),Ronnie Harrison,LB,JAX,CLE,0.99,,2020,,trade JAX→CLE
Trade (player),Austin Calitro,ILB,CIN,DEN,0.0,0.0,2020,,trade CIN→DEN
Trade (player),Christian Covington,DE,DEN,CIN,0.0,0.0,2020,,trade DEN→CIN
Trade (player),Lynn Bowden,,LV,MIA,0.0,,2020,,trade LV→MIA
Trade (pick),Pick R6.0 #203.0,PICK,LV,MIA,0.02,,2020,,traded pick
Trade (pick),Pick R4.0 #121.0,PICK,MIA,LV,0.1,,2020,,traded pick
Trade (pick),Pick R6.0 #185.0,PICK,JAX,TEN,0.02,,2020,,traded pick
Trade (player),Kamalei Correa,OLB,TEN,JAX,0.0,0.0,2020,,trade TEN→JAX
Trade (pick),Pick R7.0 #249.0,PICK,TEN,JAX,0.01,,2020,,traded pick
Trade (player),Steve McLendon,NT,NYJ,TB,0.0,0.0,2020,,trade NYJ→TB
Trade (pick),Pick R7.0 #230.0,PICK,NYJ,TB,0.01,,2020,,traded pick
Trade (pick),Pick R6.0 #206.0,PICK,TB,NYJ,0.02,,2020,,traded pick
Trade (player),Jordan Willis,DE,NYJ,SF,0.0,0.0,2020,,trade NYJ→SF
Trade (pick),Pick R7.0 #230.0,PICK,NYJ,SF,0.01,,2020,,traded pick
Trade (pick),Pick R6.0 #207.0,PICK,SF,NYJ,0.02,,2020,,traded pick
Trade (pick),Pick R3.0 #90.0,PICK,BAL,MIN,0.2,,2020,,traded pick
Trade (pick),Pick R5.0 #156.0,PICK,BAL,MIN,0.05,,2020,,traded pick
Trade (player),Yannick Ngakoue,DE,MIN,BAL,0.0,0.0,2020,,trade MIN→BAL
Trade (pick),Pick R6.0 #201.0,PICK,ARI,NYG,0.02,,2020,,traded pick
Trade (player),Markus Golden,LB,NYG,ARI,0.9,,2020,,trade NYG→ARI
Trade (player),Everson Griffen,DE,DAL,DET,1.34,,2020,,trade DAL→DET
Trade (pick),Pick R6.0 #192.0,PICK,DET,DAL,0.02,,2020,,traded pick
Trade (player),Carlos Dunlap,DE,CIN,SEA,0.0,0.0,2020,,trade CIN→SEA
Trade (player),B.J. Finney,G,SEA,CIN,0.0,0.0,2020,,trade SEA→CIN
Trade (pick),Pick R7.0 #235.0,PICK,SEA,CIN,0.01,,2020,,traded pick
Trade (pick),Pick R7.0 #245.0,PICK,DAL,HOU,0.01,,2020,,traded pick
Trade (player),Eli Ankou,DT,HOU,DAL,0.0,0.0,2020,,trade HOU→DAL
Trade (player),Avery Williamson,,NYJ,PIT,0.0,,2020,,trade NYJ→PIT
Trade (pick),Pick R7.0 #225.0,PICK,NYJ,PIT,0.01,,2020,,traded pick
Trade (pick),Pick R5.0 #163.0,PICK,PIT,NYJ,0.04,,2020,,traded pick
Trade (player),Desmond King,DB,LAC,TEN,0.0,0.0,2020,,trade LAC→TEN
Trade (pick),Pick R6.0 #185.0,PICK,TEN,LAC,0.02,,2020,,traded pick
Trade (player),Kiko Alonso,OLB,NO,SF,0.0,0.0,2020,,trade NO→SF
Trade (pick),Pick R5.0 #172.0,PICK,NO,SF,0.03,,2020,,traded pick
Trade (player),Kwon Alexer,,SF,NO,0.0,,2020,,trade SF→NO
Trade (player),DeAndre Washington,RB,KC,MIA,0.0,-10.99,2020,,trade KC→MIA
Trade (pick),Pick R7.0 #258.0,PICK,KC,MIA,0.0,,2020,,traded pick
Trade (pick),Pick R6.0 #207.0,PICK,MIA,KC,0.02,,2020,,traded pick
Trade (player),Isaiah Ford,WR,MIA,NE,0.0,2.78,2020,,trade MIA→NE
Trade (pick),Pick R6.0 #nan,PICK,NE,MIA,0.0,,2020,,traded pick
Draft Pick,Joe Burrow (R1 #1),QB,,CIN,1.47,,2020,,drafted
Draft Pick,Chase Young (R1 #2),DE,,WAS,1.43,,2020,,drafted
Draft Pick,Jeff Okudah (R1 #3),CB,,DET,1.4,,2020,,drafted
Draft Pick,Andrew Thomas (R1 #4),T,,NYG,1.37,,2020,,drafted
Draft Pick,Tua Tagovailoa (R1 #5),QB,,MIA,1.34,,2020,,drafted
Draft Pick,Justin Herbert (R1 #6),QB,,LAC,1.31,,2020,,drafted
Draft Pick,Derrick Brown (R1 #7),DT,,CAR,1.28,,2020,,drafted
Draft Pick,Isaiah Simmons (R1 #8),LB,,ARI,1.26,,2020,,drafted
Draft Pick,C.J. Henderson (R1 #9),CB,,JAX,1.23,,2020,,drafted
Draft Pick,Jedrick Wills Jr. (R1 #10),T,,CLE,1.2,,2020,,drafted
Draft Pick,Mekhi Becton (R1 #11),T,,NYJ,1.17,,2020,,drafted
Draft Pick,Henry Ruggs III (R1 #12),WR,,LV,1.15,,2020,,drafted
Draft Pick,Tristan Wirfs (R1 #13),T,,TB,1.12,,2020,,drafted
Draft Pick,Javon Kinlaw (R1 #14),DT,,SF,1.1,,2020,,drafted
Draft Pick,Jerry Jeudy (R1 #15),WR,,DEN,1.07,,2020,,drafted
Draft Pick,AJ Terrell (R1 #16),CB,,ATL,1.05,,2020,,drafted
Draft Pick,CeeDee Lamb (R1 #17),WR,,DAL,1.03,,2020,,drafted
Draft Pick,Austin Jackson (R1 #18),T,,MIA,1.01,,2020,,drafted
Draft Pick,Damon Arnette (R1 #19),CB,,LV,0.98,,2020,,drafted
Draft Pick,K'Lavon Chaisson (R1 #20),DE,,JAX,0.96,,2020,,drafted
Draft Pick,Jalen Reagor (R1 #21),WR,,PHI,0.94,,2020,,drafted
Draft Pick,Justin Jefferson (R1 #22),WR,,MIN,0.92,,2020,,drafted
Draft Pick,Kenneth Murray (R1 #23),LB,,LAC,0.9,,2020,,drafted
Draft Pick,Cesar Ruiz (R1 #24),C,,NO,0.88,,2020,,drafted
Draft Pick,Brandon Aiyuk (R1 #25),WR,,SF,0.86,,2020,,drafted
Draft Pick,Jordan Love (R1 #26),QB,,GB,0.84,,2020,,drafted
Draft Pick,Jordyn Brooks (R1 #27),LB,,SEA,0.82,,2020,,drafted
Draft Pick,Patrick Queen (R1 #28),LB,,BAL,0.81,,2020,,drafted
Draft Pick,Isaiah Wilson (R1 #29),T,,TEN,0.79,,2020,,drafted
Draft Pick,Noah Igbinoghene (R1 #30),CB,,MIA,0.77,,2020,,drafted
Draft Pick,Jeff Gladney (R1 #31),CB,,MIN,0.75,,2020,,drafted
Draft Pick,Clyde Edwards-Helaire (R1 #32),RB,,KC,0.74,,2020,,drafted
Draft Pick,Tee Higgins (R2 #33),WR,,CIN,0.72,,2020,,drafted
Draft Pick,Michael Pittman Jr. (R2 #34),WR,,IND,0.7,,2020,,drafted
Draft Pick,D'Andre Swift (R2 #35),RB,,DET,0.69,,2020,,drafted
Draft Pick,Xavier McKinney (R2 #36),S,,NYG,0.67,,2020,,drafted
Draft Pick,Kyle Dugger (R2 #37),S,,NE,0.66,,2020,,drafted
Draft Pick,Yetur Gross-Matos (R2 #38),DE,,CAR,0.64,,2020,,drafted
Draft Pick,Robert Hunt (R2 #39),G,,MIA,0.63,,2020,,drafted
Draft Pick,Ross Blacklock (R2 #40),DT,,HOU,0.62,,2020,,drafted
Draft Pick,Jonathan Taylor (R2 #41),RB,,IND,0.6,,2020,,drafted
Draft Pick,Laviska Shenault Jr. (R2 #42),WR,,JAX,0.59,,2020,,drafted
Draft Pick,Cole Kmet (R2 #43),TE,,CHI,0.58,,2020,,drafted
Draft Pick,Grant Delpit (R2 #44),S,,CLE,0.56,,2020,,drafted
Draft Pick,Antoine Winfield Jr. (R2 #45),S,,TB,0.55,,2020,,drafted
Draft Pick,KJ Hamler (R2 #46),WR,,DEN,0.54,,2020,,drafted
Draft Pick,Marlon Davidson (R2 #47),DE,,ATL,0.53,,2020,,drafted
Draft Pick,Darrell Taylor (R2 #48),DE,,SEA,0.52,,2020,,drafted
Draft Pick,Chase Claypool (R2 #49),WR,,PIT,0.5,,2020,,drafted
Draft Pick,Jaylon Johnson (R2 #50),CB,,CHI,0.49,,2020,,drafted
Draft Pick,Trevon Diggs (R2 #51),CB,,DAL,0.48,,2020,,drafted
Draft Pick,Cam Akers (R2 #52),RB,,LA,0.47,,2020,,drafted
Draft Pick,Jalen Hurts (R2 #53),QB,,PHI,0.46,,2020,,drafted
Draft Pick,A.J. Epenesa (R2 #54),DE,,BUF,0.45,,2020,,drafted
Draft Pick,J.K. Dobbins (R2 #55),RB,,BAL,0.44,,2020,,drafted
Draft Pick,Raekwon Davis (R2 #56),DT,,MIA,0.43,,2020,,drafted
Draft Pick,Van Jefferson (R2 #57),WR,,LA,0.42,,2020,,drafted
Draft Pick,Ezra Cleveland (R2 #58),T,,MIN,0.41,,2020,,drafted
Draft Pick,Denzel Mims (R2 #59),WR,,NYJ,0.4,,2020,,drafted
Draft Pick,Joshua Uche (R2 #60),LB,,NE,0.4,,2020,,drafted
Draft Pick,Kristian Fulton (R2 #61),CB,,TEN,0.39,,2020,,drafted
Draft Pick,AJ Dillon (R2 #62),RB,,GB,0.38,,2020,,drafted
Draft Pick,Willie Gay Jr. (R2 #63),LB,,KC,0.37,,2020,,drafted
Draft Pick,Jeremy Chinn (R2 #64),S,,CAR,0.36,,2020,,drafted
Draft Pick,Logan Wilson (R3 #65),LB,,CIN,0.35,,2020,,drafted
Draft Pick,Antonio Gibson (R3 #66),RB,,WAS,0.35,,2020,,drafted
Draft Pick,Julian Okwara (R3 #67),DE,,DET,0.34,,2020,,drafted
Draft Pick,Ashtyn Davis (R3 #68),S,,NYJ,0.33,,2020,,drafted
Draft Pick,Damien Lewis (R3 #69),G,,SEA,0.32,,2020,,drafted
Draft Pick,Brandon Jones (R3 #70),S,,MIA,0.32,,2020,,drafted
Draft Pick,Nnamdi Madubuike (R3 #71),DT,,BAL,0.31,,2020,,drafted
Draft Pick,Josh Jones (R3 #72),T,,ARI,0.3,,2020,,drafted
Draft Pick,DaVon Hamilton (R3 #73),DT,,JAX,0.3,,2020,,drafted
Draft Pick,Zack Baun (R3 #74),LB,,NO,0.29,,2020,,drafted
Draft Pick,Jonah Jackson (R3 #75),G,,DET,0.28,,2020,,drafted
Draft Pick,Ke'Shawn Vaughn (R3 #76),RB,,TB,0.28,,2020,,drafted
Draft Pick,Michael Ojemudia (R3 #77),CB,,DEN,0.27,,2020,,drafted
Draft Pick,Matt Hennessy (R3 #78),C,,ATL,0.27,,2020,,drafted
Draft Pick,Jabari Zuniga (R3 #79),DE,,NYJ,0.26,,2020,,drafted
Draft Pick,Lynn Bowden Jr. (R3 #80),WR,,LV,0.25,,2020,,drafted
Draft Pick,Bryan Edwards (R3 #81),WR,,LV,0.25,,2020,,drafted
Draft Pick,Neville Gallimore (R3 #82),DT,,DAL,0.24,,2020,,drafted
Draft Pick,Lloyd Cushenberry III (R3 #83),C,,DEN,0.24,,2020,,drafted
Draft Pick,Terrell Lewis (R3 #84),LB,,LA,0.23,,2020,,drafted
Draft Pick,Julian Blackmon (R3 #85),S,,IND,0.23,,2020,,drafted
Draft Pick,Zack Moss (R3 #86),RB,,BUF,0.22,,2020,,drafted
Draft Pick,Anfernee Jennings (R3 #87),LB,,NE,0.22,,2020,,drafted
Draft Pick,Jordan Elliott (R3 #88),DT,,CLE,0.21,,2020,,drafted
Draft Pick,Cameron Dantzler (R3 #89),CB,,MIN,0.21,,2020,,drafted
Draft Pick,Jonathan Greenard (R3 #90),DE,,HOU,0.2,,2020,,drafted
Draft Pick,Devin Asiasi (R3 #91),TE,,NE,0.2,,2020,,drafted
Draft Pick,Devin Duvernay (R3 #92),WR,,BAL,0.19,,2020,,drafted
Draft Pick,Darrynton Evans (R3 #93),RB,,TEN,0.19,,2020,,drafted
Draft Pick,Josiah Deguara (R3 #94),TE,,GB,0.19,,2020,,drafted
Draft Pick,McTelvin Agim (R3 #95),DT,,DEN,0.18,,2020,,drafted
Draft Pick,Lucas Niang (R3 #96),T,,KC,0.18,,2020,,drafted
Draft Pick,Jacob Phillips (R3 #97),LB,,CLE,0.17,,2020,,drafted
Draft Pick,Malik Harrison (R3 #98),LB,,BAL,0.17,,2020,,drafted
Draft Pick,Matt Peart (R3 #99),T,,NYG,0.17,,2020,,drafted
Draft Pick,Tanner Muse (R3 #100),S,,LV,0.16,,2020,,drafted
Draft Pick,Dalton Keene (R3 #101),TE,,NE,0.16,,2020,,drafted
Draft Pick,Alex Highsmith (R3 #102),LB,,PIT,0.16,,2020,,drafted
Draft Pick,Davion Taylor (R3 #103),LB,,PHI,0.15,,2020,,drafted
Draft Pick,Terrell Burgess (R3 #104),S,,LA,0.15,,2020,,drafted
Draft Pick,Adam Trautman (R3 #105),TE,,NO,0.15,,2020,,drafted
Draft Pick,Tyre Phillips (R3 #106),T,,BAL,0.14,,2020,,drafted
Draft Pick,Akeem Davis-Gaither (R4 #107),LB,,CIN,0.14,,2020,,drafted
Draft Pick,Saahdiq Charles (R4 #108),T,,WAS,0.14,,2020,,drafted
Draft Pick,John Simpson (R4 #109),G,,LV,0.13,,2020,,drafted
Draft Pick,Darnay Holmes (R4 #110),CB,,NYG,0.13,,2020,,drafted
Draft Pick,Solomon Kindley (R4 #111),G,,MIA,0.13,,2020,,drafted
Draft Pick,Joshua Kelley (R4 #112),RB,,LAC,0.12,,2020,,drafted
Draft Pick,Troy Pride Jr. (R4 #113),CB,,CAR,0.12,,2020,,drafted
Draft Pick,Leki Fotu (R4 #114),DT,,ARI,0.12,,2020,,drafted
Draft Pick,Harrison Bryant (R4 #115),TE,,CLE,0.12,,2020,,drafted
Draft Pick,Ben Bartch (R4 #116),G,,JAX,0.11,,2020,,drafted
Draft Pick,D.J. Wonnum (R4 #117),DE,,MIN,0.11,,2020,,drafted
Draft Pick,Albert Okwuegbunam (R4 #118),TE,,DEN,0.11,,2020,,drafted
Draft Pick,Mykal Walker (R4 #119),LB,,ATL,0.11,,2020,,drafted
Draft Pick,La'Mical Perine (R4 #120),RB,,NYJ,0.1,,2020,,drafted
Draft Pick,Logan Stenberg (R4 #121),G,,DET,0.1,,2020,,drafted
Draft Pick,Jacob Eason (R4 #122),QB,,IND,0.1,,2020,,drafted
Draft Pick,Reggie Robinson II (R4 #123),CB,,DAL,0.1,,2020,,drafted
Draft Pick,Anthony McFarland Jr. (R4 #124),RB,,PIT,0.1,,2020,,drafted
Draft Pick,James Morgan (R4 #125),QB,,NYJ,0.09,,2020,,drafted
Draft Pick,Charlie Heck (R4 #126),T,,HOU,0.09,,2020,,drafted
Draft Pick,K'Von Wallace (R4 #127),S,,PHI,0.09,,2020,,drafted
Draft Pick,Gabe Davis (R4 #128),WR,,BUF,0.09,,2020,,drafted
Draft Pick,Cameron Clark (R4 #129),T,,NYJ,0.09,,2020,,drafted
Draft Pick,James Lynch (R4 #130),DT,,MIN,0.08,,2020,,drafted
Draft Pick,Rashard Lawrence (R4 #131),DT,,ARI,0.08,,2020,,drafted
Draft Pick,Troy Dye (R4 #132),LB,,MIN,0.08,,2020,,drafted
Draft Pick,Colby Parkinson (R4 #133),TE,,SEA,0.08,,2020,,drafted
Draft Pick,Jaylinn Hawkins (R4 #134),S,,ATL,0.08,,2020,,drafted
Draft Pick,Kevin Dotson (R4 #135),G,,PIT,0.07,,2020,,drafted
Draft Pick,Brycen Hopkins (R4 #136),TE,,LA,0.07,,2020,,drafted
Draft Pick,Josiah Scott (R4 #137),CB,,JAX,0.07,,2020,,drafted
Draft Pick,L'Jarius Sneed (R4 #138),S,,KC,0.07,,2020,,drafted
Draft Pick,Amik Robertson (R4 #139),CB,,LV,0.07,,2020,,drafted
Draft Pick,Shaquille Quarterman (R4 #140),LB,,JAX,0.07,,2020,,drafted
Draft Pick,John Reid (R4 #141),CB,,HOU,0.07,,2020,,drafted
Draft Pick,Antonio Gandy-Golden (R4 #142),WR,,WAS,0.06,,2020,,drafted
Draft Pick,Ben Bredeson (R4 #143),G,,BAL,0.06,,2020,,drafted
Draft Pick,DeeJay Dallas (R4 #144),RB,,SEA,0.06,,2020,,drafted
Draft Pick,Jack Driscoll (R4 #145),G,,PHI,0.06,,2020,,drafted
Draft Pick,Tyler Biadasz (R4 #146),C,,DAL,0.06,,2020,,drafted
Draft Pick,Khalid Kareem (R5 #147),DE,,CIN,0.06,,2020,,drafted
Draft Pick,Alton Robinson (R5 #148),DE,,SEA,0.06,,2020,,drafted
Draft Pick,Danny Pinter (R5 #149),G,,IND,0.05,,2020,,drafted
Draft Pick,Shane Lemieux (R5 #150),G,,NYG,0.05,,2020,,drafted
Draft Pick,Joe Reed (R5 #151),WR,,LAC,0.05,,2020,,drafted
Draft Pick,Kenny Robinson Jr. (R5 #152),S,,CAR,0.05,,2020,,drafted
Draft Pick,Colton McKivitz (R5 #153),T,,SF,0.05,,2020,,drafted
Draft Pick,Jason Strowbridge (R5 #154),DE,,MIA,0.05,,2020,,drafted
Draft Pick,Trevis Gipson (R5 #155),DE,,CHI,0.05,,2020,,drafted
Draft Pick,Keith Ismael (R5 #156),C,,WAS,0.05,,2020,,drafted
Draft Pick,Daniel Thomas (R5 #157),S,,JAX,0.05,,2020,,drafted
Draft Pick,Bryce Hall (R5 #158),CB,,NYJ,0.04,,2020,,drafted
Draft Pick,Justin Rohrwasser (R5 #159),K,,NE,0.04,,2020,,drafted
Draft Pick,Nick Harris (R5 #160),C,,CLE,0.04,,2020,,drafted
Draft Pick,Tyler Johnson (R5 #161),WR,,TB,0.04,,2020,,drafted
Draft Pick,Khaleke Hudson (R5 #162),LB,,WAS,0.04,,2020,,drafted
Draft Pick,Kindle Vildor (R5 #163),CB,,CHI,0.04,,2020,,drafted
Draft Pick,Curtis Weaver (R5 #164),DE,,MIA,0.04,,2020,,drafted
Draft Pick,Collin Johnson (R5 #165),WR,,JAX,0.04,,2020,,drafted
Draft Pick,Quintez Cephus (R5 #166),WR,,DET,0.04,,2020,,drafted
Draft Pick,Jake Fromm (R5 #167),QB,,BUF,0.04,,2020,,drafted
Draft Pick,John Hightower (R5 #168),WR,,PHI,0.04,,2020,,drafted
Draft Pick,Harrison Hand (R5 #169),CB,,MIN,0.04,,2020,,drafted
Draft Pick,Broderick Washington Jr. (R5 #170),DT,,BAL,0.03,,2020,,drafted
Draft Pick,Isaiah Coulter (R5 #171),WR,,HOU,0.03,,2020,,drafted
Draft Pick,Jason Huntley (R5 #172),RB,,DET,0.03,,2020,,drafted
Draft Pick,Darnell Mooney (R5 #173),WR,,CHI,0.03,,2020,,drafted
Draft Pick,Larrell Murchison (R5 #174),DT,,TEN,0.03,,2020,,drafted
Draft Pick,Kamal Martin (R5 #175),LB,,GB,0.03,,2020,,drafted
Draft Pick,K.J. Osborn (R5 #176),WR,,MIN,0.03,,2020,,drafted
Draft Pick,Michael Danna (R5 #177),DE,,KC,0.03,,2020,,drafted
Draft Pick,Justin Strnad (R5 #178),LB,,DEN,0.03,,2020,,drafted
Draft Pick,Bradlee Anae (R5 #179),DE,,DAL,0.03,,2020,,drafted
Draft Pick,Hakeem Adeniji (R6 #180),T,,CIN,0.03,,2020,,drafted
Draft Pick,Netane Muti (R6 #181),G,,DEN,0.03,,2020,,drafted
Draft Pick,Michael Onwenu (R6 #182),G,,NE,0.03,,2020,,drafted
Draft Pick,Cam Brown (R6 #183),LB,,NYG,0.03,,2020,,drafted
Draft Pick,Bravvion Roy (R6 #184),DT,,CAR,0.03,,2020,,drafted
Draft Pick,Blake Ferguson (R6 #185),LS,,MIA,0.02,,2020,,drafted
Draft Pick,Alohi Gilman (R6 #186),S,,LAC,0.02,,2020,,drafted
Draft Pick,Donovan Peoples-Jones (R6 #187),WR,,CLE,0.02,,2020,,drafted
Draft Pick,Tyler Bass (R6 #188),K,,BUF,0.02,,2020,,drafted
Draft Pick,Jake Luton (R6 #189),QB,,JAX,0.02,,2020,,drafted
Draft Pick,Charlie Woerner (R6 #190),TE,,SF,0.02,,2020,,drafted
Draft Pick,Braden Mann (R6 #191),P,,NYJ,0.02,,2020,,drafted
Draft Pick,Jon Runyan Jr. (R6 #192),T,,GB,0.02,,2020,,drafted
Draft Pick,Robert Windsor (R6 #193),DT,,IND,0.02,,2020,,drafted
Draft Pick,Khalil Davis (R6 #194),DT,,TB,0.02,,2020,,drafted
Draft Pick,Justin Herron (R6 #195),T,,NE,0.02,,2020,,drafted
Draft Pick,Shaun Bradley (R6 #196),LB,,PHI,0.02,,2020,,drafted
Draft Pick,John Penisini (R6 #197),DT,,DET,0.02,,2020,,drafted
Draft Pick,Antoine Brooks Jr. (R6 #198),S,,PIT,0.02,,2020,,drafted
Draft Pick,Jordan Fuller (R6 #199),S,,LA,0.02,,2020,,drafted
Draft Pick,Quez Watkins (R6 #200),WR,,PHI,0.02,,2020,,drafted
Draft Pick,James Proche (R6 #201),WR,,BAL,0.02,,2020,,drafted
Draft Pick,Evan Weaver (R6 #202),LB,,ARI,0.02,,2020,,drafted
Draft Pick,Blake Brandel (R6 #203),T,,MIN,0.02,,2020,,drafted
Draft Pick,Cassh Maluia (R6 #204),LB,,NE,0.02,,2020,,drafted
Draft Pick,Josh Metellus (R6 #205),S,,MIN,0.02,,2020,,drafted
Draft Pick,Tyler Davis (R6 #206),TE,,JAX,0.02,,2020,,drafted
Draft Pick,Isaiah Hodgins (R6 #207),WR,,BUF,0.02,,2020,,drafted
Draft Pick,Jake Hanson (R6 #208),C,,GB,0.01,,2020,,drafted
Draft Pick,Simon Stepaniak (R6 #209),T,,GB,0.01,,2020,,drafted
Draft Pick,Prince Tega Wanogho (R6 #210),T,,PHI,0.01,,2020,,drafted
Draft Pick,Isaiah Rodgers (R6 #211),CB,,IND,0.01,,2020,,drafted
Draft Pick,Dezmon Patmon (R6 #212),WR,,IND,0.01,,2020,,drafted
Draft Pick,Jordan Glasgow (R6 #213),LB,,IND,0.01,,2020,,drafted
Draft Pick,Freddie Swain (R6 #214),WR,,SEA,0.01,,2020,,drafted
Draft Pick,Markus Bailey (R7 #215),LB,,CIN,0.01,,2020,,drafted
Draft Pick,Kamren Curl (R7 #216),S,,WAS,0.01,,2020,,drafted
Draft Pick,Jauan Jennings (R7 #217),WR,,SF,0.01,,2020,,drafted
Draft Pick,Carter Coughlin (R7 #218),LB,,NYG,0.01,,2020,,drafted
Draft Pick,Geno Stone (R7 #219),S,,BAL,0.01,,2020,,drafted
Draft Pick,K.J. Hill (R7 #220),WR,,LAC,0.01,,2020,,drafted
Draft Pick,Stantley Thomas-Oliver (R7 #221),CB,,CAR,0.01,,2020,,drafted
Draft Pick,Eno Benjamin (R7 #222),RB,,ARI,0.01,,2020,,drafted
Draft Pick,Chris Claybrooks (R7 #223),CB,,JAX,0.01,,2020,,drafted
Draft Pick,Cole McDonald (R7 #224),QB,,TEN,0.01,,2020,,drafted
Draft Pick,Kenny Willekes (R7 #225),DE,,MIN,0.01,,2020,,drafted
Draft Pick,Arlington Hambright (R7 #226),T,,CHI,0.01,,2020,,drafted
Draft Pick,Lachavious Simmons (R7 #227),G,,CHI,0.01,,2020,,drafted
Draft Pick,Sterling Hofrichter (R7 #228),P,,ATL,0.01,,2020,,drafted
Draft Pick,James Smith-Williams (R7 #229),DE,,WAS,0.01,,2020,,drafted
Draft Pick,Dustin Woodard (R7 #230),C,,NE,0.01,,2020,,drafted
Draft Pick,Ben DiNucci (R7 #231),QB,,DAL,0.01,,2020,,drafted
Draft Pick,Carlos Davis (R7 #232),DT,,PIT,0.01,,2020,,drafted
Draft Pick,Casey Toohill (R7 #233),DE,,PHI,0.01,,2020,,drafted
Draft Pick,Clay Johnston (R7 #234),LB,,LA,0.01,,2020,,drafted
Draft Pick,Jashon Cornell (R7 #235),DT,,DET,0.01,,2020,,drafted
Draft Pick,Vernon Scott (R7 #236),S,,GB,0.01,,2020,,drafted
Draft Pick,Thakarius Keyes (R7 #237),CB,,KC,0.01,,2020,,drafted
Draft Pick,T.J. Brunson (R7 #238),LB,,NYG,0.01,,2020,,drafted
Draft Pick,Dane Jackson (R7 #239),CB,,BUF,0.01,,2020,,drafted
Draft Pick,Tommy Stevens (R7 #240),QB,,NO,0.01,,2020,,drafted
Draft Pick,Chapelle Russell (R7 #241),LB,,TB,0.01,,2020,,drafted
Draft Pick,Jonathan Garvin (R7 #242),DE,,GB,0.01,,2020,,drafted
Draft Pick,Chris Jackson (R7 #243),S,,TEN,0.01,,2020,,drafted
Draft Pick,Nate Stanley (R7 #244),QB,,MIN,0.01,,2020,,drafted
Draft Pick,Raymond Calais (R7 #245),RB,,TB,0.01,,2020,,drafted
Draft Pick,Malcolm Perry (R7 #246),RB,,MIA,0.01,,2020,,drafted
Draft Pick,Chris Williamson (R7 #247),CB,,NYG,0.01,,2020,,drafted
Draft Pick,Sam Sloman (R7 #248),K,,LA,0.01,,2020,,drafted
Draft Pick,Brian Cole II (R7 #249),S,,MIN,0.01,,2020,,drafted
Draft Pick,Tremayne Anchrum (R7 #250),G,,LA,0.01,,2020,,drafted
Draft Pick,Stephen Sullivan (R7 #251),TE,,SEA,0.01,,2020,,drafted
Draft Pick,Tyrie Cleveland (R7 #252),WR,,DEN,0.01,,2020,,drafted
Draft Pick,Kyle Hinton (R7 #253),G,,MIN,0.01,,2020,,drafted
Draft Pick,Derrek Tuszka (R7 #254),LB,,DEN,0.01,,2020,,drafted
Draft Pick,Tae Crowder (R7 #255),LB,,NYG,0.01,,2020,,drafted
