year,week,team,actual_pick_pct,blended_pred,topdown_pred,blended_err,topdown_err
2026,1,Seattle Seahawks,0.0060358955909981,0.007265,0.0086206527337432,0.0012291044090019,0.002584757142745
2026,1,New England Patriots,0.0,0.0002544922174332,0.0002544922174332,0.0002544922174332,0.0002544922174332
2026,1,Los Angeles Rams,0.0,0.007859,0.0073369728254971,0.007859,0.0073369728254971
2026,1,San Francisco 49ers,0.0002398369109005,0.0002600863042619,0.0002600863042619,2.02493933614e-05,2.02493933614e-05
2026,1,Carolina Panthers,0.0,0.000923,0.0008212206384797,0.000923,0.0008212206384797
2026,1,Chicago Bears,0.004357037214694,0.019343,0.0368249915182548,0.014985962785306,0.0324679543035608
2026,1,Cincinnati Bengals,0.0123516009113802,0.017265,0.0167357503848042,0.0049133990886198,0.004384149473424
2026,1,Tampa Bay Buccaneers,0.0,0.0001964484912441,0.0001964484912441,0.0001964484912441,0.0001964484912441
2026,1,Detroit Lions,0.0588799616260942,0.065225,0.1021281714127073,0.0063450383739058,0.0432482097866131
2026,1,New Orleans Saints,0.0,0.0001772100417728,0.0001772100417728,0.0001772100417728,0.0001772100417728
2026,1,Houston Texans,0.0,0.002098,0.0007103444125161,0.002098,0.0007103444125161
2026,1,Buffalo Bills,7.994563696686254e-05,0.0013141163116062,0.0013141163116062,0.0012341706746393,0.0012341706746393
2026,1,Indianapolis Colts,0.0,0.0002306417731241,0.0002306417731241,0.0002306417731241,0.0002306417731241
2026,1,Baltimore Ravens,0.0038373905744094,0.006004,0.0080802394040323,0.0021666094255906,0.0042428488296229
2026,1,Jacksonville Jaguars,0.269816524763161,0.431219,0.2362580580969823,0.161402475236839,0.0335584666661786
2026,1,Cleveland Browns,0.0,0.0004287518456241,0.0004287518456241,0.0004287518456241,0.0004287518456241
2026,1,Pittsburgh Steelers,0.135787664388216,0.064536,0.1138345737905052,0.071251664388216,0.0219530905977107
2026,1,Atlanta Falcons,0.0,0.0001126422100298,0.0001126422100298,0.0001126422100298,0.0001126422100298
2026,1,Tennessee Titans,0.0,0.010961,0.0200091861166025,0.010961,0.0200091861166025
2026,1,New York Jets,0.0029979613862573,0.004338,0.0084736661728299,0.0013400386137426,0.0054757047865725
2026,1,Los Angeles Chargers,0.0,0.289345,0.3021570371940126,0.289345,0.3021570371940126
2026,1,Arizona Cardinals,7.994563696686254e-05,0.000351546826951,0.000351546826951,0.0002716011899841,0.0002716011899841
2026,1,Las Vegas Raiders,0.0428908342327217,0.033557,0.07132480933535,0.0093338342327217,0.0284339751026283
2026,1,Miami Dolphins,0.0,0.000541,0.0012708837898006,0.000541,0.0012708837898006
2026,1,Minnesota Vikings,0.0027181516568733,0.004095,0.0009535698388585,0.0013768483431266,0.0017645818180147
2026,1,Green Bay Packers,0.0,0.0007753319336433,0.0007753319336433,0.0007753319336433,0.0007753319336433
2026,1,Philadelphia Eagles,0.026422033017548,0.014655,0.0200189097892272,0.011767033017548,0.0064031232283208
2026,1,Washington Commanders,0.0,7.888642821623774e-05,7.888642821623774e-05,7.888642821623774e-05,7.888642821623774e-05
2026,1,New York Giants,0.0003597553663508,0.001417,0.0007893281734017,0.0010572446336492,0.0004295728070508
2026,1,Dallas Cowboys,0.0,0.0156,0.0327210656042887,0.0156,0.0327210656042887
2026,1,Kansas City Chiefs,0.0007594835511851,0.001236,0.00335891641652,0.0004765164488148,0.0025994328653348
2026,1,Denver Broncos,0.0,0.002518,0.0033914979676779,0.002518,0.0033914979676779
2026,2,Buffalo Bills,0.0,0.011782,0.0069484123610264,0.011782,0.0069484123610264
2026,2,Detroit Lions,0.0,0.000230820832516,0.000230820832516,0.000230820832516,0.000230820832516
2026,2,Atlanta Falcons,0.0,0.015262,0.0001624427271402,0.015262,0.0001624427271402
2026,2,Carolina Panthers,0.0,0.015797,0.0271940915969736,0.015797,0.0271940915969736
2026,2,Baltimore Ravens,0.0,0.045842,0.0620263099721301,0.045842,0.0620263099721301
2026,2,New Orleans Saints,0.0,0.000118,1.4977703921921684e-05,0.000118,1.4977703921921684e-05
2026,2,Chicago Bears,0.0,0.023588,0.0238950009824667,0.023588,0.0238950009824667
2026,2,Minnesota Vikings,0.0,0.002738,0.000219732942301,0.002738,0.000219732942301
2026,2,Houston Texans,0.0,0.018051,0.005488864143837,0.018051,0.005488864143837
2026,2,Cincinnati Bengals,0.0,0.003117,0.0002369568971583,0.003117,0.0002369568971583
2026,2,New England Patriots,0.0,0.0354,0.0200500108641701,0.0354,0.0200500108641701
2026,2,Pittsburgh Steelers,0.0,5.67067430536163e-05,5.67067430536163e-05,5.67067430536163e-05,5.67067430536163e-05
2026,2,New York Jets,0.0,0.002793,0.0004149054279175,0.002793,0.0004149054279175
2026,2,Green Bay Packers,0.0,0.023803,0.0235860250892081,0.023803,0.0235860250892081
2026,2,Tampa Bay Buccaneers,0.0,0.352944,0.348593990131092,0.352944,0.348593990131092
2026,2,Cleveland Browns,0.0,0.0001323091324469,0.0001323091324469,0.0001323091324469,0.0001323091324469
2026,2,Tennessee Titans,0.0,0.000633,0.0001254814779124,0.000633,0.0001254814779124
2026,2,Philadelphia Eagles,0.0,0.06681,0.0925020862860644,0.06681,0.0925020862860644
2026,2,Denver Broncos,0.0,0.018186,0.0055583355149727,0.018186,0.0055583355149727
2026,2,Jacksonville Jaguars,0.0,0.000878,0.0002533367448334,0.000878,0.0002533367448334
2026,2,Los Angeles Chargers,0.0,0.046226,0.057902826677613,0.046226,0.057902826677613
2026,2,Las Vegas Raiders,0.0,0.001201,3.467053904511848e-05,0.001201,3.467053904511848e-05
2026,2,Arizona Cardinals,0.0,0.001367,0.0003642195841394,0.001367,0.0003642195841394
2026,2,Seattle Seahawks,0.0,0.019955,0.0079709109230441,0.019955,0.0079709109230441
2026,2,Dallas Cowboys,0.0,0.019649,0.0248106413107097,0.019649,0.0248106413107097
2026,2,Washington Commanders,0.0,0.004659,2.280602561514409e-05,0.004659,2.280602561514409e-05
2026,2,San Francisco 49ers,0.0,0.199005,0.2525508960312562,0.199005,0.2525508960312562
2026,2,Miami Dolphins,0.0,0.0001323091324469,0.0001323091324469,0.0001323091324469,0.0001323091324469
2026,2,Kansas City Chiefs,0.0,0.02927,0.0253424207544079,0.02927,0.0253424207544079
2026,2,Indianapolis Colts,0.0,1.75944273947511e-05,1.75944273947511e-05,1.75944273947511e-05,1.75944273947511e-05
2026,2,Los Angeles Rams,0.0,0.040925,0.0129857439206354,0.040925,0.0129857439206354
2026,2,New York Giants,0.0,0.000174163102549,0.000174163102549,0.000174163102549,0.000174163102549
2020,1,Kansas City Chiefs,0.0677348871085214,0.062122,0.0988023952095808,0.0056128871085213,0.0310675081010594
2020,1,Houston Texans,0.0,0.0019960079840319,0.0019960079840319,0.0019960079840319,0.0019960079840319
2020,1,Atlanta Falcons,0.0007283321194464,0.001669,0.0019960079840319,0.0009406678805535,0.0012676758645855
2020,1,Seattle Seahawks,0.0007283321194464,0.016037,0.0099800399201596,0.0153086678805535,0.0092517078007131
2020,1,Baltimore Ravens,0.0873998543335761,0.093516,0.1427145708582834,0.0061161456664239,0.0553147165247073
2020,1,Cleveland Browns,0.0,0.0,0.0,0.0,0.0
2020,1,Buffalo Bills,0.2257829570284049,0.353495,0.1896207584830339,0.1277120429715951,0.036162198545371
2020,1,New York Jets,0.0007283321194464,0.0009980039920159,0.0009980039920159,0.0002696718725694,0.0002696718725694
2020,1,Carolina Panthers,0.0014566642388929,0.007529,0.0029940119760479,0.0060723357611071,0.001537347737155
2020,1,Las Vegas Raiders,0.0087399854333576,0.004926,0.0089820359281437,0.0038139854333576,0.000242050494786
2020,1,Detroit Lions,0.0058266569555717,0.009179,0.0109780439121756,0.0033523430444282,0.0051513869566039
2020,1,Chicago Bears,0.0,0.003176,0.0029940119760479,0.003176,0.0029940119760479
2020,1,Jacksonville Jaguars,0.0007283321194464,0.001361,0.0019960079840319,0.0006326678805536,0.0012676758645855
2020,1,Indianapolis Colts,0.3095411507647487,0.142057,0.2085828343313372,0.1674841507647487,0.1009583164334115
2020,1,Minnesota Vikings,0.0014566642388929,0.00537,0.0019960079840319,0.0039133357611071,0.000539343745139
2020,1,Green Bay Packers,0.0007283321194464,0.001988,0.0019960079840319,0.0012596678805536,0.0012676758645855
2020,1,New England Patriots,0.12163146394756,0.103289,0.0578842315369261,0.0183424639475599,0.0637472324106339
2020,1,Miami Dolphins,0.0,0.0009980039920159,0.0009980039920159,0.0009980039920159,0.0009980039920159
2020,1,Washington Commanders,0.0,0.004279,0.0009980039920159,0.004279,0.0009980039920159
2020,1,Philadelphia Eagles,0.056081573197378,0.045341,0.0868263473053892,0.010740573197378,0.0307447741080112
2020,1,Cincinnati Bengals,0.0,0.003728,0.0029940119760479,0.003728,0.0029940119760479
2020,1,Los Angeles Chargers,0.0065549890750182,0.012606,0.0129740518962075,0.0060510109249817,0.0064190628211892
2020,1,New Orleans Saints,0.0080116533139111,0.006368,0.0059880239520958,0.0016436533139111,0.0020236293618153
2020,1,Tampa Bay Buccaneers,0.0,0.002678,0.0019960079840319,0.002678,0.0019960079840319
2020,1,San Francisco 49ers,0.0356882738528769,0.056587,0.0628742514970059,0.020898726147123,0.027185977644129
2020,1,Arizona Cardinals,0.0,0.0009980039920159,0.0009980039920159,0.0009980039920159,0.0009980039920159
2020,1,Los Angeles Rams,0.0,0.012121,0.0009980039920159,0.012121,0.0009980039920159
2020,1,Dallas Cowboys,0.0014566642388929,0.000856,0.0049900199600798,0.0006006642388928,0.0035333557211868
2020,1,New York Giants,0.0,0.002797,0.0009980039920159,0.002797,0.0009980039920159
2020,1,Pittsburgh Steelers,0.0517115804806991,0.030333,0.0558882235528941,0.0213785804806991,0.004176643072195
2020,1,Denver Broncos,0.0007283321194464,0.006065,0.0019960079840319,0.0053366678805536,0.0012676758645855
2020,1,Tennessee Titans,0.0058266569555717,0.010527,0.0139720558882235,0.0047003430444283,0.0081453989326518
2020,2,Cleveland Browns,0.0559006211180124,0.0972,0.0551898888719941,0.0412993788819875,0.0007107322460183
2020,2,Cincinnati Bengals,0.0,0.005194,0.0009203841157005,0.005194,0.0009203841157005
2020,2,Chicago Bears,0.0236024844720496,0.051492,0.0435015327339084,0.0278895155279504,0.0198990482618588
2020,2,New York Giants,0.0,0.006,0.000401025614134,0.006,0.000401025614134
2020,2,Dallas Cowboys,0.0,0.020726,0.00973664775737,0.020726,0.00973664775737
2020,2,Atlanta Falcons,0.0,0.005896,0.0008206995709169,0.005896,0.0008206995709169
2020,2,Green Bay Packers,0.0670807453416149,0.083522,0.0926688742021915,0.0164412546583851,0.0255881288605765
2020,2,Detroit Lions,0.0,0.004408,0.0002619703752906,0.004408,0.0002619703752906
2020,2,Indianapolis Colts,0.0024844720496894,0.012701,0.0121042826390299,0.0102165279503106,0.0096198105893405
2020,2,Minnesota Vikings,0.0,0.006684,0.0013018670770946,0.006684,0.0013018670770946
2020,2,Miami Dolphins,0.0,0.00499,0.0002676083490807,0.00499,0.0002676083490807
2020,2,Buffalo Bills,0.0099378881987577,0.047311,0.0630777391002706,0.0373731118012422,0.0531398509015129
2020,2,New York Jets,0.0,0.005333,0.0002608064718795,0.005333,0.0002608064718795
2020,2,San Francisco 49ers,0.0459627329192546,0.074404,0.0980097485022293,0.0284412670807453,0.0520470155829746
2020,2,Philadelphia Eagles,0.0012422360248447,0.007924,0.0032117881801184,0.0066817639751553,0.0019695521552737
2020,2,Los Angeles Rams,0.0,0.010992,0.002278660957303,0.010992,0.002278660957303
2020,2,Pittsburgh Steelers,0.1043478260869565,0.078428,0.0916641803610981,0.0259198260869565,0.0126836457258584
2020,2,Denver Broncos,0.0,0.006097,0.0002691792254704,0.006097,0.0002691792254704
2020,2,Tampa Bay Buccaneers,0.2372670807453416,0.090285,0.0980097485022293,0.1469820807453416,0.1392573322431123
2020,2,Carolina Panthers,0.0012422360248447,0.005391,0.0002514217349017,0.0041487639751553,0.000990814289943
2020,2,Tennessee Titans,0.2161490683229813,0.124051,0.0980097485022293,0.0920980683229813,0.118139319820752
2020,2,Jacksonville Jaguars,0.0,0.004753,0.000265952150118,0.004753,0.000265952150118
2020,2,Arizona Cardinals,0.1602484472049689,0.080549,0.0980097485022293,0.0796994472049689,0.0622386987027396
2020,2,Washington Commanders,0.0,0.006926,0.0002214001551079,0.006926,0.0002214001551079
2020,2,Houston Texans,0.0,0.005647,0.0002042576956049,0.005647,0.0002042576956049
2020,2,Baltimore Ravens,0.0062111801242236,0.042847,0.0727869409861021,0.0366358198757764,0.0665757608618785
2020,2,Los Angeles Chargers,0.0,0.005146,0.0002346662070626,0.005146,0.0002346662070626
2020,2,Kansas City Chiefs,0.0571428571428571,0.04683,0.0980097485022293,0.0103128571428571,0.0408668913593721
2020,2,Seattle Seahawks,0.0074534161490683,0.021963,0.0250183586038665,0.0145095838509317,0.0175649424547982
2020,2,New England Patriots,0.0,0.006487,0.000575234111114,0.006487,0.000575234111114
2020,2,Las Vegas Raiders,0.0,0.005498,0.0005384082699473,0.005498,0.0005384082699473
2020,2,New Orleans Saints,0.0024844720496894,0.024323,0.0319174819721758,0.0218385279503106,0.0294330099224864
2020,3,Jacksonville Jaguars,0.013732833957553,0.020521,0.011169541231619,0.006788166042447,0.002563292725934
2020,3,Miami Dolphins,0.0,0.004819,0.0006198214746554,0.004819,0.0006198214746554
2020,3,Atlanta Falcons,0.013732833957553,0.011052,0.0086888483957984,0.002680833957553,0.0050439855617546
2020,3,Chicago Bears,0.0,0.006958,0.0005777696525576,0.006958,0.0005777696525576
2020,3,Buffalo Bills,0.0012484394506866,0.007202,0.0023381464321728,0.0059535605493134,0.0010897069814861
2020,3,Los Angeles Rams,0.0,0.005158,0.0009956087301554,0.005158,0.0009956087301554
2020,3,Cleveland Browns,0.2009987515605493,0.155559,0.1468068070447936,0.0454397515605493,0.0541919445157557
2020,3,Washington Commanders,0.0,0.003494,3.860842403805141e-05,0.003494,3.860842403805141e-05
2020,3,Minnesota Vikings,0.0012484394506866,0.00726,0.0001596751028518,0.0060115605493133,0.0010887643478348
2020,3,Tennessee Titans,0.0012484394506866,0.008314,0.0081848762609106,0.0070655605493134,0.006936436810224
2020,3,New England Patriots,0.0823970037453183,0.079308,0.0647267822629431,0.0030890037453183,0.0176702214823752
2020,3,Las Vegas Raiders,0.0,0.003362,3.998716522725426e-05,0.003362,3.998716522725426e-05
2020,3,New York Giants,0.0,0.00636,0.0003611319003137,0.00636,0.0003611319003137
2020,3,San Francisco 49ers,0.0037453183520599,0.011136,0.0103747458950582,0.0073906816479401,0.0066294275429983
2020,3,Philadelphia Eagles,0.0349563046192259,0.030842,0.0426774208255812,0.0041143046192258,0.0077211162063553
2020,3,Cincinnati Bengals,0.0,0.005583,0.0004140015990477,0.005583,0.0004140015990477
2020,3,Pittsburgh Steelers,0.0024968789013732,0.030353,0.0234091898787997,0.0278561210986268,0.0209123109774265
2020,3,Houston Texans,0.0,0.00366,1.7823192080207522e-05,0.00366,1.7823192080207522e-05
2020,3,Indianapolis Colts,0.5106117353308365,0.247569,0.1953428764621589,0.2630427353308364,0.3152688588686776
2020,3,New York Jets,0.0,0.003385,0.0004560891501436,0.003385,0.0004560891501436
2020,3,Los Angeles Chargers,0.0549313358302122,0.090232,0.1343645936093029,0.0353006641697878,0.0794332577790906
2020,3,Carolina Panthers,0.0,0.003919,0.0003684354862911,0.003919,0.0003684354862911
2020,3,Arizona Cardinals,0.0287141073657927,0.101079,0.1498371825870798,0.0723648926342073,0.121123075221287
2020,3,Detroit Lions,0.0,0.003967,0.0003279986666514,0.003967,0.0003279986666514
2020,3,Denver Broncos,0.0,0.005925,0.0004473224863953,0.005925,0.0004473224863953
2020,3,Tampa Bay Buccaneers,0.0374531835205992,0.07557,0.1395846642551029,0.0381168164794008,0.1021314807345037
2020,3,Seattle Seahawks,0.0012484394506866,0.033104,0.0304635964636468,0.0318555605493134,0.0292151570129602
2020,3,Dallas Cowboys,0.0,0.003709,1.9567229166858583e-05,0.003709,1.9567229166858583e-05
2020,3,New Orleans Saints,0.0012484394506866,0.012404,0.0132326193375579,0.0111555605493134,0.0119841798868713
2020,3,Green Bay Packers,0.0,0.004696,0.0001581132626829,0.004696,0.0001581132626829
2020,3,Baltimore Ravens,0.0012484394506866,0.010141,0.0136380422725316,0.0088925605493134,0.012389602821845
2020,3,Kansas City Chiefs,0.0012484394506866,0.003359,0.0001581132626829,0.0021105605493134,0.0010903261880037
2020,4,New York Jets,0.0014814814814814,0.009466,0.0011001756165834,0.0079845185185186,0.000381305864898
2020,4,Denver Broncos,0.0,0.017569,0.0033452040681489,0.017569,0.0033452040681489
2020,4,Carolina Panthers,0.0,0.005537,0.0002657757555362,0.005537,0.0002657757555362
2020,4,Arizona Cardinals,0.0,0.020338,0.0043138163068208,0.020338,0.0043138163068208
2020,4,Cincinnati Bengals,0.0,0.027136,0.0042706646644717,0.027136,0.0042706646644717
2020,4,Jacksonville Jaguars,0.0014814814814814,0.006034,0.0005605590918774,0.0045525185185186,0.000920922389604
2020,4,Dallas Cowboys,0.0,0.032989,0.04096486741935,0.032989,0.04096486741935
2020,4,Cleveland Browns,0.0,0.004369,0.0004443019083142,0.004369,0.0004443019083142
2020,4,Detroit Lions,0.0,0.005082,0.0003064133687422,0.005082,0.0003064133687422
2020,4,New Orleans Saints,0.0029629629629629,0.014252,0.0067061674628827,0.0112890370370371,0.0037432044999198
2020,4,Houston Texans,0.0044444444444444,0.013758,0.0052898204033524,0.0093135555555556,0.0008453759589079
2020,4,Minnesota Vikings,0.0,0.008354,0.0004532497201845,0.008354,0.0004532497201845
2020,4,Miami Dolphins,0.0,0.004774,4.795256295686415e-05,0.004774,4.795256295686415e-05
2020,4,Seattle Seahawks,0.0029629629629629,0.058759,0.0834645600167275,0.0557960370370371,0.0805015970537646
2020,4,Tampa Bay Buccaneers,0.0755555555555555,0.065765,0.1204849149049535,0.0097905555555554,0.044929359349398
2020,4,Los Angeles Chargers,0.0,0.004408,0.000108295605219,0.004408,0.000108295605219
2020,4,Washington Commanders,0.0,0.003894,9.891609340681146e-05,0.003894,9.891609340681146e-05
2020,4,Baltimore Ravens,0.1688888888888889,0.150449,0.2265970628247491,0.0184398888888888,0.0577081739358601
2020,4,Los Angeles Rams,0.0,0.258844,0.237526372560768,0.258844,0.237526372560768
2020,4,New York Giants,0.0,0.003657,0.000190991585972,0.003657,0.000190991585972
2020,4,Chicago Bears,0.0,0.010487,0.000241828365175,0.010487,0.000241828365175
2020,4,Indianapolis Colts,0.0,0.005376,0.0044373363462967,0.005376,0.0044373363462967
2020,4,Las Vegas Raiders,0.0,0.004607,0.0004021439897799,0.004607,0.0004021439897799
2020,4,Buffalo Bills,0.0014814814814814,0.01235,0.0037374986866784,0.0108685185185186,0.002256017205197
2020,4,San Francisco 49ers,0.0414814814814814,0.150158,0.119620233300618,0.1086765185185186,0.0781387518191366
2020,4,Philadelphia Eagles,0.0,0.003339,0.0001503814628406,0.003339,0.0001503814628406
2020,4,Kansas City Chiefs,0.0,0.045052,0.0904201082356096,0.045052,0.0904201082356096
2020,4,New England Patriots,0.0,0.003257,0.0001729668941173,0.003257,0.0001729668941173
2020,4,Green Bay Packers,0.0088888888888888,0.046036,0.044207286869086,0.0371471111111112,0.0353183979801972
2020,4,Atlanta Falcons,0.0,0.003903,7.013390878000698e-05,0.003903,7.013390878000698e-05
2020,5,Chicago Bears,0.0,0.005734,1.2356211671660395e-05,0.005734,1.2356211671660395e-05
2020,5,Tampa Bay Buccaneers,0.0046948356807511,0.014884,0.0028051291728251,0.0101891643192488,0.001889706507926
2020,5,Atlanta Falcons,0.001564945226917,0.012798,0.001702596906526,0.011233054773083,0.0001376516796089
2020,5,Carolina Panthers,0.0,0.009716,0.0003263197951487,0.009716,0.0003263197951487
2020,5,Baltimore Ravens,0.1486697965571205,0.169532,0.1820013431482618,0.0208622034428794,0.0333315465911412
2020,5,Cincinnati Bengals,0.0,0.003543,0.0001118030701074,0.003543,0.0001118030701074
2020,5,Houston Texans,0.0672926447574334,0.056977,0.0318473476436856,0.0103156447574334,0.0354452971137478
2020,5,Jacksonville Jaguars,0.0,0.005495,0.0001121298694337,0.005495,0.0001121298694337
2020,5,Kansas City Chiefs,0.0704225352112676,0.077259,0.1304752203104871,0.0068364647887323,0.0600526850992195
2020,5,Las Vegas Raiders,0.0,0.002644,5.342000260741237e-05,0.002644,5.342000260741237e-05
2020,5,New York Jets,0.0,0.005813,0.0001078346982757,0.005813,0.0001078346982757
2020,5,Arizona Cardinals,0.1283255086071987,0.118931,0.1476728637217047,0.0093945086071987,0.019347355114506
2020,5,Pittsburgh Steelers,0.056338028169014,0.108184,0.0665740159813614,0.051845971830986,0.0102359878123473
2020,5,Philadelphia Eagles,0.0,0.002705,2.446989424143854e-05,0.002705,2.446989424143854e-05
2020,5,Washington Commanders,0.0,0.004665,1.940025004811805e-05,0.004665,1.940025004811805e-05
2020,5,Los Angeles Rams,0.0,0.033031,0.0574225708037878,0.033031,0.0574225708037878
2020,5,San Francisco 49ers,0.2644757433489828,0.092776,0.0718754887752203,0.1716997433489827,0.1926002545737624
2020,5,Miami Dolphins,0.0,0.003345,5.364132974889695e-05,0.003345,5.364132974889695e-05
2020,5,Cleveland Browns,0.0,0.013047,0.000887559842744,0.013047,0.000887559842744
2020,5,Indianapolis Colts,0.0,0.003209,0.0007544519000397,0.003209,0.0007544519000397
2020,5,Dallas Cowboys,0.0422535211267605,0.145603,0.2068151827503798,0.1033494788732395,0.1645616616236193
2020,5,New York Giants,0.0,0.006171,0.0001078864776611,0.006171,0.0001078864776611
2020,5,Seattle Seahawks,0.0500782472613458,0.036662,0.0421610056273805,0.0134162472613457,0.0079172416339652
2020,5,Minnesota Vikings,0.0,0.005892,5.679902136084778e-05,0.005892,5.679902136084778e-05
2020,5,New Orleans Saints,0.1205007824726134,0.04427,0.0540271562808662,0.0762307824726133,0.0664736261917472
2020,5,Los Angeles Chargers,0.0,0.003702,5.5882500812823786e-05,0.003702,5.5882500812823786e-05
2020,5,Tennessee Titans,0.0,0.005211,0.0002242337049064,0.005211,0.0002242337049064
2020,5,Buffalo Bills,0.001564945226917,0.0082,0.0017118903087048,0.006635054773083,0.0001469450817877
2020,6,Carolina Panthers,0.0,0.012723,0.002188590700846,0.012723,0.002188590700846
2020,6,Chicago Bears,0.0,0.007775,0.0003428315003999,0.007775,0.0003428315003999
2020,6,Indianapolis Colts,0.1780487804878048,0.084229,0.1421253451460758,0.0938197804878047,0.0359234353417289
2020,6,Cincinnati Bengals,0.0,0.003178,0.0001166230401494,0.003178,0.0001166230401494
2020,6,Jacksonville Jaguars,0.0,0.005357,0.000365254687706,0.005357,0.000365254687706
2020,6,Detroit Lions,0.0073170731707317,0.019466,0.0068397730924118,0.0121489268292683,0.0004773000783199
2020,6,Minnesota Vikings,0.0121951219512195,0.048744,0.0208183653636138,0.0365488780487805,0.0086232434123943
2020,6,Atlanta Falcons,0.0,0.003344,1.418657276099608e-05,0.003344,1.418657276099608e-05
2020,6,New England Patriots,0.124390243902439,0.2303,0.2788767505614404,0.105909756097561,0.1544865066590014
2020,6,Denver Broncos,0.0,0.00399,0.0001166230401494,0.00399,0.0001166230401494
2020,6,New York Giants,0.0,0.024137,0.0059399058649547,0.024137,0.0059399058649547
2020,6,Washington Commanders,0.0,0.005738,0.0003205030908162,0.005738,0.0003205030908162
2020,6,Philadelphia Eagles,0.0,0.003047,2.9558297143959368e-05,0.003047,2.9558297143959368e-05
2020,6,Baltimore Ravens,0.0390243902439024,0.094285,0.1517021488683541,0.0552606097560975,0.1126777586244517
2020,6,Pittsburgh Steelers,0.0097560975609756,0.018129,0.0046209087288823,0.0083729024390244,0.0051351888320932
2020,6,Cleveland Browns,0.0,0.003184,0.0003687111500438,0.003184,0.0003687111500438
2020,6,Tennessee Titans,0.0073170731707317,0.030112,0.0317069863400314,0.0227949268292683,0.0243899131692997
2020,6,Houston Texans,0.0,0.004743,7.950140082715816e-05,0.004743,7.950140082715816e-05
2020,6,Miami Dolphins,0.6121951219512195,0.339336,0.3235257693345653,0.2728591219512195,0.2886693526166542
2020,6,New York Jets,0.0,0.003134,0.0001166230401494,0.003134,0.0001166230401494
2020,6,Tampa Bay Buccaneers,0.0,0.005047,0.0002702757860915,0.005047,0.0002702757860915
2020,6,Green Bay Packers,0.0,0.0081,0.0046070961020137,0.0081,0.0046070961020137
2020,6,San Francisco 49ers,0.0024390243902439,0.005111,0.0003561615755246,0.0026719756097561,0.0020828628147193
2020,6,Los Angeles Rams,0.0,0.005612,0.0023336120799237,0.005612,0.0023336120799237
2020,6,Buffalo Bills,0.0,0.003491,0.000157652403135,0.003491,0.000157652403135
2020,6,Kansas City Chiefs,0.0024390243902439,0.011041,0.0200074464745045,0.0086019756097561,0.0175684220842606
2020,6,Dallas Cowboys,0.0,0.010308,0.001352754913989,0.010308,0.001352754913989
2020,6,Arizona Cardinals,0.0024390243902439,0.00634,0.000700040843495,0.0039009756097561,0.0017389835467489
2020,7,Philadelphia Eagles,0.0509915014164305,0.026888,0.0368429800634095,0.0241035014164305,0.014148521353021
2020,7,New York Giants,0.0,0.012025,5.599376764160162e-06,0.012025,5.599376764160162e-06
2020,7,Atlanta Falcons,0.0,0.007275,0.0010930165151395,0.007275,0.0010930165151395
2020,7,Detroit Lions,0.0,0.011657,0.0010158217123736,0.011657,0.0010158217123736
2020,7,Cincinnati Bengals,0.0,0.009944,8.317350288280395e-05,0.009944,8.317350288280395e-05
2020,7,Cleveland Browns,0.0056657223796034,0.013166,0.0118569986364978,0.0075002776203966,0.0061912762568944
2020,7,Houston Texans,0.0,0.006013,0.0002299177439215,0.006013,0.0002299177439215
2020,7,Green Bay Packers,0.0056657223796034,0.017526,0.0179593999015292,0.0118602776203966,0.0122936775219258
2020,7,New Orleans Saints,0.1019830028328611,0.092276,0.1367237075655919,0.0097070028328611,0.0347407047327308
2020,7,Carolina Panthers,0.0,0.003006,8.700570048925791e-06,0.003006,8.700570048925791e-06
2020,7,New York Jets,0.0,0.00309,8.72804527941914e-05,0.00309,8.72804527941914e-05
2020,7,Buffalo Bills,0.4305949008498583,0.245995,0.3375680223746004,0.1845999008498583,0.0930268784752579
2020,7,Tennessee Titans,0.0,0.005861,0.0008816448038587,0.005861,0.0008816448038587
2020,7,Pittsburgh Steelers,0.0,0.005457,0.0009323530544321,0.005457,0.0009323530544321
2020,7,Washington Commanders,0.0,0.008559,0.0011037624168243,0.008559,0.0011037624168243
2020,7,Dallas Cowboys,0.0,0.009206,0.0010757955656893,0.009206,0.0010757955656893
2020,7,Las Vegas Raiders,0.0,0.004258,8.766244171147477e-05,0.004258,8.766244171147477e-05
2020,7,Tampa Bay Buccaneers,0.0028328611898017,0.012696,0.0040863935935243,0.0098631388101983,0.0012535324037226
2020,7,Denver Broncos,0.0,0.004134,5.599376764160162e-06,0.004134,5.599376764160162e-06
2020,7,Kansas City Chiefs,0.0509915014164305,0.059883,0.1270982639008056,0.0088914985835694,0.0761067624843751
2020,7,Los Angeles Chargers,0.3229461756373937,0.357143,0.2470808803664902,0.0341968243626062,0.0758652952709035
2020,7,Jacksonville Jaguars,0.0,0.002466,8.72804527941914e-05,0.002466,8.72804527941914e-05
2020,7,New England Patriots,0.0028328611898017,0.013236,0.0041931333886517,0.0104031388101983,0.00136027219885
2020,7,San Francisco 49ers,0.0,0.005769,4.000309828882949e-05,0.005769,4.000309828882949e-05
2020,7,Arizona Cardinals,0.0,0.004471,0.0001360038087035,0.004471,0.0001360038087035
2020,7,Seattle Seahawks,0.0,0.02059,0.0039631038700144,0.02059,0.0039631038700144
2020,7,Los Angeles Rams,0.0,0.034037,0.0657182446557015,0.034037,0.0657182446557015
2020,7,Chicago Bears,0.0,0.003372,3.5256790191325414e-05,0.003372,3.5256790191325414e-05
2020,8,Carolina Panthers,0.0,0.01206,0.000526532503867,0.01206,0.000526532503867
2020,8,Atlanta Falcons,0.0028571428571428,0.016416,0.0003309204896943,0.0135588571428572,0.0025262223674485
2020,8,Baltimore Ravens,0.0,0.009755,0.0019254637746623,0.009755,0.0019254637746623
2020,8,Pittsburgh Steelers,0.0,0.002206,9.84445542253208e-05,0.002206,9.84445542253208e-05
2020,8,Buffalo Bills,0.0057142857142857,0.026257,0.0423306664105451,0.0205427142857143,0.0366163806962594
2020,8,New England Patriots,0.0,0.002503,4.034517074732595e-05,0.002503,4.034517074732595e-05
2020,8,Cincinnati Bengals,0.0,0.008436,9.783678184702968e-05,0.008436,9.783678184702968e-05
2020,8,Tennessee Titans,0.0314285714285714,0.0616,0.102007480799357,0.0301714285714286,0.0705789093707855
2020,8,Cleveland Browns,0.0,0.025284,0.0011966520645192,0.025284,0.0011966520645192
2020,8,Las Vegas Raiders,0.0,0.003579,0.0002756700551258,0.003579,0.0002756700551258
2020,8,Detroit Lions,0.0,0.005544,1.780046268228303e-05,0.005544,1.780046268228303e-05
2020,8,Indianapolis Colts,0.0,0.003686,0.0014424552991673,0.003686,0.0014424552991673
2020,8,Green Bay Packers,0.0142857142857142,0.046715,0.0683628389647858,0.0324292857142858,0.0540771246790716
2020,8,Minnesota Vikings,0.0,0.003877,5.632500722177681e-05,0.003877,5.632500722177681e-05
2020,8,Kansas City Chiefs,0.3057142857142857,0.36886,0.3130515560314716,0.0631457142857143,0.0073372703171858
2020,8,New York Jets,0.0,0.001337,0.0001253307304743,0.001337,0.0001253307304743
2020,8,Miami Dolphins,0.0,0.002926,9.713190978733197e-05,0.002926,9.713190978733197e-05
2020,8,Los Angeles Rams,0.0,0.004382,0.0024197449862363,0.004382,0.0024197449862363
2020,8,Denver Broncos,0.0,0.016437,0.0001521092443961,0.016437,0.0001521092443961
2020,8,Los Angeles Chargers,0.0,0.008583,0.0016194109562057,0.008583,0.0016194109562057
2020,8,Chicago Bears,0.0,0.003773,2.9376321085007515e-06,0.003773,2.9376321085007515e-06
2020,8,New Orleans Saints,0.0028571428571428,0.022141,0.0131011902069787,0.0192838571428572,0.0102440473498359
2020,8,Seattle Seahawks,0.0,0.006071,0.0004811194412762,0.006071,0.0004811194412762
2020,8,San Francisco 49ers,0.0,0.016289,0.0004406992690082,0.016289,0.0004406992690082
2020,8,Philadelphia Eagles,0.4028571428571428,0.101827,0.1665990655553226,0.3010301428571428,0.2362580773018202
2020,8,Dallas Cowboys,0.0,0.006106,2.7371271602195784e-05,0.006106,2.7371271602195784e-05
2020,8,New York Giants,0.0,0.004225,4.325013695952109e-05,0.004225,4.325013695952109e-05
2020,8,Tampa Bay Buccaneers,0.2257142857142857,0.209124,0.2831296502897246,0.0165902857142856,0.0574153645754388
2020,9,San Francisco 49ers,0.0,0.004213,2.0590148329998723e-05,0.004213,2.0590148329998723e-05
2020,9,Green Bay Packers,0.0453172205438066,0.031376,0.0460183103057923,0.0139412205438066,0.0007010897619856
2020,9,Atlanta Falcons,0.0030211480362537,0.01668,0.009027953774869,0.0136588519637463,0.0060068057386153
2020,9,Denver Broncos,0.0,0.015266,1.4402674906950915e-05,0.015266,1.4402674906950915e-05
2020,9,Buffalo Bills,0.0,0.002529,8.980930300967724e-05,0.002529,8.980930300967724e-05
2020,9,Seattle Seahawks,0.0060422960725075,0.004298,0.0012485639350171,0.0017442960725075,0.0047937321374903
2020,9,Indianapolis Colts,0.0,0.000931,0.0004809318209495,0.000931,0.0004809318209495
2020,9,Baltimore Ravens,0.0,0.004533,0.0003956853054025,0.004533,0.0003956853054025
2020,9,Jacksonville Jaguars,0.0,0.002975,0.000132598515383,0.002975,0.000132598515383
2020,9,Houston Texans,0.0906344410876132,0.119604,0.08966966445513,0.0289695589123867,0.0009647766324832
2020,9,Kansas City Chiefs,0.1903323262839879,0.064287,0.1032131041969233,0.1260453262839879,0.0871192220870646
2020,9,Carolina Panthers,0.0,0.001003,6.8880811831367215e-06,0.001003,6.8880811831367215e-06
2020,9,Minnesota Vikings,0.0151057401812688,0.018215,0.0059060276440552,0.0031092598187311,0.0091997125372135
2020,9,Detroit Lions,0.0,0.003963,8.691946262337015e-06,0.003963,8.691946262337015e-06
2020,9,Tennessee Titans,0.039274924471299,0.048548,0.0546079797739751,0.0092730755287009,0.015333055302676
2020,9,Chicago Bears,0.0,0.002753,3.468587521859333e-06,0.002753,3.468587521859333e-06
2020,9,Washington Commanders,0.0,0.025759,0.0027089239533429,0.025759,0.0027089239533429
2020,9,New York Giants,0.0,0.005739,2.8052743750679e-05,0.005739,2.8052743750679e-05
2020,9,Los Angeles Chargers,0.0,0.014064,0.0004868413074041,0.014064,0.0004868413074041
2020,9,Las Vegas Raiders,0.0,0.003,0.0002721795877183,0.003,0.0002721795877183
2020,9,Arizona Cardinals,0.0513595166163142,0.05332,0.0357557327788115,0.0019604833836857,0.0156037838375027
2020,9,Miami Dolphins,0.0,0.001053,4.1440290375691065e-05,0.001053,4.1440290375691065e-05
2020,9,Dallas Cowboys,0.0,0.00114,6.8880811831367215e-06,0.00114,6.8880811831367215e-06
2020,9,Pittsburgh Steelers,0.3141993957703927,0.28757,0.3724464537653049,0.0266293957703926,0.0582470579949122
2020,9,Tampa Bay Buccaneers,0.0030211480362537,0.006113,0.0018883433490463,0.0030918519637463,0.0011328046872074
2020,9,New Orleans Saints,0.0,0.002169,0.0001512624804316,0.002169,0.0001512624804316
2020,9,New York Jets,0.0,0.00186,2.129075609008764e-05,0.00186,2.129075609008764e-05
2020,9,New England Patriots,0.2386706948640483,0.257039,0.2753479204378292,0.0183683051359517,0.0366772255737808
2020,10,Tennessee Titans,0.0,0.006067,0.0004589549780774,0.006067,0.0004589549780774
2020,10,Indianapolis Colts,0.0,0.00027,0.0001815759408153,0.00027,0.0001815759408153
2020,10,Carolina Panthers,0.0,0.001451,3.186153070203128e-05,0.001451,3.186153070203128e-05
2020,10,Tampa Bay Buccaneers,0.0225806451612903,0.031282,0.0429027414377319,0.0087013548387096,0.0203220962764416
2020,10,Cleveland Browns,0.0161290322580645,0.040389,0.0098069278139501,0.0242599677419355,0.0063221044441143
2020,10,Houston Texans,0.0,0.000619,2.5283515506712653e-05,0.000619,2.5283515506712653e-05
2020,10,Detroit Lions,0.0032258064516129,0.010483,0.0116633365213534,0.007257193548387,0.0084375300697405
2020,10,Washington Commanders,0.0,0.00723,0.0003072806647567,0.00723,0.0003072806647567
2020,10,Green Bay Packers,0.6580645161290323,0.607672,0.4698819895371806,0.0503925161290322,0.1881825265918517
2020,10,Jacksonville Jaguars,0.0,1.2530848298836415e-05,1.2530848298836415e-05,1.2530848298836415e-05,1.2530848298836415e-05
2020,10,New York Giants,0.0,0.011785,4.720920420657311e-05,0.011785,4.720920420657311e-05
2020,10,Philadelphia Eagles,0.0193548387096774,0.007841,0.0112947851002059,0.0115138387096773,0.0080600536094714
2020,10,Arizona Cardinals,0.0064516129032258,0.004275,0.0009148091454514,0.0021766129032258,0.0055368037577744
2020,10,Buffalo Bills,0.0,0.001072,0.0002811694408579,0.001072,0.0002811694408579
2020,10,Las Vegas Raiders,0.0225806451612903,0.023283,0.0196482207785959,0.0007023548387097,0.0029324243826944
2020,10,Denver Broncos,0.0,0.005166,1.2530848298836415e-05,0.005166,1.2530848298836415e-05
2020,10,Miami Dolphins,0.0032258064516129,0.002321,0.000293295736395,0.0009048064516129,0.0029325107152179
2020,10,Los Angeles Chargers,0.0,0.002747,0.0003015257602625,0.002747,0.0003015257602625
2020,10,Los Angeles Rams,0.0,0.003682,0.0012053404668236,0.003682,0.0012053404668236
2020,10,Seattle Seahawks,0.0,0.001157,0.0003449272955614,0.001157,0.0003449272955614
2020,10,New Orleans Saints,0.2129032258064516,0.11561,0.2737369676984132,0.0972932258064516,0.0608337418919616
2020,10,San Francisco 49ers,0.0,0.002397,9.935842002170827e-06,0.002397,9.935842002170827e-06
2020,10,Pittsburgh Steelers,0.0258064516129032,0.05717,0.0759024278106685,0.0313635483870968,0.0500959761977653
2020,10,Cincinnati Bengals,0.0,0.00081,1.2530848298836415e-05,0.00081,1.2530848298836415e-05
2020,10,New England Patriots,0.0,0.000679,1.5442658198806773e-05,0.000679,1.5442658198806773e-05
2020,10,Baltimore Ravens,0.0096774193548387,0.038591,0.0779043830041244,0.0289135806451613,0.0682269636492857
2020,10,Chicago Bears,0.0,0.003316,8.907041999996136e-05,0.003316,8.907041999996136e-05
2020,10,Minnesota Vikings,0.0,0.012634,0.0027129451532615,0.012634,0.0027129451532615
2020,11,Seattle Seahawks,0.0,0.021795,0.0032196039694214,0.021795,0.0032196039694214
2020,11,Arizona Cardinals,0.0,0.001575,1.2541737844691028e-05,0.001575,1.2541737844691028e-05
2020,11,Baltimore Ravens,0.0132890365448504,0.047262,0.0658176435084831,0.0339729634551496,0.0525286069636327
2020,11,Tennessee Titans,0.0,2.711721884975777e-05,2.711721884975777e-05,2.711721884975777e-05,2.711721884975777e-05
2020,11,Carolina Panthers,0.0,0.007646,4.3502688546332687e-05,0.007646,4.3502688546332687e-05
2020,11,Detroit Lions,0.0,0.007802,0.0046880165991648,0.007802,0.0046880165991648
2020,11,Cleveland Browns,0.0,0.056068,0.0086747328343418,0.056068,0.0086747328343418
2020,11,Philadelphia Eagles,0.0,0.0002447415083981,0.0002447415083981,0.0002447415083981,0.0002447415083981
2020,11,Houston Texans,0.0,0.00366,0.000108679510272,0.00366,0.000108679510272
2020,11,New England Patriots,0.0099667774086378,0.009518,0.0031575615268556,0.0004487774086377,0.0068092158817822
2020,11,Jacksonville Jaguars,0.0,0.000368,0.0001115118836408,0.000368,0.0001115118836408
2020,11,Pittsburgh Steelers,0.1495016611295681,0.11587,0.1653135451397872,0.033631661129568,0.0158118840102191
2020,11,New Orleans Saints,0.0166112956810631,0.00437,0.0047668024014912,0.0122412956810631,0.0118444932795719
2020,11,Atlanta Falcons,0.0,0.002318,0.0001909440514762,0.002318,0.0001909440514762
2020,11,Washington Commanders,0.0,0.023785,0.0006696636640842,0.023785,0.0006696636640842
2020,11,Cincinnati Bengals,0.0,0.004418,0.0004245272247493,0.004418,0.0004245272247493
2020,11,Denver Broncos,0.0,0.011205,2.369653366272672e-05,0.011205,2.369653366272672e-05
2020,11,Miami Dolphins,0.0199335548172757,0.007074,0.0130664900103466,0.0128595548172757,0.0068670648069291
2020,11,Los Angeles Chargers,0.4651162790697674,0.397971,0.3803037097229963,0.0671452790697673,0.084812569346771
2020,11,New York Jets,0.0,3.4671347010526095e-05,3.4671347010526095e-05,3.4671347010526095e-05,3.4671347010526095e-05
2020,11,Indianapolis Colts,0.0,0.0005425423307317,0.0005425423307317,0.0005425423307317,0.0005425423307317
2020,11,Green Bay Packers,0.0,5e-05,0.0002285799777534,5e-05,0.0002285799777534
2020,11,Minnesota Vikings,0.2392026578073089,0.260369,0.3344607667011187,0.0211663421926911,0.0952581088938097
2020,11,Dallas Cowboys,0.0,0.000328,1.1861400446530504e-05,0.000328,1.1861400446530504e-05
2020,11,Las Vegas Raiders,0.0,0.000291,2.384564837492912e-05,0.000291,2.384564837492912e-05
2020,11,Kansas City Chiefs,0.0631229235880398,0.009893,0.0106337263140368,0.0532299235880397,0.0524891972740029
2020,11,Tampa Bay Buccaneers,0.0099667774086378,0.006364,0.003112154614885,0.0036027774086378,0.0068546227937528
2020,11,Los Angeles Rams,0.0,8.681993122916455e-05,8.681993122916455e-05,8.681993122916455e-05,8.681993122916455e-05
2020,12,Detroit Lions,0.0526315789473684,0.022004,0.0196747298095317,0.0306275789473683,0.0329568491378367
2020,12,Houston Texans,0.3636363636363636,0.365805,0.3956293216783449,0.0021686363636364,0.0319929580419813
2020,12,Dallas Cowboys,0.430622009569378,0.587411,0.5478972398028593,0.156788990430622,0.1172752302334813
2020,12,Washington Commanders,0.138755980861244,0.02478,0.036798708709264,0.113975980861244,0.10195727215198
2020,14,Atlanta Falcons,0.0,5.5915971894313146e-05,5.5915971894313146e-05,5.5915971894313146e-05,5.5915971894313146e-05
2020,14,New Orleans Saints,0.0,0.0004119826554803,0.0004119826554803,0.0004119826554803,0.0004119826554803
2020,14,Chicago Bears,0.0,0.006302631113917,0.006302631113917,0.006302631113917,0.006302631113917
2020,14,Detroit Lions,0.0,0.0001270269038025,0.0001270269038025,0.0001270269038025,0.0001270269038025
2020,14,Houston Texans,0.0,0.0,0.0,0.0,0.0
2020,14,Indianapolis Colts,0.0,9.553965900209447e-07,9.553965900209447e-07,9.553965900209447e-07,9.553965900209447e-07
2020,14,Miami Dolphins,0.1844660194174757,0.1339145756922631,0.1339145756922631,0.0505514437252126,0.0505514437252126
2020,14,Cincinnati Bengals,0.0,8.793733794969916e-05,8.793733794969916e-05,8.793733794969916e-05,8.793733794969916e-05
2020,14,Minnesota Vikings,0.5048543689320388,0.3606602953343764,0.3606602953343764,0.1441940735976624,0.1441940735976624
2020,14,Jacksonville Jaguars,0.0,8.318521844119007e-05,8.318521844119007e-05,8.318521844119007e-05,8.318521844119007e-05
2020,14,New York Jets,0.0,8.318521844119007e-05,8.318521844119007e-05,8.318521844119007e-05,8.318521844119007e-05
2020,14,Las Vegas Raiders,0.1067961165048543,0.234427733775627,0.234427733775627,0.1276316172707727,0.1276316172707727
2020,14,Tennessee Titans,0.0,0.002309875462799,0.002309875462799,0.002309875462799,0.002309875462799
2020,14,Cleveland Browns,0.0,5.039002785198804e-06,5.039002785198804e-06,5.039002785198804e-06,5.039002785198804e-06
2020,14,Arizona Cardinals,0.0,7.747578592103765e-07,7.747578592103765e-07,7.747578592103765e-07,7.747578592103765e-07
2020,14,Los Angeles Rams,0.0,9.553903092282734e-05,9.553903092282734e-05,9.553903092282734e-05,9.553903092282734e-05
2020,14,Seattle Seahawks,0.116504854368932,0.1275551312032742,0.1275551312032742,0.0110502768343421,0.0110502768343421
2020,14,New York Giants,0.0,0.0,0.0,0.0,0.0
2020,14,Green Bay Packers,0.0,0.0147248916061251,0.0147248916061251,0.0147248916061251,0.0147248916061251
2020,14,Philadelphia Eagles,0.0,0.0,0.0,0.0,0.0
2020,14,Los Angeles Chargers,0.0,3.901790152645743e-05,3.901790152645743e-05,3.901790152645743e-05,3.901790152645743e-05
2020,14,New England Patriots,0.0,0.0,0.0,0.0,0.0
2020,14,Kansas City Chiefs,0.0679611650485436,0.0949546099647733,0.0949546099647733,0.0269934449162296,0.0269934449162296
2020,14,Denver Broncos,0.0,0.0,0.0,0.0,0.0
2020,14,Pittsburgh Steelers,0.0194174757281553,0.0118847303537448,0.0118847303537448,0.0075327453744104,0.0075327453744104
2020,14,Washington Commanders,0.0,0.0,0.0,0.0,0.0
2020,14,San Francisco 49ers,0.0,0.0002410276688685,0.0002410276688685,0.0002410276688685,0.0002410276688685
2020,14,Buffalo Bills,0.0,2.0308822658283176e-06,2.0308822658283176e-06,2.0308822658283176e-06,2.0308822658283176e-06
2020,14,Baltimore Ravens,0.0,0.0120319075462721,0.0120319075462721,0.0120319075462721,0.0120319075462721
2020,14,Dallas Cowboys,0.0,0.0,0.0,0.0,0.0
2020,15,Los Angeles Rams,0.0,0.002676,0.008646647919779,0.002676,0.008646647919779
2020,15,New England Patriots,0.0,3.671705520356129e-05,3.671705520356129e-05,3.671705520356129e-05,3.671705520356129e-05
2020,15,Carolina Panthers,0.0224719101123595,0.017607,0.0269720917078962,0.0048649101123595,0.0045001815955366
2020,15,Denver Broncos,0.0,0.000184,0.0,0.000184,0.0
2020,15,Chicago Bears,0.0,0.004534,0.0003693747997486,0.004534,0.0003693747997486
2020,15,Houston Texans,0.0,0.0004080484002374,0.0004080484002374,0.0004080484002374,0.0004080484002374
2020,15,Cincinnati Bengals,0.0,0.002461,0.0001597898725361,0.002461,0.0001597898725361
2020,15,Dallas Cowboys,0.0112359550561797,0.005612,0.0137663388550806,0.0056239550561797,0.0025303837989008
2020,15,Jacksonville Jaguars,0.0,0.0001267730675677,0.0001267730675677,0.0001267730675677,0.0001267730675677
2020,15,Tennessee Titans,0.0224719101123595,0.11035,0.1884509261627729,0.0878780898876405,0.1659790160504134
2020,15,Miami Dolphins,0.0,0.0,0.0,0.0,0.0
2020,15,Kansas City Chiefs,0.0112359550561797,0.010853,0.0307677729068256,0.0003829550561797,0.0195318178506459
2020,15,New York Giants,0.0,0.001494,0.0004479707821314,0.001494,0.0004479707821314
2020,15,Arizona Cardinals,0.0,0.002203,0.0050828367227019,0.002203,0.0050828367227019
2020,15,Tampa Bay Buccaneers,0.0224719101123595,0.021331,0.0518161324106451,0.0011409101123595,0.0293442222982856
2020,15,Minnesota Vikings,0.0,2.7637418703414847e-06,2.7637418703414847e-06,2.7637418703414847e-06,2.7637418703414847e-06
2020,15,Las Vegas Raiders,0.0,8.321278272048238e-05,8.321278272048238e-05,8.321278272048238e-05,8.321278272048238e-05
2020,15,Indianapolis Colts,0.0,0.0011022636699316,0.0011022636699316,0.0011022636699316,0.0011022636699316
2020,15,Seattle Seahawks,0.8539325842696629,0.737168,0.504153608083389,0.1167645842696628,0.3497789761862738
2020,15,New York Jets,0.0,0.000104939506792,0.000104939506792,0.000104939506792,0.000104939506792
2020,15,Detroit Lions,0.0,0.000104939506792,0.000104939506792,0.000104939506792,0.000104939506792
2020,15,Green Bay Packers,0.0,0.013761,0.0368708618347935,0.013761,0.0368708618347935
2020,15,Los Angeles Chargers,0.0,0.0003019340236368,0.0003019340236368,0.0003019340236368,0.0003019340236368
2020,15,Atlanta Falcons,0.0,0.000357,0.0004394969819374,0.000357,0.0004394969819374
2020,15,Philadelphia Eagles,0.0,0.0,0.0,0.0,0.0
2020,15,New Orleans Saints,0.0561797752808988,0.053395,0.0981769286805881,0.0027847752808988,0.0419971533996893
2020,15,San Francisco 49ers,0.0,0.016012,0.0276967858418828,0.016012,0.0276967858418828
2020,15,Washington Commanders,0.0,5.999141877814163e-05,5.999141877814163e-05,5.999141877814163e-05,5.999141877814163e-05
2020,15,Buffalo Bills,0.0,0.0006114580990636,0.0006114580990636,0.0006114580990636,0.0006114580990636
2020,15,Pittsburgh Steelers,0.0,0.0008350753800807,0.0008350753800807,0.0008350753800807,0.0008350753800807
2020,15,Cleveland Browns,0.0,6.1119882323354e-05,6.1119882323354e-05,6.1119882323354e-05,6.1119882323354e-05
2020,15,Baltimore Ravens,0.0,0.002343199902293,0.002343199902293,0.002343199902293,0.002343199902293
2020,16,Las Vegas Raiders,0.0,0.029841,0.0126200811279012,0.029841,0.0126200811279012
2020,16,Los Angeles Chargers,0.0,0.0002382340567139,0.0002382340567139,0.0002382340567139,0.0002382340567139
2020,16,Denver Broncos,0.0,0.004735,9.799522362087535e-06,0.004735,9.799522362087535e-06
2020,16,Buffalo Bills,0.0,0.007635,0.0159400817013658,0.007635,0.0159400817013658
2020,16,Green Bay Packers,0.024390243902439,0.036062,0.0646844273269637,0.0116717560975609,0.0402941834245246
2020,16,Carolina Panthers,0.0,0.0,0.0,0.0,0.0
2020,16,Atlanta Falcons,0.0,0.001963,0.0001193944476347,0.001963,0.0001193944476347
2020,16,Tampa Bay Buccaneers,0.0,0.01714,0.0262400940038047,0.01714,0.0262400940038047
2020,16,Baltimore Ravens,0.1097560975609756,0.217417,0.1826555246034832,0.1076609024390244,0.0728994270425076
2020,16,Jacksonville Jaguars,0.0,0.0001227100897957,0.0001227100897957,0.0001227100897957,0.0001227100897957
2020,16,Dallas Cowboys,0.0,9.5e-05,6.503127894598044e-05,9.5e-05,6.503127894598044e-05
2020,16,San Francisco 49ers,0.0121951219512195,0.045796,0.0170394231592782,0.0336008780487805,0.0048443012080586
2020,16,Indianapolis Colts,0.0,0.026377,0.0582989746169139,0.026377,0.0582989746169139
2020,16,Houston Texans,0.0,0.0002184569961362,0.0002184569961362,0.0002184569961362,0.0002184569961362
2020,16,Miami Dolphins,0.0,0.0,0.0,0.0,0.0
2020,16,New England Patriots,0.0,0.001857,0.0004733640955427,0.001857,0.0004733640955427
2020,16,Minnesota Vikings,0.0,0.0086,0.0015770194120606,0.0086,0.0015770194120606
2020,16,Chicago Bears,0.0,0.002204,0.0004372173883556,0.002204,0.0004372173883556
2020,16,Tennessee Titans,0.4024390243902439,0.180269,0.1701882359684774,0.2221700243902439,0.2322507884217665
2020,16,Detroit Lions,0.0,0.0001087781964896,0.0001087781964896,0.0001087781964896,0.0001087781964896
2020,16,Washington Commanders,0.0,0.003043,0.0002585491207458,0.003043,0.0002585491207458
2020,16,Seattle Seahawks,0.0,0.002529,0.0102149618208628,0.002529,0.0102149618208628
2020,16,Arizona Cardinals,0.1097560975609756,0.125461,0.0585005132845509,0.0157049024390243,0.0512555842764246
2020,16,Philadelphia Eagles,0.0,0.0,0.0,0.0,0.0
2020,16,Los Angeles Rams,0.0,0.182428,0.1951219512195122,0.182428,0.1951219512195122
2020,16,New York Jets,0.0,6.981788310462712e-06,6.981788310462712e-06,6.981788310462712e-06,6.981788310462712e-06
2020,16,New Orleans Saints,0.0,0.0002569870659996,0.0002569870659996,0.0002569870659996,0.0002569870659996
2020,16,Kansas City Chiefs,0.0,0.0009060055066633,0.0009060055066633,0.0009060055066633,0.0009060055066633
2020,16,New York Giants,0.0,0.002994,6.981788310462712e-06,0.002994,6.981788310462712e-06
2020,16,Cleveland Browns,0.0,0.023408,0.0372293625505493,0.023408,0.0372293625505493
2020,16,Cincinnati Bengals,0.0,0.004898,0.0001193944476347,0.004898,0.0001193944476347
2020,16,Pittsburgh Steelers,0.1463414634146341,0.075247,0.1463414634146341,0.0710944634146341,0.0
2020,17,New Orleans Saints,0.0377358490566037,0.017958,0.0377468506853292,0.019777849056603704,1.1001628725498813e-05
2020,17,Minnesota Vikings,0.0,1.2993859742818602e-05,1.2993859742818602e-05,1.2993859742818602e-05,1.2993859742818602e-05
2020,17,Detroit Lions,0.0,0.0,0.0,0.0,0.0
2020,17,Tampa Bay Buccaneers,0.1509433962264151,0.088398,0.0896642662167282,0.06254539622641508,0.06127913000968689
2020,17,Arizona Cardinals,0.0188679245283018,0.018354,0.0384711355488006,0.0005139245283018005,0.0196032110204988
2020,17,San Francisco 49ers,0.0,0.003163,3.041872469110892e-05,0.003163,3.041872469110892e-05
2020,17,Las Vegas Raiders,0.0,0.007558,0.001987066164987,0.007558,0.001987066164987
2020,17,Miami Dolphins,0.0,0.0,0.0,0.0,0.0
2020,17,Baltimore Ravens,0.1132075471698113,0.035293,0.0562764449255915,0.0779145471698113,0.056931102244219794
2020,17,New York Giants,0.0,3.454134615911817e-06,3.454134615911817e-06,3.454134615911817e-06,3.454134615911817e-06
2020,17,Houston Texans,0.0943396226415094,0.073671,0.1440625094872914,0.0206686226415094,0.04972288684578201
2020,17,Cincinnati Bengals,0.0,0.0001329752204558,0.0001329752204558,0.0001329752204558,0.0001329752204558
2020,17,Jacksonville Jaguars,0.0,0.0002444220696745,0.0002444220696745,0.0002444220696745,0.0002444220696745
2020,17,Chicago Bears,0.2075471698113207,0.547716,0.354089381122165,0.34016883018867927,0.14654221131084427
2020,17,Kansas City Chiefs,0.1509433962264151,0.081022,0.1507818658552023,0.06992139622641509,0.0001615303712127758
2020,17,Atlanta Falcons,0.0,3.329795471226072e-05,3.329795471226072e-05,3.329795471226072e-05,3.329795471226072e-05
2020,17,New York Jets,0.0,2.765251734414868e-05,2.765251734414868e-05,2.765251734414868e-05,2.765251734414868e-05
2020,17,Cleveland Browns,0.2264150943396226,0.096132,0.1070515166007143,0.1302830943396226,0.1193635777389083
2020,17,Pittsburgh Steelers,0.0,0.0,0.0,0.0,0.0
2020,17,Indianapolis Colts,0.0,0.0002225166638375,0.0002225166638375,0.0002225166638375,0.0002225166638375
2020,17,Los Angeles Chargers,0.0,0.0004558699444672,0.0004558699444672,0.0004558699444672,0.0004558699444672
2020,17,Denver Broncos,0.0,0.003943,0.0001918910602162,0.003943,0.0001918910602162
2020,17,Washington Commanders,0.0,0.007348,0.0016490635826623,0.007348,0.0016490635826623
2020,17,Carolina Panthers,0.0,0.003126,0.0027026164304902,0.003126,0.0027026164304902
2020,17,Dallas Cowboys,0.0,0.01194,4.5113899185423744e-05,0.01194,4.5113899185423744e-05
2020,17,Philadelphia Eagles,0.0,0.0030118724692386,0.0030118724692386,0.0030118724692386,0.0030118724692386
2020,17,Seattle Seahawks,0.0,0.0005282839323294,0.0005282839323294,0.0005282839323294,0.0005282839323294
2020,17,Los Angeles Rams,0.0,0.0,0.0,0.0,0.0
2020,17,Green Bay Packers,0.0,0.0021306132504233,0.0021306132504233,0.0021306132504233,0.0021306132504233
2020,17,Tennessee Titans,0.0,3.509445388750906e-05,3.509445388750906e-05,3.509445388750906e-05,3.509445388750906e-05
2020,17,New England Patriots,0.0,1.2993859742818602e-05,1.2993859742818602e-05,1.2993859742818602e-05,1.2993859742818602e-05
2020,17,Buffalo Bills,0.0,0.004378,0.0083978193654727,0.004378,0.0083978193654727
