contest,top_n,horizon,n_obs,mae_pct_points,spearman
big_splash,20,0,1,0.0293,0.92613
big_splash,30,0,1,0.0292,0.92264
big_splash,40,0,1,0.02879,0.92172
big_splash,50,0,1,0.02853,0.92429
big_splash,60,0,1,0.02894,0.92356
big_splash,all,0,1,0.02892,0.92429
circa,20,0,97,0.02251,0.7657
circa,20,1,89,0.02918,0.75212
circa,20,2,83,0.03015,0.7456
circa,20,3,78,0.03103,0.72802
circa,20,4,73,0.03302,0.71975
circa,20,5,68,0.03386,0.7156
circa,20,6,63,0.03494,0.70412
circa,20,7,58,0.03599,0.69369
circa,20,8,53,0.03833,0.67573
circa,20,9,48,0.03951,0.66766
circa,20,10,44,0.04096,0.65494
circa,20,11,39,0.04332,0.64667
circa,20,12,34,0.03852,0.62077
circa,20,13,29,0.03411,0.59221
circa,20,14,24,0.03819,0.58812
circa,20,15,19,0.04164,0.54622
circa,20,16,14,0.04757,0.54004
circa,20,17,10,0.03893,0.50615
circa,20,18,8,0.03106,0.47621
circa,20,19,4,0.02951,0.43818
circa,30,0,97,0.02278,0.76551
circa,30,1,89,0.02999,0.75207
circa,30,2,83,0.03078,0.74537
circa,30,3,78,0.03131,0.72545
circa,30,4,73,0.03355,0.72067
circa,30,5,68,0.03538,0.71311
circa,30,6,63,0.03585,0.70387
circa,30,7,58,0.03714,0.6948
circa,30,8,53,0.03909,0.67699
circa,30,9,48,0.04092,0.66892
circa,30,10,44,0.04283,0.65316
circa,30,11,39,0.04539,0.64053
circa,30,12,34,0.03938,0.61794
circa,30,13,29,0.03488,0.59225
circa,30,14,24,0.03895,0.57599
circa,30,15,19,0.04273,0.52698
circa,30,16,14,0.04934,0.52575
circa,30,17,10,0.04038,0.48135
circa,30,18,8,0.03201,0.4681
circa,30,19,4,0.02986,0.42895
circa,40,0,97,0.0226,0.76553
circa,40,1,89,0.0305,0.74865
circa,40,2,83,0.03128,0.74509
circa,40,3,78,0.03176,0.72652
circa,40,4,73,0.03358,0.71674
circa,40,5,68,0.03554,0.71
circa,40,6,63,0.03608,0.70187
circa,40,7,58,0.03699,0.69425
circa,40,8,53,0.03928,0.67779
circa,40,9,48,0.04085,0.66541
circa,40,10,44,0.04262,0.65113
circa,40,11,39,0.04522,0.63801
circa,40,12,34,0.03863,0.61444
circa,40,13,29,0.03486,0.59112
circa,40,14,24,0.03878,0.58181
circa,40,15,19,0.0425,0.53199
circa,40,16,14,0.04863,0.52471
circa,40,17,10,0.03961,0.48813
circa,40,18,8,0.03184,0.47397
circa,40,19,4,0.02997,0.43078
circa,50,0,97,0.02256,0.76598
circa,50,1,89,0.03062,0.74933
circa,50,2,83,0.03147,0.7434
circa,50,3,78,0.03203,0.72662
circa,50,4,73,0.0339,0.71805
circa,50,5,68,0.03593,0.70972
circa,50,6,63,0.03631,0.70012
circa,50,7,58,0.03782,0.69278
circa,50,8,53,0.03977,0.67727
circa,50,9,48,0.04175,0.66762
circa,50,10,44,0.04271,0.65204
circa,50,11,39,0.04579,0.63725
circa,50,12,34,0.03843,0.61555
circa,50,13,29,0.035,0.59007
circa,50,14,24,0.03904,0.576
circa,50,15,19,0.04286,0.53381
circa,50,16,14,0.0487,0.51767
circa,50,17,10,0.04037,0.48743
circa,50,18,8,0.03207,0.47541
circa,50,19,4,0.03002,0.43078
circa,60,0,97,0.02259,0.76598
circa,60,1,89,0.03053,0.7473
circa,60,2,83,0.03137,0.74428
circa,60,3,78,0.03197,0.72241
circa,60,4,73,0.03401,0.71676
circa,60,5,68,0.0358,0.71164
circa,60,6,63,0.03626,0.70244
circa,60,7,58,0.03748,0.69255
circa,60,8,53,0.03946,0.67718
circa,60,9,48,0.04143,0.66802
circa,60,10,44,0.04276,0.65343
circa,60,11,39,0.04603,0.63702
circa,60,12,34,0.03893,0.61482
circa,60,13,29,0.03492,0.58624
circa,60,14,24,0.03891,0.57763
circa,60,15,19,0.04303,0.53368
circa,60,16,14,0.04865,0.52363
circa,60,17,10,0.04044,0.48699
circa,60,18,8,0.03225,0.47064
circa,60,19,4,0.03008,0.43204
circa,all,0,97,0.02258,0.76608
circa,all,1,89,0.03037,0.74775
circa,all,2,83,0.03127,0.74462
circa,all,3,78,0.03213,0.72434
circa,all,4,73,0.03409,0.71952
circa,all,5,68,0.03575,0.71045
circa,all,6,63,0.03638,0.70202
circa,all,7,58,0.03751,0.69369
circa,all,8,53,0.03944,0.67999
circa,all,9,48,0.04131,0.66817
circa,all,10,44,0.0428,0.65574
circa,all,11,39,0.04596,0.63767
circa,all,12,34,0.03858,0.61778
circa,all,13,29,0.03483,0.59206
circa,all,14,24,0.03898,0.58041
circa,all,15,19,0.04292,0.5234
circa,all,16,14,0.04862,0.52817
circa,all,17,10,0.04046,0.49385
circa,all,18,8,0.0321,0.47158
circa,all,19,4,0.03009,0.43146
world_championship,20,0,1,0.02066,0.85459
world_championship,30,0,1,0.02053,0.86239
world_championship,40,0,1,0.0206,0.86395
world_championship,50,0,1,0.02055,0.8621
world_championship,60,0,1,0.02077,0.8621
world_championship,all,0,1,0.02097,0.86395
